5.00000000e+12 5.34032327e-09
7.65408505e+12 1.22796908e-08
1.03081701e+13 2.18507185e-08
1.29622551e+13 3.39617152e-08
1.56163402e+13 4.84916742e-08
1.82704252e+13 6.55613034e-08
2.09245103e+13 8.49646208e-08
2.35785953e+13 1.06727510e-07
2.62326804e+13 1.30831009e-07
2.88867654e+13 1.57257817e-07
3.15408505e+13 1.85962486e-07
3.41949355e+13 2.16993443e-07
3.68490205e+13 2.50280619e-07
3.95031056e+13 2.85827281e-07
4.21571906e+13 3.23669591e-07
4.48112757e+13 3.63706531e-07
4.74653607e+13 4.05981685e-07
5.01194458e+13 4.50471371e-07
5.27735308e+13 4.97262409e-07
5.54276159e+13 5.46175010e-07
5.80817009e+13 5.97285022e-07
6.07357860e+13 6.50550400e-07
6.33898710e+13 7.05858230e-07
6.60439560e+13 7.63347847e-07
6.86980411e+13 8.23161977e-07
7.13521261e+13 8.84998093e-07
7.40062112e+13 9.86469636e-07
7.66602962e+13 1.01511897e-06
7.93143813e+13 1.08342308e-06
8.19684663e+13 1.15386904e-06
8.46225514e+13 1.22642787e-06
8.72766364e+13 1.30113750e-06
8.99307215e+13 1.37797950e-06
9.25848065e+13 1.45717313e-06
9.52388915e+13 1.53824532e-06
9.78929766e+13 1.62141273e-06
1.00547062e+14 1.70669996e-06
1.03201147e+14 1.79409259e-06
1.05855232e+14 1.88356171e-06
1.08509317e+14 1.97513490e-06
1.11163402e+14 2.06882339e-06
1.13817487e+14 2.16455804e-06
1.16471572e+14 2.26236335e-06
1.19125657e+14 2.36224980e-06
1.21779742e+14 2.46419801e-06
1.24433827e+14 2.56819665e-06
1.27087912e+14 2.67425477e-06
1.29741997e+14 2.78235593e-06
1.32396082e+14 2.89217971e-06
1.35050167e+14 3.00430867e-06
1.37704252e+14 3.11845667e-06
1.40358337e+14 3.23462449e-06
1.43012422e+14 3.35282480e-06
1.45666507e+14 3.47298863e-06
1.48320592e+14 3.59525443e-06
1.50974677e+14 3.71949592e-06
1.53628763e+14 3.84569927e-06
1.56282848e+14 3.97394326e-06
1.58936933e+14 4.10415293e-06
1.61591018e+14 4.23633916e-06
1.64245103e+14 4.37049025e-06
1.66899188e+14 4.50661940e-06
1.69553273e+14 4.64472547e-06
1.72207358e+14 4.78482020e-06
1.74861443e+14 4.92685085e-06
1.77515528e+14 5.07087137e-06
1.80169613e+14 5.21678521e-06
1.82823698e+14 5.36472951e-06
1.85477783e+14 5.51453471e-06
1.88131868e+14 5.66623427e-06
1.90785953e+14 5.81995582e-06
1.93440038e+14 5.97560309e-06
1.96094123e+14 6.13312890e-06
1.98748208e+14 6.29258155e-06
2.01402293e+14 6.43473345e-06
2.04056378e+14 6.61720048e-06
2.06710463e+14 6.77215463e-06
2.09364548e+14 6.93881483e-06
2.12018634e+14 7.10732718e-06
2.14672719e+14 7.27760510e-06
2.17326804e+14 7.44981624e-06
2.19980889e+14 7.62391020e-06
2.22634974e+14 7.79988776e-06
2.25289059e+14 7.97770394e-06
2.27943144e+14 8.15747526e-06
2.30597229e+14 8.33897127e-06
2.33251314e+14 8.52236177e-06
2.35905399e+14 8.70746349e-06
2.38559484e+14 8.89454935e-06
2.41213569e+14 9.08331211e-06
2.43867654e+14 9.27407738e-06
2.46521739e+14 9.46668198e-06
2.49175824e+14 9.66107288e-06
2.51829909e+14 9.85729313e-06
2.54483994e+14 1.00552430e-05
2.57138079e+14 1.02550591e-05
2.59792164e+14 1.04566424e-05
2.62446249e+14 1.06600767e-05
2.65100334e+14 1.08652098e-05
2.67754419e+14 1.10721207e-05
2.70408505e+14 1.12787768e-05
2.73062590e+14 1.14893147e-05
2.75716675e+14 1.17014011e-05
2.78370760e+14 1.19153842e-05
2.81024845e+14 1.21311695e-05
2.83678930e+14 1.23486885e-05
2.86333015e+14 1.25679581e-05
2.88987100e+14 1.27889256e-05
2.91641185e+14 1.30116155e-05
2.94295270e+14 1.32343388e-05
2.96949355e+14 1.34527293e-05
2.99603440e+14 1.36901490e-05
3.02257525e+14 1.39248907e-05
3.04911610e+14 1.41568251e-05
3.07565695e+14 1.43902836e-05
3.10219780e+14 1.46255541e-05
3.12873865e+14 1.48626323e-05
3.15527950e+14 1.51012788e-05
3.18182035e+14 1.53416641e-05
3.20836120e+14 1.55838546e-05
3.23490205e+14 1.58275335e-05
3.26144290e+14 1.60731377e-05
3.28798376e+14 1.63202252e-05
3.31452461e+14 1.65690597e-05
3.34106546e+14 1.68194601e-05
3.36760631e+14 1.70716648e-05
3.39414716e+14 1.73255586e-05
3.42068801e+14 1.75811092e-05
3.44722886e+14 1.78381733e-05
3.47376971e+14 1.80971664e-05
3.50031056e+14 1.83575504e-05
3.52685141e+14 1.86195841e-05
3.55339226e+14 1.88833822e-05
3.57993311e+14 1.91487787e-05
3.60647396e+14 1.94158893e-05
3.63301481e+14 1.96841529e-05
3.65955566e+14 1.97753749e-05
3.68609651e+14 2.00438041e-05
3.71263736e+14 2.03140048e-05
3.73917821e+14 2.05858404e-05
3.76571906e+14 2.08591340e-05
3.79225991e+14 2.11340152e-05
3.81880076e+14 2.14105224e-05
3.84534161e+14 2.16868544e-05
3.87188247e+14 2.19662368e-05
3.89842332e+14 2.22473526e-05
3.92496417e+14 2.25299250e-05
3.95150502e+14 2.28140731e-05
3.97804587e+14 2.30997789e-05
4.00458672e+14 2.33870226e-05
4.03112757e+14 2.36755357e-05
4.05766842e+14 2.39658529e-05
4.08420927e+14 2.42576107e-05
4.11075012e+14 2.45508086e-05
4.13729097e+14 2.48455801e-05
4.16383182e+14 2.51418824e-05
4.19037267e+14 2.54396651e-05
4.21691352e+14 2.57389279e-05
4.24345437e+14 2.60266223e-05
4.26999522e+14 2.63420345e-05
4.29653607e+14 2.66457351e-05
4.32307692e+14 2.69508661e-05
4.34961777e+14 2.64668873e-05
4.37615862e+14 2.75654669e-05
4.40269947e+14 2.78747744e-05
4.42924032e+14 2.81851132e-05
4.45578118e+14 2.84965221e-05
4.48232203e+14 2.88052001e-05
4.50886288e+14 2.91150787e-05
4.53540373e+14 2.93788702e-05
4.56194458e+14 2.71424161e-05
4.58848543e+14 2.99190591e-05
4.61502628e+14 3.03806134e-05
4.64156713e+14 3.07187040e-05
4.66810798e+14 3.10467942e-05
4.69464883e+14 3.13739360e-05
4.72118968e+14 3.17016913e-05
4.74773053e+14 3.20308011e-05
4.77427138e+14 3.23608323e-05
4.80081223e+14 3.26920691e-05
4.82735308e+14 3.30245853e-05
4.85389393e+14 3.33585297e-05
4.88043478e+14 3.36938203e-05
4.90697563e+14 3.40303570e-05
4.93351648e+14 3.43610865e-05
4.96005733e+14 3.47079111e-05
4.98659818e+14 3.50487131e-05
5.01313903e+14 3.53908450e-05
5.03967989e+14 3.57344485e-05
5.06622074e+14 3.60792976e-05
5.09276159e+14 3.64254313e-05
5.11930244e+14 3.67733379e-05
5.14584329e+14 3.71221172e-05
5.17238414e+14 3.74725777e-05
5.19892499e+14 3.78242187e-05
5.22546584e+14 3.81773650e-05
5.25200669e+14 3.85316721e-05
5.27854754e+14 3.88317198e-05
5.30508839e+14 3.91883149e-05
5.33162924e+14 3.95458427e-05
5.35817009e+14 3.99046852e-05
5.38471094e+14 4.02648348e-05
5.41125179e+14 4.06263017e-05
5.43779264e+14 4.09890814e-05
5.46433349e+14 4.13533077e-05
5.49087434e+14 4.17187416e-05
5.51741519e+14 4.20535538e-05
5.54395604e+14 4.16320525e-05
5.57049689e+14 4.28209230e-05
5.59703774e+14 4.31931325e-05
5.62357860e+14 4.35650465e-05
5.65011945e+14 4.39380383e-05
5.67666030e+14 4.43127385e-05
5.70320115e+14 4.46880996e-05
5.72974200e+14 4.50650428e-05
5.75628285e+14 4.54432688e-05
5.78282370e+14 4.58223863e-05
5.80936455e+14 4.62032545e-05
5.83590540e+14 4.65850816e-05
5.86244625e+14 4.69685247e-05
5.88898710e+14 4.73525476e-05
5.91552795e+14 4.77376523e-05
5.94206880e+14 4.81223064e-05
5.96860965e+14 4.85084240e-05
5.99515050e+14 4.88976409e-05
6.02169135e+14 4.92848618e-05
6.04823220e+14 4.96714904e-05
6.07477305e+14 5.00509929e-05
6.10131390e+14 5.04096162e-05
6.12785475e+14 5.06166855e-05
6.15439560e+14 4.81578075e-05
6.18093645e+14 4.99754425e-05
6.20747731e+14 5.18657171e-05
6.23401816e+14 5.24007809e-05
6.26055901e+14 5.28344437e-05
6.28709986e+14 5.32486159e-05
6.31364071e+14 5.36558383e-05
6.34018156e+14 5.40610231e-05
6.36672241e+14 5.44429811e-05
6.39326326e+14 5.08072259e-05
6.41980411e+14 5.52378401e-05
6.44634496e+14 5.56950828e-05
6.47288581e+14 5.61117790e-05
6.49942666e+14 5.65250218e-05
6.52596751e+14 5.69388178e-05
6.55250836e+14 5.73530946e-05
6.57904921e+14 5.76592428e-05
6.60559006e+14 5.66465308e-05
6.63213091e+14 5.85890075e-05
6.65867176e+14 5.90186509e-05
6.68521261e+14 5.94367758e-05
6.71175346e+14 5.98195062e-05
6.73829431e+14 6.02746220e-05
6.76483516e+14 6.06928161e-05
6.79137602e+14 6.11065070e-05
6.81791687e+14 6.15059286e-05
6.84445772e+14 6.18621639e-05
6.87099857e+14 6.19208545e-05
6.89753942e+14 5.59918466e-05
6.92408027e+14 6.13607254e-05
6.95062112e+14 6.34268426e-05
6.97716197e+14 6.40450442e-05
7.00370282e+14 6.45228010e-05
7.03024367e+14 6.49755455e-05
7.05678452e+14 6.54184459e-05
7.08332537e+14 6.58578430e-05
7.10986622e+14 6.62054137e-05
7.13640707e+14 6.25499853e-05
7.16294792e+14 6.70844624e-05
7.18948877e+14 6.75945742e-05
7.21602962e+14 6.80034292e-05
7.24257047e+14 6.83679743e-05
7.26911132e+14 6.84441014e-05
7.29565217e+14 6.40364223e-05
7.32219302e+14 6.63696150e-05
7.34873387e+14 6.98437909e-05
7.37527473e+14 7.06027213e-05
7.40181558e+14 7.11038482e-05
7.42835643e+14 7.12371219e-05
7.45489728e+14 7.13166784e-05
7.48143813e+14 7.23580520e-05
7.50797898e+14 7.24966797e-05
7.53451983e+14 6.94468177e-05
7.56106068e+14 6.84314962e-05
7.58760153e+14 7.36911039e-05
7.61414238e+14 7.45388739e-05
7.64068323e+14 7.42638643e-05
7.66722408e+14 7.50590002e-05
7.69376493e+14 7.12051716e-05
7.72030578e+14 7.21225230e-05
7.74684663e+14 7.63030701e-05
7.77338748e+14 6.82823587e-05
7.79992833e+14 7.19366135e-05
7.82646918e+14 7.37979643e-05
7.85301003e+14 7.47502243e-05
7.87955088e+14 7.55625098e-05
7.90609173e+14 7.62714419e-05
7.93263258e+14 7.69810660e-05
7.95917344e+14 7.76077569e-05
7.98571429e+14 7.81221179e-05
8.01225514e+14 7.84864537e-05
8.03879599e+14 7.85499406e-05
8.06533684e+14 7.84121126e-05
8.09187769e+14 7.83807883e-05
8.11841854e+14 7.85569960e-05
8.14495939e+14 7.89424037e-05
8.17150024e+14 7.94366201e-05
8.19804109e+14 7.99745732e-05
8.22458194e+14 8.02809360e-05
8.25112279e+14 8.07296727e-05
8.27766364e+14 8.11780776e-05
8.30420449e+14 8.16272759e-05
8.33074534e+14 8.20762606e-05
8.35728619e+14 8.25280829e-05
8.38382704e+14 8.29779746e-05
8.41036789e+14 8.34307894e-05
8.43690874e+14 8.38853357e-05
8.46344959e+14 8.43371465e-05
8.48999044e+14 8.47929572e-05
8.51653129e+14 8.52475276e-05
8.54307215e+14 8.57030863e-05
8.56961300e+14 8.61609480e-05
8.59615385e+14 8.66197823e-05
8.62269470e+14 8.70771565e-05
8.64923555e+14 8.75370378e-05
8.67577640e+14 8.79953047e-05
8.70231725e+14 8.84557131e-05
8.72885810e+14 8.89195783e-05
8.75539895e+14 8.93818614e-05
8.78193980e+14 8.97731661e-05
8.80848065e+14 9.02364553e-05
8.83502150e+14 9.06992689e-05
8.86156235e+14 9.11647566e-05
8.88810320e+14 9.16305412e-05
8.91464405e+14 9.20960489e-05
8.94118490e+14 9.25629922e-05
8.96772575e+14 9.30321791e-05
8.99426660e+14 9.34991021e-05
9.02080745e+14 9.39683916e-05
9.04734830e+14 9.44396550e-05
9.07388915e+14 9.49091976e-05
9.10043000e+14 9.53810144e-05
9.12697086e+14 9.58535720e-05
9.15351171e+14 9.63259237e-05
9.18005256e+14 9.67983719e-05
9.20659341e+14 9.72729057e-05
9.23313426e+14 9.77482152e-05
9.25967511e+14 9.82200992e-05
9.28621596e+14 9.86805370e-05
9.31275681e+14 9.91204508e-05
9.33929766e+14 9.90592741e-05
9.36583851e+14 9.79078481e-05
9.39237936e+14 1.00501302e-04
9.41892021e+14 1.01064367e-04
9.44546106e+14 1.01564307e-04
9.47200191e+14 1.02051414e-04
9.49854276e+14 1.02533044e-04
9.52508361e+14 1.03015253e-04
9.55162446e+14 1.03498126e-04
9.57816531e+14 1.03980844e-04
9.60470616e+14 1.04459984e-04
9.63124701e+14 1.04943816e-04
9.65778786e+14 1.05430168e-04
9.68432871e+14 1.05916877e-04
9.71086957e+14 1.06402504e-04
9.73741042e+14 1.06890264e-04
9.76395127e+14 1.07377647e-04
9.79049212e+14 1.07867104e-04
9.81703297e+14 1.08356206e-04
9.84357382e+14 1.08846433e-04
9.87011467e+14 1.09336647e-04
9.89665552e+14 1.09827117e-04
9.92319637e+14 1.10318975e-04
9.94973722e+14 1.10811986e-04
9.97627807e+14 1.11303908e-04
1.00028189e+15 1.11798127e-04
1.00293598e+15 1.12292913e-04
1.00559006e+15 1.12786436e-04
1.00824415e+15 1.13282304e-04
1.01089823e+15 1.13778112e-04
1.01355232e+15 1.14274744e-04
1.01620640e+15 1.14772319e-04
1.01886049e+15 1.15270503e-04
1.02151457e+15 1.15768037e-04
1.02416866e+15 1.16267432e-04
1.02682274e+15 1.16767271e-04
1.02947683e+15 1.17267132e-04
1.03213091e+15 1.17768436e-04
1.03478500e+15 1.18268669e-04
1.03743908e+15 1.18770659e-04
1.04009317e+15 1.19273553e-04
1.04274725e+15 1.19776009e-04
1.04540134e+15 1.20280835e-04
1.04805542e+15 1.20784313e-04
1.05070951e+15 1.21288820e-04
1.05336359e+15 1.21792998e-04
1.05601768e+15 1.22298764e-04
1.05867176e+15 1.22805994e-04
1.06132585e+15 1.17866749e-04
1.06397993e+15 1.23820019e-04
1.06663402e+15 1.24327707e-04
1.06928810e+15 1.24836109e-04
1.07194219e+15 1.25347161e-04
1.07459627e+15 1.25854784e-04
1.07725036e+15 1.26365574e-04
1.07990444e+15 1.26876863e-04
1.08255853e+15 1.27387755e-04
1.08521261e+15 1.27893945e-04
1.08786670e+15 1.28391419e-04
1.09052078e+15 1.28869869e-04
1.09317487e+15 1.29186212e-04
1.09582895e+15 1.21542671e-04
1.09848304e+15 1.29618161e-04
1.10113712e+15 1.30871970e-04
1.10379121e+15 1.31460167e-04
1.10644529e+15 1.32000708e-04
1.10909938e+15 1.32527472e-04
1.11175346e+15 1.33045536e-04
1.11440755e+15 1.33563298e-04
1.11706163e+15 1.34081494e-04
1.11971572e+15 1.34599970e-04
1.12236980e+15 1.35119252e-04
1.12502389e+15 1.35637320e-04
1.12767797e+15 1.36157734e-04
1.13033206e+15 1.36678455e-04
1.13298614e+15 1.37199426e-04
1.13564023e+15 1.37721238e-04
1.13829431e+15 1.38242540e-04
1.14094840e+15 1.38764158e-04
1.14360248e+15 1.39287743e-04
1.14625657e+15 1.39809495e-04
1.14891065e+15 1.40333984e-04
1.15156474e+15 1.40857783e-04
1.15421882e+15 1.41346665e-04
1.15687291e+15 1.41871020e-04
1.15952699e+15 1.42396870e-04
1.16218108e+15 1.42921954e-04
1.16483516e+15 1.43448309e-04
1.16748925e+15 1.43975572e-04
1.17014333e+15 1.44502416e-04
1.17279742e+15 1.45028950e-04
1.17545151e+15 1.45557746e-04
1.17810559e+15 1.46085270e-04
1.18075968e+15 1.46610625e-04
1.18341376e+15 1.47124227e-04
1.18606785e+15 1.47621628e-04
1.18872193e+15 1.48046786e-04
1.19137602e+15 1.47498815e-04
1.19403010e+15 1.34433691e-04
1.19668419e+15 1.49398610e-04
1.19933827e+15 1.50272372e-04
1.20199236e+15 1.50863308e-04
1.20464644e+15 1.51422763e-04
1.20730053e+15 1.51966151e-04
1.20995461e+15 1.52500832e-04
1.21260870e+15 1.53037258e-04
1.21526278e+15 1.53571314e-04
1.21791687e+15 1.54107214e-04
1.22057095e+15 1.54644280e-04
1.22322504e+15 1.55180034e-04
1.22587912e+15 1.55716044e-04
1.22853321e+15 1.56252184e-04
1.23118729e+15 1.56791311e-04
1.23384138e+15 1.57326834e-04
1.23649546e+15 1.57865931e-04
1.23914955e+15 1.58404177e-04
1.24180363e+15 1.58941979e-04
1.24445772e+15 1.59470983e-04
1.24711180e+15 1.59984976e-04
1.24976589e+15 1.60478447e-04
1.25241997e+15 1.60780365e-04
1.25507406e+15 1.55934631e-04
1.25772814e+15 1.57057123e-04
1.26038223e+15 1.62403836e-04
1.26303631e+15 1.63180967e-04
1.26569040e+15 1.63770378e-04
1.26834448e+15 1.64341857e-04
1.27099857e+15 1.64895034e-04
1.27365265e+15 1.65440567e-04
1.27630674e+15 1.65984389e-04
1.27896082e+15 1.66527726e-04
1.28161491e+15 1.67072879e-04
1.28426899e+15 1.67618034e-04
1.28692308e+15 1.68162035e-04
1.28957716e+15 1.68708421e-04
1.29223125e+15 1.69237247e-04
1.29488533e+15 1.69537146e-04
1.29753942e+15 1.67400982e-04
1.30019350e+15 1.54975768e-04
1.30284759e+15 1.70822416e-04
1.30550167e+15 1.71892884e-04
1.30815576e+15 1.72534795e-04
1.31080984e+15 1.73083906e-04
1.31346393e+15 1.73632961e-04
1.31611801e+15 1.74181076e-04
1.31877210e+15 1.74732305e-04
1.32142618e+15 1.75279645e-04
1.32408027e+15 1.75757178e-04
1.32673435e+15 1.75814509e-04
1.32938844e+15 1.66958256e-04
1.33204252e+15 1.72990213e-04
1.33469661e+15 1.77650449e-04
1.33735069e+15 1.78548985e-04
1.34000478e+15 1.79135237e-04
1.34265886e+15 1.79688344e-04
1.34531295e+15 1.80229225e-04
1.34796703e+15 1.80549227e-04
1.35062112e+15 1.79360238e-04
1.35327520e+15 1.59265063e-04
1.35592929e+15 1.80645383e-04
1.35858337e+15 1.82771673e-04
1.36123746e+15 1.83551841e-04
1.36389154e+15 1.84046084e-04
1.36654563e+15 1.84019650e-04
1.36919971e+15 1.79868310e-04
1.37185380e+15 1.79786220e-04
1.37450788e+15 1.85609916e-04
1.37716197e+15 1.86741405e-04
1.37981605e+15 1.86797717e-04
1.38247014e+15 1.84054147e-04
1.38512422e+15 1.82043294e-04
1.38777831e+15 1.88124522e-04
1.39043239e+15 1.89050350e-04
1.39308648e+15 1.87138087e-04
1.39574056e+15 1.85185606e-04
1.39839465e+15 1.90582871e-04
1.40104873e+15 1.90969992e-04
1.40370282e+15 1.86524313e-04
1.40635690e+15 1.92815300e-04
1.40901099e+15 1.91400639e-04
1.41166507e+15 1.91299166e-04
1.41431916e+15 1.93775528e-04
1.41697324e+15 1.92676372e-04
1.41962733e+15 1.94834892e-04
1.42228141e+15 1.94933407e-04
1.42493550e+15 1.96068319e-04
1.42758958e+15 1.96974850e-04
1.43024367e+15 1.97847366e-04
1.43289775e+15 1.98626913e-04
1.43555184e+15 1.99187521e-04
1.43820592e+15 1.99749162e-04
1.44086001e+15 2.00310534e-04
1.44351409e+15 2.00873534e-04
1.44616818e+15 2.01436662e-04
1.44882226e+15 2.01998089e-04
1.45147635e+15 2.02561751e-04
1.45413043e+15 2.03124087e-04
1.45678452e+15 2.03687311e-04
1.45943860e+15 2.04250223e-04
1.46209269e+15 2.00704864e-04
1.46474677e+15 2.01254127e-04
1.46740086e+15 2.01803089e-04
1.47005495e+15 2.02352568e-04
1.47270903e+15 2.02900296e-04
1.47536312e+15 2.03451408e-04
1.47801720e+15 2.04000764e-04
1.48067129e+15 2.04551415e-04
1.48332537e+15 2.05100942e-04
1.48597946e+15 2.05651575e-04
1.48863354e+15 2.06202525e-04
1.49128763e+15 2.06753631e-04
1.49394171e+15 2.07303380e-04
1.49659580e+15 2.07855125e-04
1.49924988e+15 2.08407529e-04
1.50190397e+15 2.08957807e-04
1.50455805e+15 2.09511076e-04
1.50721214e+15 2.10061953e-04
1.50986622e+15 2.10613907e-04
1.51252031e+15 2.11166272e-04
1.51517439e+15 2.11717552e-04
1.51782848e+15 2.12270109e-04
1.52048256e+15 2.12822321e-04
1.52313665e+15 2.13376330e-04
1.52579073e+15 2.13928853e-04
1.52844482e+15 2.14480742e-04
1.53109890e+15 2.15036173e-04
1.53375299e+15 2.15588203e-04
1.53640707e+15 2.16142090e-04
1.53906116e+15 2.16696066e-04
1.54171524e+15 2.17248866e-04
1.54436933e+15 2.17803127e-04
1.54702341e+15 2.18357894e-04
1.54967750e+15 2.18911690e-04
1.55233158e+15 2.19466117e-04
1.55498567e+15 2.20020445e-04
1.55763975e+15 2.20575795e-04
1.56029384e+15 2.21130849e-04
1.56294792e+15 2.21685221e-04
1.56560201e+15 2.22241264e-04
1.56825609e+15 2.22794677e-04
1.57091018e+15 2.23351295e-04
1.57356426e+15 2.23906712e-04
1.57621835e+15 2.24462526e-04
1.57887243e+15 2.25016862e-04
1.58152652e+15 2.25574185e-04
1.58418060e+15 2.26129867e-04
1.58683469e+15 2.26685963e-04
1.58948877e+15 2.27241349e-04
1.59214286e+15 2.27798620e-04
1.59479694e+15 2.28353784e-04
1.59745103e+15 2.28911344e-04
1.60010511e+15 2.29466233e-04
1.60275920e+15 2.30023869e-04
1.60541328e+15 2.30580293e-04
1.60806737e+15 2.31137576e-04
1.61072145e+15 2.31695077e-04
1.61337554e+15 2.32252368e-04
1.61602962e+15 2.32808553e-04
1.61868371e+15 2.33365383e-04
1.62133779e+15 2.33922565e-04
1.62399188e+15 2.34481419e-04
1.62664596e+15 2.35037766e-04
1.62930005e+15 2.35596426e-04
1.63195413e+15 2.36152240e-04
1.63460822e+15 2.36710894e-04
1.63726230e+15 2.37269317e-04
1.63991639e+15 2.37827374e-04
1.64257047e+15 2.38386341e-04
1.64522456e+15 2.38944174e-04
1.64787864e+15 2.39501968e-04
1.65053273e+15 2.40060005e-04
1.65318681e+15 2.40617915e-04
1.65584090e+15 2.41178390e-04
1.65849498e+15 2.41735041e-04
1.66114907e+15 2.42294256e-04
1.66380315e+15 2.42852882e-04
1.66645724e+15 2.43410619e-04
1.66911132e+15 2.43970498e-04
1.67176541e+15 2.44528556e-04
1.67441949e+15 2.45087837e-04
1.67707358e+15 2.45646550e-04
1.67972766e+15 2.46205092e-04
1.68238175e+15 2.46765310e-04
1.68503583e+15 2.47324269e-04
1.68768992e+15 2.47883011e-04
1.69034400e+15 2.48443108e-04
1.69299809e+15 2.49001085e-04
1.69565217e+15 2.49561701e-04
1.69830626e+15 2.50121389e-04
1.70096034e+15 2.50680080e-04
1.70361443e+15 2.51239407e-04
1.70626851e+15 2.51798679e-04
1.70892260e+15 2.52358532e-04
1.71157668e+15 2.52917469e-04
1.71423077e+15 2.53477136e-04
1.71688485e+15 2.54038077e-04
1.71953894e+15 2.54597533e-04
1.72219302e+15 2.55156127e-04
1.72484711e+15 2.55717604e-04
1.72750119e+15 2.56276057e-04
1.73015528e+15 2.56837329e-04
1.73280936e+15 2.57396175e-04
1.73546345e+15 2.57956432e-04
1.73811753e+15 2.58517037e-04
1.74077162e+15 2.59074963e-04
1.74342570e+15 2.59635638e-04
1.74607979e+15 2.60195576e-04
1.74873387e+15 2.60756040e-04
1.75138796e+15 2.61315482e-04
1.75404204e+15 2.61877512e-04
1.75669613e+15 2.62436510e-04
1.75935022e+15 2.62996529e-04
1.76200430e+15 2.63555451e-04
1.76465839e+15 2.64116574e-04
1.76731247e+15 2.64675765e-04
1.76996656e+15 2.65237193e-04
1.77262064e+15 2.65795449e-04
1.77527473e+15 2.66357632e-04
1.77792881e+15 2.66917412e-04
1.78058290e+15 2.67476581e-04
1.78323698e+15 2.68036122e-04
1.78589107e+15 2.68596111e-04
1.78854515e+15 2.69155431e-04
1.79119924e+15 2.69712586e-04
1.79385332e+15 2.70267643e-04
1.79650741e+15 2.70823486e-04
1.79916149e+15 2.71377463e-04
1.80181558e+15 2.71928660e-04
1.80446966e+15 2.72478537e-04
1.80712375e+15 2.73027209e-04
1.80977783e+15 2.73568880e-04
1.81243192e+15 2.74088935e-04
1.81508600e+15 2.74571649e-04
1.81774009e+15 2.74992622e-04
1.82039417e+15 2.75142004e-04
1.82304826e+15 2.74199933e-04
1.82570234e+15 2.60797400e-04
1.82835643e+15 2.38012971e-04
1.83101051e+15 2.74253011e-04
1.83366460e+15 2.77603563e-04
1.83631868e+15 2.78817136e-04
1.83897277e+15 2.79557553e-04
1.84162685e+15 2.80219011e-04
1.84428094e+15 2.80827980e-04
1.84693502e+15 2.81414181e-04
1.84958911e+15 2.81988166e-04
1.85224319e+15 2.82559014e-04
1.85489728e+15 2.83128009e-04
1.85755136e+15 2.83693714e-04
1.86020545e+15 2.84262293e-04
1.86285953e+15 2.84826674e-04
1.86551362e+15 2.85391713e-04
1.86816770e+15 2.85951682e-04
1.87082179e+15 2.86512118e-04
1.87347587e+15 2.87071409e-04
1.87612996e+15 2.87630284e-04
1.87878404e+15 2.88189934e-04
1.88143813e+15 2.88747811e-04
1.88409221e+15 2.89308153e-04
1.88674630e+15 2.89866231e-04
1.88940038e+15 2.90425189e-04
1.89205447e+15 2.90983660e-04
1.89470855e+15 2.91542550e-04
1.89736264e+15 2.92102876e-04
1.90001672e+15 2.92659119e-04
1.90267081e+15 2.93219658e-04
1.90532489e+15 2.93778887e-04
1.90797898e+15 2.94335928e-04
1.91063306e+15 2.94894613e-04
1.91328715e+15 2.95452770e-04
1.91594123e+15 2.96011638e-04
1.91859532e+15 2.96569587e-04
1.92124940e+15 2.97127534e-04
1.92390349e+15 2.97685350e-04
1.92655757e+15 2.98243563e-04
1.92921166e+15 2.98801635e-04
1.93186574e+15 2.99359726e-04
1.93451983e+15 2.99916930e-04
1.93717391e+15 3.00475896e-04
1.93982800e+15 3.01032547e-04
1.94248208e+15 3.01591635e-04
1.94513617e+15 3.02147436e-04
1.94779025e+15 3.02706057e-04
1.95044434e+15 3.03261157e-04
1.95309842e+15 3.03819611e-04
1.95575251e+15 3.04377516e-04
1.95840659e+15 3.04934244e-04
1.96106068e+15 3.05491174e-04
1.96371476e+15 3.06046892e-04
1.96636885e+15 3.06603866e-04
1.96902293e+15 3.07161353e-04
1.97167702e+15 3.07717853e-04
1.97433110e+15 3.08274099e-04
1.97698519e+15 3.08831334e-04
1.97963927e+15 3.09387130e-04
1.98229336e+15 3.09942411e-04
1.98494744e+15 3.10498833e-04
1.98760153e+15 3.11053712e-04
1.99025561e+15 3.11611228e-04
1.99290970e+15 3.12165979e-04
1.99556378e+15 3.12722512e-04
1.99821787e+15 3.13277140e-04
2.00087195e+15 3.13832894e-04
2.00352604e+15 3.14387948e-04
2.00618012e+15 3.14943965e-04
2.00883421e+15 3.15498110e-04
2.01148829e+15 3.16053710e-04
2.01414238e+15 3.16607773e-04
2.01679646e+15 3.17161641e-04
2.01945055e+15 3.17717725e-04
2.02210463e+15 3.18273334e-04
2.02475872e+15 3.18827201e-04
2.02741280e+15 3.19380837e-04
2.03006689e+15 3.19934734e-04
2.03272097e+15 3.20488840e-04
2.03537506e+15 3.21041377e-04
2.03802914e+15 3.21595839e-04
2.04068323e+15 3.22151577e-04
2.04333731e+15 3.22703407e-04
2.04599140e+15 3.23256531e-04
2.04864548e+15 3.23809600e-04
2.05129957e+15 3.24362564e-04
2.05395366e+15 3.24915365e-04
2.05660774e+15 3.25468332e-04
2.05926183e+15 3.26020235e-04
2.06191591e+15 3.26574397e-04
2.06457000e+15 3.27126743e-04
2.06722408e+15 3.27677393e-04
2.06987817e+15 3.28230262e-04
2.07253225e+15 3.28781908e-04
2.07518634e+15 3.29334305e-04
2.07784042e+15 3.29886639e-04
2.08049451e+15 3.30438008e-04
2.08314859e+15 3.30987890e-04
2.08580268e+15 3.31540720e-04
2.08845676e+15 3.32090201e-04
2.09111085e+15 3.32642630e-04
2.09376493e+15 3.33192715e-04
2.09641902e+15 3.33742621e-04
2.09907310e+15 3.34294927e-04
2.10172719e+15 3.34843198e-04
2.10438127e+15 3.35393991e-04
2.10703536e+15 3.35943469e-04
2.10968944e+15 3.36493293e-04
2.11234353e+15 3.37042079e-04
2.11499761e+15 3.37593802e-04
2.11765170e+15 3.38143575e-04
2.12030578e+15 3.38691142e-04
2.12295987e+15 3.39240362e-04
2.12561395e+15 3.39788865e-04
2.12826804e+15 3.40339048e-04
2.13092212e+15 3.40885427e-04
2.13357621e+15 3.41434288e-04
2.13623029e+15 3.41982590e-04
2.13888438e+15 3.42531272e-04
2.14153846e+15 3.43078405e-04
2.14419255e+15 3.43626184e-04
2.14684663e+15 3.44175565e-04
2.14950072e+15 3.44720764e-04
2.15215480e+15 3.45268522e-04
2.15480889e+15 3.45814611e-04
2.15746297e+15 3.46361901e-04
2.16011706e+15 3.46907916e-04
2.16277114e+15 3.47454462e-04
2.16542523e+15 3.48001521e-04
2.16807931e+15 3.48546755e-04
2.17073340e+15 3.49092453e-04
2.17338748e+15 3.49638049e-04
2.17604157e+15 3.50184052e-04
2.17869565e+15 3.50729899e-04
2.18134974e+15 3.51273698e-04
2.18400382e+15 3.51818966e-04
2.18665791e+15 3.52364618e-04
2.18931199e+15 3.52908355e-04
2.19196608e+15 3.53452169e-04
2.19462016e+15 3.53996445e-04
2.19727425e+15 3.54539156e-04
2.19992833e+15 3.55085126e-04
2.20258242e+15 3.55628230e-04
2.20523650e+15 3.56169980e-04
2.20789059e+15 3.56715246e-04
2.21054467e+15 3.57256212e-04
2.21319876e+15 3.57801809e-04
2.21585284e+15 3.58340497e-04
2.21850693e+15 3.58886056e-04
2.22116101e+15 3.59423934e-04
2.22381510e+15 3.59970130e-04
2.22646918e+15 3.60509257e-04
2.22912327e+15 3.61051817e-04
2.23177735e+15 3.61592752e-04
2.23443144e+15 3.62131532e-04
2.23708552e+15 3.62674785e-04
2.23973961e+15 3.63215178e-04
2.24239369e+15 3.63755702e-04
2.24504778e+15 3.64296868e-04
2.24770186e+15 3.64835596e-04
2.25035595e+15 3.65375215e-04
2.25301003e+15 3.65914557e-04
2.25566412e+15 3.66455659e-04
2.25831820e+15 3.66992643e-04
2.26097229e+15 3.67530790e-04
2.26362637e+15 3.68069310e-04
2.26628046e+15 3.68608328e-04
2.26893454e+15 3.69148691e-04
2.27158863e+15 3.69683145e-04
2.27424271e+15 3.70220543e-04
2.27689680e+15 3.70761060e-04
2.27955088e+15 3.71296939e-04
2.28220497e+15 3.71834828e-04
2.28485905e+15 3.72370279e-04
2.28751314e+15 3.72906732e-04
2.29016722e+15 3.73440380e-04
2.29282131e+15 3.73976121e-04
2.29547539e+15 3.74513733e-04
2.29812948e+15 3.75049697e-04
2.30078356e+15 3.75584366e-04
2.30343765e+15 3.76117625e-04
2.30609173e+15 3.76653897e-04
2.30874582e+15 3.77186372e-04
2.31139990e+15 3.77720379e-04
2.31405399e+15 3.78253830e-04
2.31670807e+15 3.78786888e-04
2.31936216e+15 3.79319829e-04
2.32201624e+15 3.79854972e-04
2.32467033e+15 3.80387301e-04
2.32732441e+15 3.80918268e-04
2.32997850e+15 3.81449669e-04
2.33263258e+15 3.81979986e-04
2.33528667e+15 3.82512676e-04
2.33794075e+15 3.83044065e-04
2.34059484e+15 3.83574608e-04
2.34324892e+15 3.84104683e-04
2.34590301e+15 3.84637547e-04
2.34855710e+15 3.85166473e-04
2.35121118e+15 3.85694328e-04
2.35386527e+15 3.86225724e-04
2.35651935e+15 3.86754434e-04
2.35917344e+15 3.87281131e-04
2.36182752e+15 3.87812188e-04
2.36448161e+15 3.88337401e-04
2.36713569e+15 3.88865853e-04
2.36978978e+15 3.89396254e-04
2.37244386e+15 3.89920146e-04
2.37509795e+15 3.90445508e-04
2.37775203e+15 3.90969910e-04
2.38040612e+15 3.91491729e-04
2.38306020e+15 3.92017291e-04
2.38571429e+15 3.92540754e-04
2.38836837e+15 3.93063785e-04
2.39102246e+15 3.93584988e-04
2.39367654e+15 3.94105124e-04
2.39633063e+15 3.94620409e-04
2.39898471e+15 3.95138879e-04
2.40163880e+15 3.95653433e-04
2.40429288e+15 3.96167065e-04
2.40694697e+15 3.96678662e-04
2.40960105e+15 3.97188444e-04
2.41225514e+15 3.97698203e-04
2.41490922e+15 3.98198934e-04
2.41756331e+15 3.98696158e-04
2.42021739e+15 3.99176709e-04
2.42287148e+15 3.99646405e-04
2.42552556e+15 4.00107029e-04
2.42817965e+15 4.00554625e-04
2.43083373e+15 4.00979564e-04
2.43348782e+15 4.01358270e-04
2.43614190e+15 4.01722179e-04
2.43879599e+15 4.02054446e-04
2.44145007e+15 4.02324081e-04
2.44410416e+15 4.02391083e-04
2.44675824e+15 4.02230907e-04
2.44941233e+15 4.01583102e-04
2.45206641e+15 4.00372854e-04
2.45472050e+15 3.97847745e-04
2.45737458e+15 3.91257124e-04
2.46002867e+15 3.76982403e-04
2.46268275e+15 3.35797779e-04
2.46533684e+15 2.18123328e-04
2.46799092e+15 2.67242563e-04
2.47064501e+15 3.55252371e-04
2.47329909e+15 3.85257297e-04
2.47595318e+15 3.97587536e-04
2.47860726e+15 4.03599280e-04
2.48126135e+15 4.06459218e-04
2.48391543e+15 4.08646375e-04
2.48656952e+15 4.10100723e-04
2.48922360e+15 4.11260784e-04
2.49187769e+15 4.12153081e-04
2.49453177e+15 4.12903739e-04
2.49718586e+15 4.13605010e-04
2.49983994e+15 4.14284230e-04
2.50249403e+15 4.14944593e-04
2.50514811e+15 4.15551271e-04
2.50780220e+15 4.16146998e-04
2.51045628e+15 4.16724602e-04
2.51311037e+15 4.17301825e-04
2.51576445e+15 4.17851447e-04
2.51841854e+15 4.18394808e-04
2.52107262e+15 4.18930111e-04
2.52372671e+15 4.19461452e-04
2.52638079e+15 4.19990750e-04
2.52903488e+15 4.20518521e-04
2.53168896e+15 4.21044098e-04
2.53434305e+15 4.21566433e-04
2.53699713e+15 4.22090219e-04
2.53965122e+15 4.22607111e-04
2.54230530e+15 4.23127627e-04
2.54495939e+15 4.23642723e-04
2.54761347e+15 4.24155858e-04
2.55026756e+15 4.24671990e-04
2.55292164e+15 4.25186360e-04
2.55557573e+15 4.25700389e-04
2.55822981e+15 4.26213451e-04
2.56088390e+15 4.26726889e-04
2.56353798e+15 4.27236418e-04
2.56619207e+15 4.27746772e-04
2.56884615e+15 4.28254416e-04
2.57150024e+15 4.28761050e-04
2.57415432e+15 4.29271533e-04
2.57680841e+15 4.29780874e-04
2.57946249e+15 4.30285380e-04
2.58211658e+15 4.30788716e-04
2.58477066e+15 4.31298542e-04
2.58742475e+15 4.31804344e-04
2.59007883e+15 4.32310977e-04
2.59273292e+15 4.32819783e-04
2.59538700e+15 4.33324068e-04
2.59804109e+15 4.33825953e-04
2.60069517e+15 4.34317859e-04
2.60334926e+15 4.34825442e-04
2.60600334e+15 4.35326162e-04
2.60865743e+15 4.35825376e-04
2.61131151e+15 4.36333075e-04
2.61396560e+15 4.36834882e-04
2.61661968e+15 4.37336737e-04
2.61927377e+15 4.37839339e-04
2.62192785e+15 4.38338618e-04
2.62458194e+15 4.38837936e-04
2.62723602e+15 4.39341303e-04
2.62989011e+15 4.39839465e-04
2.63254419e+15 4.40341339e-04
2.63519828e+15 4.40838244e-04
2.63785237e+15 4.41339224e-04
2.64050645e+15 4.41838255e-04
2.64316054e+15 4.42332195e-04
2.64581462e+15 4.42835193e-04
2.64846871e+15 4.43331827e-04
2.65112279e+15 4.43828053e-04
2.65377688e+15 4.44325106e-04
2.65643096e+15 4.44820904e-04
2.65908505e+15 4.45316342e-04
2.66173913e+15 4.45811597e-04
2.66439322e+15 4.46312333e-04
2.66704730e+15 4.46801630e-04
2.66970139e+15 4.47298119e-04
2.67235547e+15 4.47792440e-04
2.67500956e+15 4.48287884e-04
2.67766364e+15 4.48776830e-04
2.68031773e+15 4.49271059e-04
2.68297181e+15 4.49760220e-04
2.68562590e+15 4.50254452e-04
2.68827998e+15 4.50746313e-04
2.69093407e+15 4.51237911e-04
2.69358815e+15 4.51729494e-04
2.69624224e+15 4.52219195e-04
2.69889632e+15 4.52707695e-04
2.70155041e+15 4.53199962e-04
2.70420449e+15 4.53688642e-04
2.70685858e+15 4.54179940e-04
2.70951266e+15 4.54664892e-04
2.71216675e+15 4.55157342e-04
2.71482083e+15 4.55639862e-04
2.71747492e+15 4.56132258e-04
2.72012900e+15 4.56613785e-04
2.72278309e+15 4.57104399e-04
2.72543717e+15 4.57590329e-04
2.72809126e+15 4.58072956e-04
2.73074534e+15 4.58546157e-04
2.73339943e+15 4.59006438e-04
2.73605351e+15 4.59433481e-04
2.73870760e+15 4.59775339e-04
2.74136168e+15 4.60087879e-04
2.74401577e+15 4.60345805e-04
2.74666985e+15 4.60539483e-04
2.74932394e+15 4.60586731e-04
2.75197802e+15 4.60043763e-04
2.75463211e+15 4.58088737e-04
2.75728619e+15 4.52355958e-04
2.75994028e+15 4.26627686e-04
2.76259436e+15 2.51840279e-04
2.76524845e+15 3.95410672e-04
2.76790253e+15 4.48098038e-04
2.77055662e+15 4.59392722e-04
2.77321070e+15 4.63142401e-04
2.77586479e+15 4.65040898e-04
2.77851887e+15 4.66117295e-04
2.78117296e+15 4.66918470e-04
2.78382704e+15 4.67661730e-04
2.78648113e+15 4.68334201e-04
2.78913521e+15 4.68986576e-04
2.79178930e+15 4.69554589e-04
2.79444338e+15 4.70070828e-04
2.79709747e+15 4.70557187e-04
2.79975155e+15 4.71040715e-04
2.80240564e+15 4.71508441e-04
2.80505972e+15 4.71983235e-04
2.80771381e+15 4.72447304e-04
2.81036789e+15 4.72918433e-04
2.81302198e+15 4.73379565e-04
2.81567606e+15 4.73840697e-04
2.81833015e+15 4.74295264e-04
2.82098423e+15 4.74760734e-04
2.82363832e+15 4.75214113e-04
2.82629240e+15 4.75675330e-04
2.82894649e+15 4.76127083e-04
2.83160057e+15 4.76586642e-04
2.83425466e+15 4.77039230e-04
2.83690874e+15 4.77494395e-04
2.83956283e+15 4.77943684e-04
2.84221691e+15 4.78391984e-04
2.84487100e+15 4.78836231e-04
2.84752508e+15 4.79279342e-04
2.85017917e+15 4.79723907e-04
2.85283325e+15 4.80161772e-04
2.85548734e+15 4.80600075e-04
2.85814142e+15 4.81033030e-04
2.86079551e+15 4.81464836e-04
2.86344959e+15 4.81887306e-04
2.86610368e+15 4.82305688e-04
2.86875776e+15 4.82690839e-04
2.87141185e+15 4.83065750e-04
2.87406593e+15 4.83423817e-04
2.87672002e+15 4.83766159e-04
2.87937410e+15 4.84078174e-04
2.88202819e+15 4.84327377e-04
2.88468227e+15 4.84517172e-04
2.88733636e+15 4.84690963e-04
2.88999044e+15 4.84809106e-04
2.89264453e+15 4.84810263e-04
2.89529861e+15 4.84582396e-04
2.89795270e+15 4.83876160e-04
2.90060678e+15 4.82768851e-04
2.90326087e+15 4.80752063e-04
2.90591495e+15 4.78006624e-04
2.90856904e+15 4.73880072e-04
2.91122312e+15 4.64473049e-04
2.91387721e+15 4.47137396e-04
2.91653129e+15 4.15952357e-04
2.91918538e+15 3.52367544e-04
2.92183946e+15 2.24061044e-04
2.92449355e+15 2.43411245e-04
2.92714763e+15 3.71314042e-04
2.92980172e+15 4.29126146e-04
2.93245581e+15 4.54925661e-04
2.93510989e+15 4.70859259e-04
2.93776398e+15 4.79677934e-04
2.94041806e+15 4.84268830e-04
2.94307215e+15 4.87877898e-04
2.94572623e+15 4.90548506e-04
2.94838032e+15 4.92444735e-04
2.95103440e+15 4.94046733e-04
2.95368849e+15 4.95142786e-04
2.95634257e+15 4.96037349e-04
2.95899666e+15 4.96838994e-04
2.96165074e+15 4.97590824e-04
2.96430483e+15 4.98320813e-04
2.96695891e+15 4.98942634e-04
2.96961300e+15 4.99531392e-04
2.97226708e+15 5.00093925e-04
2.97492117e+15 5.00634096e-04
2.97757525e+15 5.01160765e-04
2.98022934e+15 5.01666088e-04
2.98288342e+15 5.02141057e-04
2.98553751e+15 5.02600765e-04
2.98819159e+15 5.03036017e-04
2.99084568e+15 5.03437836e-04
2.99349976e+15 5.03763514e-04
2.99615385e+15 5.04037224e-04
2.99880793e+15 5.04282349e-04
3.00146202e+15 5.04451263e-04
3.00411610e+15 5.04559194e-04
3.00677019e+15 5.04419146e-04
3.00942427e+15 5.03526262e-04
3.01207836e+15 5.01055646e-04
3.01473244e+15 4.94088518e-04
3.01738653e+15 4.65120419e-04
3.02004061e+15 2.84598662e-04
3.02269470e+15 3.89051905e-04
3.02534878e+15 4.81220014e-04
3.02800287e+15 5.00064319e-04
3.03065695e+15 5.04897622e-04
3.03331104e+15 5.07507032e-04
3.03596512e+15 5.08812417e-04
3.03861921e+15 5.09524251e-04
3.04127329e+15 5.10002519e-04
3.04392738e+15 5.10404340e-04
3.04658146e+15 5.10711400e-04
3.04923555e+15 5.10925624e-04
3.05188963e+15 5.10916034e-04
3.05454372e+15 5.10521510e-04
3.05719780e+15 5.09684778e-04
3.05985189e+15 5.08434670e-04
3.06250597e+15 5.06123409e-04
3.06516006e+15 5.03250675e-04
3.06781414e+15 4.98824913e-04
3.07046823e+15 4.89002462e-04
3.07312231e+15 4.71420340e-04
3.07577640e+15 4.41298741e-04
3.07843048e+15 3.79386346e-04
3.08108457e+15 2.57119361e-04
3.08373865e+15 1.71639798e-04
3.08639274e+15 3.60048532e-04
3.08904682e+15 4.32857569e-04
3.09170091e+15 4.69174915e-04
3.09435499e+15 4.88917116e-04
3.09700908e+15 5.00694776e-04
3.09966316e+15 5.06639085e-04
3.10231725e+15 5.10373194e-04
3.10497133e+15 5.13504008e-04
3.10762542e+15 5.15438500e-04
3.11027950e+15 5.16719196e-04
3.11293359e+15 5.16851655e-04
3.11558767e+15 5.15623479e-04
3.11824176e+15 5.13166327e-04
3.12089584e+15 5.04177602e-04
3.12354993e+15 4.65113005e-04
3.12620401e+15 2.88119109e-04
3.12885810e+15 3.90253108e-04
3.13151218e+15 4.87260637e-04
3.13416627e+15 5.07731209e-04
3.13682035e+15 5.09554231e-04
3.13947444e+15 5.08295812e-04
3.14212852e+15 5.03291116e-04
3.14478261e+15 4.91226922e-04
3.14743669e+15 4.70724282e-04
3.15009078e+15 4.33929119e-04
3.15274486e+15 3.65288061e-04
3.15539895e+15 2.34996596e-04
3.15805303e+15 2.16228830e-04
3.16070712e+15 3.66413472e-04
3.16336120e+15 4.36712573e-04
3.16601529e+15 4.71541034e-04
3.16866937e+15 4.89234712e-04
3.17132346e+15 4.97679941e-04
3.17397754e+15 4.95328067e-04
3.17663163e+15 4.69700487e-04
3.17928571e+15 3.66791377e-04
3.18193980e+15 3.59736117e-04
3.18459388e+15 4.59849353e-04
3.18724797e+15 4.68826971e-04
3.18990205e+15 4.43384432e-04
3.19255614e+15 3.82902832e-04
3.19521022e+15 2.61408432e-04
3.19786431e+15 2.19621827e-04
3.20051839e+15 3.55956461e-04
3.20317248e+15 4.26252845e-04
3.20582656e+15 4.51405794e-04
3.20848065e+15 4.32026879e-04
3.21113473e+15 3.35341393e-04
3.21378882e+15 3.98135839e-04
3.21644290e+15 3.82428802e-04
3.21909699e+15 2.80065617e-04
3.22175108e+15 2.15200869e-04
3.22440516e+15 3.38983225e-04
3.22705925e+15 3.96276855e-04
3.22971333e+15 3.78092780e-04
3.23236742e+15 3.57292036e-04
3.23502150e+15 2.77352589e-04
3.23767559e+15 2.37116950e-04
3.24032967e+15 3.49992293e-04
3.24298376e+15 2.08858631e-04
3.24563784e+15 2.27918756e-04
3.24829193e+15 2.54295111e-04
3.25094601e+15 2.69439678e-04
3.25360010e+15 2.77016315e-04
3.25625418e+15 2.82052473e-04
3.25890827e+15 2.86162357e-04
3.26156235e+15 2.87272877e-04
3.26421644e+15 2.86171795e-04
3.26687052e+15 2.82383109e-04
3.26952461e+15 2.76384726e-04
3.27217869e+15 2.69785778e-04
3.27483278e+15 2.64535364e-04
3.27748686e+15 2.61656408e-04
3.28014095e+15 2.60797362e-04
3.28279503e+15 2.60846269e-04
3.28544912e+15 2.61153027e-04
3.28810320e+15 2.61737907e-04
3.29075729e+15 2.61835580e-04
3.29341137e+15 2.61933560e-04
3.29606546e+15 2.62030614e-04
3.29871954e+15 2.62126268e-04
3.30137363e+15 2.62231604e-04
3.30402771e+15 2.62328038e-04
3.30668180e+15 2.62422796e-04
3.30933588e+15 2.62518369e-04
3.31198997e+15 2.62611809e-04
3.31464405e+15 2.62706716e-04
3.31729814e+15 2.62799057e-04
3.31995222e+15 2.62893445e-04
3.32260631e+15 2.62986306e-04
3.32526039e+15 2.63080846e-04
3.32791448e+15 2.63172521e-04
3.33056856e+15 2.63267509e-04
3.33322265e+15 2.63359599e-04
3.33587673e+15 2.63452253e-04
3.33853082e+15 2.63544355e-04
3.34118490e+15 2.63635547e-04
3.34383899e+15 2.63727520e-04
3.34649307e+15 2.63819533e-04
3.34914716e+15 2.63911840e-04
3.35180124e+15 2.64003362e-04
3.35445533e+15 2.64094446e-04
3.35710941e+15 2.64186279e-04
3.35976350e+15 2.64276855e-04
3.36241758e+15 2.64366684e-04
3.36507167e+15 2.64458085e-04
3.36772575e+15 2.64548123e-04
3.37037984e+15 2.64638568e-04
3.37303392e+15 2.64729127e-04
3.37568801e+15 2.64818482e-04
3.37834209e+15 2.64909137e-04
3.38099618e+15 2.64998938e-04
3.38365026e+15 2.65089312e-04
3.38630435e+15 2.65179389e-04
3.38895843e+15 2.65266291e-04
3.39161252e+15 2.65353897e-04
3.39426660e+15 2.65444249e-04
3.39692069e+15 2.65533728e-04
3.39957477e+15 2.65624084e-04
3.40222886e+15 2.65711079e-04
3.40488294e+15 2.65799650e-04
3.40753703e+15 2.65887773e-04
3.41019111e+15 2.65975063e-04
3.41284520e+15 2.66061574e-04
3.41549928e+15 2.66152759e-04
3.41815337e+15 2.66237090e-04
3.42080745e+15 2.66325025e-04
3.42346154e+15 2.66411740e-04
3.42611562e+15 2.66499342e-04
3.42876971e+15 2.66586335e-04
3.43142379e+15 2.66673522e-04
3.43407788e+15 2.66758271e-04
3.43673196e+15 2.66848955e-04
3.43938605e+15 2.66933996e-04
3.44204013e+15 2.67020185e-04
3.44469422e+15 2.67104925e-04
3.44734830e+15 2.67189702e-04
3.45000239e+15 2.67274507e-04
3.45265647e+15 2.67361036e-04
3.45531056e+15 2.67446404e-04
3.45796464e+15 2.67529759e-04
3.46061873e+15 2.67617258e-04
3.46327281e+15 2.67701572e-04
3.46592690e+15 2.67786786e-04
3.46858098e+15 2.67871304e-04
3.47123507e+15 2.67955406e-04
3.47388915e+15 2.68039338e-04
3.47654324e+15 2.68124623e-04
3.47919732e+15 2.68207728e-04
3.48185141e+15 2.68292220e-04
3.48450549e+15 2.68375218e-04
3.48715958e+15 2.68459056e-04
3.48981366e+15 2.68542891e-04
3.49246775e+15 2.68629229e-04
3.49512183e+15 2.68709939e-04
3.49777592e+15 2.68792033e-04
3.50043000e+15 2.68874534e-04
3.50308409e+15 2.68958198e-04
3.50573817e+15 2.69041061e-04
3.50839226e+15 2.69123060e-04
3.51104634e+15 2.69205048e-04
3.51370043e+15 2.69286857e-04
3.51635452e+15 2.69367474e-04
3.51900860e+15 2.69449260e-04
3.52166269e+15 2.69531225e-04
3.52431677e+15 2.69612298e-04
3.52697086e+15 2.69695194e-04
3.52962494e+15 2.69775811e-04
3.53227903e+15 2.69855209e-04
3.53493311e+15 2.69936661e-04
3.53758720e+15 2.70017802e-04
3.54024128e+15 2.70098641e-04
3.54289537e+15 2.70183100e-04
3.54554945e+15 2.70262054e-04
3.54820354e+15 2.70342383e-04
3.55085762e+15 2.70423256e-04
3.55351171e+15 2.70502055e-04
3.55616579e+15 2.70580587e-04
3.55881988e+15 2.70661556e-04
3.56147396e+15 2.70741152e-04
3.56412805e+15 2.70821168e-04
3.56678213e+15 2.70899955e-04
3.56943622e+15 2.70978387e-04
3.57209030e+15 2.71058024e-04
3.57474439e+15 2.71136930e-04
3.57739847e+15 2.71215559e-04
3.58005256e+15 2.71295582e-04
3.58270664e+15 2.71373028e-04
3.58536073e+15 2.71450333e-04
3.58801481e+15 2.71529590e-04
3.59066890e+15 2.71607283e-04
3.59332298e+15 2.71683463e-04
3.59597707e+15 2.71763755e-04
3.59863115e+15 2.71840690e-04
3.60128524e+15 2.71916087e-04
3.60393932e+15 2.71996803e-04
3.60659341e+15 2.72072196e-04
3.60924749e+15 2.72149415e-04
3.61190158e+15 2.72227157e-04
3.61455566e+15 2.72302499e-04
3.61720975e+15 2.72379895e-04
3.61986383e+15 2.72457907e-04
3.62251792e+15 2.72533063e-04
3.62517200e+15 2.72609939e-04
3.62782609e+15 2.72684622e-04
3.63048017e+15 2.72759240e-04
3.63313426e+15 2.72835441e-04
3.63578834e+15 2.72911458e-04
3.63844243e+15 2.72987039e-04
3.64109651e+15 2.73062834e-04
3.64375060e+15 2.73137898e-04
3.64640468e+15 2.73214818e-04
3.64905877e+15 2.73288643e-04
3.65171285e+15 2.73364130e-04
3.65436694e+15 2.73440232e-04
3.65702102e+15 2.73513489e-04
3.65967511e+15 2.73590506e-04
3.66232919e+15 2.73664499e-04
3.66498328e+15 2.73738932e-04
3.66763736e+15 2.73813893e-04
3.67029145e+15 2.73888138e-04
3.67294553e+15 2.73960430e-04
3.67559962e+15 2.74035492e-04
3.67825370e+15 2.74106334e-04
3.68090779e+15 2.74181017e-04
3.68356187e+15 2.74254419e-04
3.68621596e+15 2.74328269e-04
3.68887004e+15 2.74399889e-04
3.69152413e+15 2.74473695e-04
3.69417821e+15 2.74547226e-04
3.69683230e+15 2.74621425e-04
3.69948638e+15 2.74694823e-04
3.70214047e+15 2.74766756e-04
3.70479455e+15 2.74839839e-04
3.70744864e+15 2.74909543e-04
3.71010272e+15 2.74980082e-04
3.71275681e+15 2.75053992e-04
3.71541089e+15 2.75127196e-04
3.71806498e+15 2.75197659e-04
3.72071906e+15 2.75270994e-04
3.72337315e+15 2.75341979e-04
3.72602723e+15 2.75413095e-04
3.72868132e+15 2.75485956e-04
3.73133540e+15 2.75555098e-04
3.73398949e+15 2.75624262e-04
3.73664357e+15 2.75696467e-04
3.73929766e+15 2.75768598e-04
3.74195174e+15 2.75838483e-04
3.74460583e+15 2.75909885e-04
3.74725991e+15 2.75980953e-04
3.74991400e+15 2.76052038e-04
3.75256808e+15 2.76119741e-04
3.75522217e+15 2.76190882e-04
3.75787625e+15 2.76261431e-04
3.76053034e+15 2.76329772e-04
3.76318442e+15 2.76400631e-04
3.76583851e+15 2.76471299e-04
3.76849259e+15 2.76541372e-04
3.77114668e+15 2.76608401e-04
3.77380076e+15 2.76678052e-04
3.77645485e+15 2.76747009e-04
3.77910893e+15 2.76816417e-04
3.78176302e+15 2.76886559e-04
3.78441710e+15 2.76956270e-04
3.78707119e+15 2.77026487e-04
3.78972527e+15 2.77092001e-04
3.79237936e+15 2.77161234e-04
3.79503344e+15 2.77229753e-04
3.79768753e+15 2.77297001e-04
3.80034161e+15 2.77366970e-04
3.80299570e+15 2.77434893e-04
3.80564978e+15 2.77500509e-04
3.80830387e+15 2.77567856e-04
3.81095796e+15 2.77638322e-04
3.81361204e+15 2.77705384e-04
3.81626613e+15 2.77771395e-04
3.81892021e+15 2.77837563e-04
3.82157430e+15 2.77905543e-04
3.82422838e+15 2.77975022e-04
3.82688247e+15 2.78041563e-04
3.82953655e+15 2.78108582e-04
3.83219064e+15 2.78173180e-04
3.83484472e+15 2.78241437e-04
3.83749881e+15 2.78307127e-04
3.84015289e+15 2.78375944e-04
3.84280698e+15 2.78442460e-04
3.84546106e+15 2.78507515e-04
3.84811515e+15 2.78572599e-04
3.85076923e+15 2.78638125e-04
3.85342332e+15 2.78704834e-04
3.85607740e+15 2.78769944e-04
3.85873149e+15 2.78835217e-04
3.86138557e+15 2.78901368e-04
3.86403966e+15 2.78967234e-04
3.86669374e+15 2.79033552e-04
3.86934783e+15 2.79097312e-04
3.87200191e+15 2.79162508e-04
3.87465600e+15 2.79227469e-04
3.87731008e+15 2.79292785e-04
3.87996417e+15 2.79359604e-04
3.88261825e+15 2.79421867e-04
3.88527234e+15 2.79487177e-04
3.88792642e+15 2.79552949e-04
3.89058051e+15 2.79615086e-04
3.89323459e+15 2.79678962e-04
3.89588868e+15 2.79742734e-04
3.89854276e+15 2.79806809e-04
3.90119685e+15 2.79871949e-04
3.90385093e+15 2.79934133e-04
3.90650502e+15 2.79999377e-04
3.90915910e+15 2.80063095e-04
3.91181319e+15 2.80126371e-04
3.91446727e+15 2.80189768e-04
3.91712136e+15 2.80254129e-04
3.91977544e+15 2.80317704e-04
3.92242953e+15 2.80379601e-04
3.92508361e+15 2.80442681e-04
3.92773770e+15 2.80506306e-04
3.93039178e+15 2.80567845e-04
3.93304587e+15 2.80628083e-04
3.93569995e+15 2.80693266e-04
3.93835404e+15 2.80756223e-04
3.94100812e+15 2.80817353e-04
3.94366221e+15 2.80879365e-04
3.94631629e+15 2.80941639e-04
3.94897038e+15 2.81002955e-04
3.95162446e+15 2.81065684e-04
3.95427855e+15 2.81127621e-04
3.95693263e+15 2.81191150e-04
3.95958672e+15 2.81249947e-04
3.96224080e+15 2.81311381e-04
3.96489489e+15 2.81376200e-04
3.96754897e+15 2.81434954e-04
3.97020306e+15 2.81495305e-04
3.97285714e+15 2.81558077e-04
3.97551123e+15 2.81618672e-04
3.97816531e+15 2.81679089e-04
3.98081940e+15 2.81741676e-04
3.98347348e+15 2.81801047e-04
3.98612757e+15 2.81859718e-04
3.98878165e+15 2.81920684e-04
3.99143574e+15 2.81981332e-04
3.99408982e+15 2.82040425e-04
3.99674391e+15 2.82102647e-04
3.99939799e+15 2.82163747e-04
4.00205208e+15 2.82221605e-04
4.00470616e+15 2.82282604e-04
4.00736025e+15 2.82340335e-04
4.01001433e+15 2.82400516e-04
4.01266842e+15 2.82461141e-04
4.01532250e+15 2.82520753e-04
4.01797659e+15 2.82579239e-04
4.02063067e+15 2.82639714e-04
4.02328476e+15 2.82699270e-04
4.02593884e+15 2.82756764e-04
4.02859293e+15 2.82816319e-04
4.03124701e+15 2.82874155e-04
4.03390110e+15 2.82933407e-04
4.03655518e+15 2.82994674e-04
4.03920927e+15 2.83049756e-04
4.04186335e+15 2.83108616e-04
4.04451744e+15 2.83169276e-04
4.04717152e+15 2.83224427e-04
4.04982561e+15 2.83285601e-04
4.05247969e+15 2.83342387e-04
4.05513378e+15 2.83399301e-04
4.05778786e+15 2.83459614e-04
4.06044195e+15 2.83513506e-04
4.06309603e+15 2.83572622e-04
4.06575012e+15 2.83630995e-04
4.06840420e+15 2.83686561e-04
4.07105829e+15 2.83746473e-04
4.07371237e+15 2.83802804e-04
4.07636646e+15 2.83860526e-04
4.07902054e+15 2.83918196e-04
4.08167463e+15 2.83974003e-04
4.08432871e+15 2.84031304e-04
4.08698280e+15 2.84087264e-04
4.08963688e+15 2.84146262e-04
4.09229097e+15 2.84202591e-04
4.09494505e+15 2.84258290e-04
4.09759914e+15 2.84315698e-04
4.10025323e+15 2.84370092e-04
4.10290731e+15 2.84428302e-04
4.10556140e+15 2.84484395e-04
4.10821548e+15 2.84539226e-04
4.11086957e+15 2.84596499e-04
4.11352365e+15 2.84649136e-04
4.11617774e+15 2.84708913e-04
4.11883182e+15 2.84762729e-04
4.12148591e+15 2.84819915e-04
4.12413999e+15 2.84873069e-04
4.12679408e+15 2.84929145e-04
4.12944816e+15 2.84984445e-04
4.13210225e+15 2.85038742e-04
4.13475633e+15 2.85097055e-04
4.13741042e+15 2.85149203e-04
4.14006450e+15 2.85204432e-04
4.14271859e+15 2.85258335e-04
4.14537267e+15 2.85314719e-04
4.14802676e+15 2.85370043e-04
4.15068084e+15 2.85423606e-04
4.15333493e+15 2.85478163e-04
4.15598901e+15 2.85531866e-04
4.15864310e+15 2.85587870e-04
4.16129718e+15 2.85642603e-04
4.16395127e+15 2.85696136e-04
4.16660535e+15 2.85749999e-04
4.16925944e+15 2.85804281e-04
4.17191352e+15 2.85857626e-04
4.17456761e+15 2.85912414e-04
4.17722169e+15 2.85964440e-04
4.17987578e+15 2.86019381e-04
4.18252986e+15 2.86070872e-04
4.18518395e+15 2.86125691e-04
4.18783803e+15 2.86177462e-04
4.19049212e+15 2.86232727e-04
4.19314620e+15 2.86286434e-04
4.19580029e+15 2.86338578e-04
4.19845437e+15 2.86392514e-04
4.20110846e+15 2.86444206e-04
4.20376254e+15 2.86497762e-04
4.20641663e+15 2.86550190e-04
4.20907071e+15 2.86601198e-04
4.21172480e+15 2.86655532e-04
4.21437888e+15 2.86706610e-04
4.21703297e+15 2.86760145e-04
4.21968705e+15 2.86811967e-04
4.22234114e+15 2.86864603e-04
4.22499522e+15 2.86915112e-04
4.22764931e+15 2.86967406e-04
4.23030339e+15 2.87018848e-04
4.23295748e+15 2.87073118e-04
4.23561156e+15 2.87122064e-04
4.23826565e+15 2.87175901e-04
4.24091973e+15 2.87225820e-04
4.24357382e+15 2.87277600e-04
4.24622790e+15 2.87328231e-04
4.24888199e+15 2.87381841e-04
4.25153607e+15 2.87432369e-04
4.25419016e+15 2.87484052e-04
4.25684424e+15 2.87534533e-04
4.25949833e+15 2.87585060e-04
4.26215241e+15 2.87635249e-04
4.26480650e+15 2.87684877e-04
4.26746058e+15 2.87738011e-04
4.27011467e+15 2.87787425e-04
4.27276875e+15 2.87839445e-04
4.27542284e+15 2.87889212e-04
4.27807692e+15 2.87938144e-04
4.28073101e+15 2.87990140e-04
4.28338509e+15 2.88040986e-04
4.28603918e+15 2.88088975e-04
4.28869326e+15 2.88139865e-04
4.29134735e+15 2.88190297e-04
4.29400143e+15 2.88239046e-04
4.29665552e+15 2.88289368e-04
4.29930960e+15 2.88338525e-04
4.30196369e+15 2.88388602e-04
4.30461777e+15 2.88438722e-04
4.30727186e+15 2.88488572e-04
4.30992594e+15 2.88534833e-04
4.31258003e+15 2.88586514e-04
4.31523411e+15 2.88635777e-04
4.31788820e+15 2.88683628e-04
4.32054228e+15 2.88733165e-04
4.32319637e+15 2.88781741e-04
4.32585045e+15 2.88830572e-04
4.32850454e+15 2.88881991e-04
4.33115862e+15 2.88926109e-04
4.33381271e+15 2.88977675e-04
4.33646679e+15 2.89027007e-04
4.33912088e+15 2.89073562e-04
4.34177496e+15 2.89123167e-04
4.34442905e+15 2.89171414e-04
4.34708313e+15 2.89220468e-04
4.34973722e+15 2.89266255e-04
4.35239130e+15 2.89314665e-04
4.35504539e+15 2.89364961e-04
4.35769947e+15 2.89411748e-04
4.36035356e+15 2.89457041e-04
4.36300764e+15 2.89505789e-04
4.36566173e+15 2.89555566e-04
4.36831581e+15 2.89600287e-04
4.37096990e+15 2.89650497e-04
4.37362398e+15 2.89696954e-04
4.37627807e+15 2.89741435e-04
4.37893215e+15 2.89790863e-04
4.38158624e+15 2.89839129e-04
4.38424032e+15 2.89884778e-04
4.38689441e+15 2.89932822e-04
4.38954849e+15 2.89980188e-04
4.39220258e+15 2.90023389e-04
4.39485667e+15 2.90072864e-04
4.39751075e+15 2.90118073e-04
4.40016484e+15 2.90165661e-04
4.40281892e+15 2.90211749e-04
4.40547301e+15 2.90260745e-04
4.40812709e+15 2.90304031e-04
4.41078118e+15 2.90351056e-04
4.41343526e+15 2.90397369e-04
4.41608935e+15 2.90441192e-04
4.41874343e+15 2.90489300e-04
4.42139752e+15 2.90534540e-04
4.42405160e+15 2.90582975e-04
4.42670569e+15 2.90627278e-04
4.42935977e+15 2.90672981e-04
4.43201386e+15 2.90718845e-04
4.43466794e+15 2.90765396e-04
4.43732203e+15 2.90808826e-04
4.43997611e+15 2.90855513e-04
4.44263020e+15 2.90898195e-04
4.44528428e+15 2.90944297e-04
4.44793837e+15 2.90990200e-04
4.45059245e+15 2.91034431e-04
4.45324654e+15 2.91079200e-04
4.45590062e+15 2.91124313e-04
4.45855471e+15 2.91169523e-04
4.46120879e+15 2.91215073e-04
4.46386288e+15 2.91258646e-04
4.46651696e+15 2.91303054e-04
4.46917105e+15 2.91348061e-04
4.47182513e+15 2.91391801e-04
4.47447922e+15 2.91437239e-04
4.47713330e+15 2.91480739e-04
4.47978739e+15 2.91524691e-04
4.48244147e+15 2.91568569e-04
4.48509556e+15 2.91612271e-04
4.48774964e+15 2.91659445e-04
4.49040373e+15 2.91701568e-04
4.49305781e+15 2.91744080e-04
4.49571190e+15 2.91786991e-04
4.49836598e+15 2.91834205e-04
4.50102007e+15 2.91877069e-04
4.50367415e+15 2.91920475e-04
4.50632824e+15 2.91963877e-04
4.50898232e+15 2.92007262e-04
4.51163641e+15 2.92049089e-04
4.51429049e+15 2.92094771e-04
4.51694458e+15 2.92136909e-04
4.51959866e+15 2.92178493e-04
4.52225275e+15 2.92221480e-04
4.52490683e+15 2.92264262e-04
4.52756092e+15 2.92309363e-04
4.53021500e+15 2.92351734e-04
4.53286909e+15 2.92392765e-04
4.53552317e+15 2.92437175e-04
4.53817726e+15 2.92481980e-04
4.54083134e+15 2.92520849e-04
4.54348543e+15 2.92565708e-04
4.54613951e+15 2.92606050e-04
4.54879360e+15 2.92648109e-04
4.55144768e+15 2.92689785e-04
4.55410177e+15 2.92732336e-04
4.55675585e+15 2.92774027e-04
4.55940994e+15 2.92816512e-04
4.56206402e+15 2.92858939e-04
4.56471811e+15 2.92901780e-04
4.56737219e+15 2.92941812e-04
4.57002628e+15 2.92984076e-04
4.57268036e+15 2.93024184e-04
4.57533445e+15 2.93065080e-04
4.57798853e+15 2.93110684e-04
4.58064262e+15 2.93149378e-04
4.58329670e+15 2.93191884e-04
4.58595079e+15 2.93230841e-04
4.58860487e+15 2.93270254e-04
4.59125896e+15 2.93313009e-04
4.59391304e+15 2.93352672e-04
4.59656713e+15 2.93393465e-04
4.59922121e+15 2.93436193e-04
4.60187530e+15 2.93476364e-04
4.60452938e+15 2.93521452e-04
4.60718347e+15 2.93559489e-04
4.60983755e+15 2.93599578e-04
4.61249164e+15 2.93639374e-04
4.61514572e+15 2.93682185e-04
4.61779981e+15 2.93718659e-04
4.62045389e+15 2.93760235e-04
4.62310798e+15 2.93801232e-04
4.62576206e+15 2.93839760e-04
4.62841615e+15 2.93880272e-04
4.63107023e+15 2.93920129e-04
4.63372432e+15 2.93960175e-04
4.63637840e+15 2.94000276e-04
4.63903249e+15 2.94039982e-04
4.64168657e+15 2.94079439e-04
4.64434066e+15 2.94120213e-04
4.64699474e+15 2.94158270e-04
4.64964883e+15 2.94197449e-04
4.65230291e+15 2.94235843e-04
4.65495700e+15 2.94277562e-04
4.65761108e+15 2.94314526e-04
4.66026517e+15 2.94354232e-04
4.66291925e+15 2.94393001e-04
4.66557334e+15 2.94431627e-04
4.66822742e+15 2.94472015e-04
4.67088151e+15 2.94510891e-04
4.67353559e+15 2.94550372e-04
4.67618968e+15 2.94589342e-04
4.67884376e+15 2.94628123e-04
4.68149785e+15 2.94666049e-04
4.68415194e+15 2.94705651e-04
4.68680602e+15 2.94742830e-04
4.68946011e+15 2.94781295e-04
4.69211419e+15 2.94817902e-04
4.69476828e+15 2.94857682e-04
4.69742236e+15 2.94895951e-04
4.70007645e+15 2.94933310e-04
4.70273053e+15 2.94970783e-04
4.70538462e+15 2.95010767e-04
4.70803870e+15 2.95048535e-04
4.71069279e+15 2.95086397e-04
4.71334687e+15 2.95122836e-04
4.71600096e+15 2.95161116e-04
4.71865504e+15 2.95197542e-04
4.72130913e+15 2.95234075e-04
4.72396321e+15 2.95274143e-04
4.72661730e+15 2.95310035e-04
4.72927138e+15 2.95349062e-04
4.73192547e+15 2.95386110e-04
4.73457955e+15 2.95423701e-04
4.73723364e+15 2.95459032e-04
4.73988772e+15 2.95493580e-04
4.74254181e+15 2.95534810e-04
4.74519589e+15 2.95569942e-04
4.74784998e+15 2.95608052e-04
4.75050406e+15 2.95645074e-04
4.75315815e+15 2.95677570e-04
4.75581223e+15 2.95717167e-04
4.75846632e+15 2.95753315e-04
4.76112040e+15 2.95788074e-04
4.76377449e+15 2.95828466e-04
4.76642857e+15 2.95860905e-04
4.76908266e+15 2.95901219e-04
4.77173674e+15 2.95935984e-04
4.77439083e+15 2.95971295e-04
4.77704491e+15 2.96009410e-04
4.77969900e+15 2.96042735e-04
4.78235308e+15 2.96078793e-04
4.78500717e+15 2.96115143e-04
4.78766125e+15 2.96150811e-04
4.79031534e+15 2.96187210e-04
4.79296942e+15 2.96222273e-04
4.79562351e+15 2.96256900e-04
4.79827759e+15 2.96293587e-04
4.80093168e+15 2.96329236e-04
4.80358576e+15 2.96363120e-04
4.80623985e+15 2.96399047e-04
4.80889393e+15 2.96433893e-04
4.81154802e+15 2.96470473e-04
4.81420210e+15 2.96504956e-04
4.81685619e+15 2.96539613e-04
4.81951027e+15 2.96575027e-04
4.82216436e+15 2.96611347e-04
4.82481844e+15 2.96643374e-04
4.82747253e+15 2.96679085e-04
4.83012661e+15 2.96714796e-04
4.83278070e+15 2.96749792e-04
4.83543478e+15 2.96781366e-04
4.83808887e+15 2.96817348e-04
4.84074295e+15 2.96853563e-04
4.84339704e+15 2.96883866e-04
4.84605112e+15 2.96921004e-04
4.84870521e+15 2.96957481e-04
4.85135929e+15 2.96987518e-04
4.85401338e+15 2.97022817e-04
4.85666746e+15 2.97059683e-04
4.85932155e+15 2.97090042e-04
4.86197563e+15 2.97124416e-04
4.86462972e+15 2.97160673e-04
4.86728380e+15 2.97192579e-04
4.86993789e+15 2.97225208e-04
4.87259197e+15 2.97258239e-04
4.87524606e+15 2.97294783e-04
4.87790014e+15 2.97327137e-04
4.88055423e+15 2.97359728e-04
4.88320831e+15 2.97392792e-04
4.88586240e+15 2.97428989e-04
4.88851648e+15 2.97461165e-04
4.89117057e+15 2.97492819e-04
4.89382465e+15 2.97525641e-04
4.89647874e+15 2.97560090e-04
4.89913282e+15 2.97591668e-04
4.90178691e+15 2.97626023e-04
4.90444099e+15 2.97657688e-04
4.90709508e+15 2.97692254e-04
4.90974916e+15 2.97724255e-04
4.91240325e+15 2.97755091e-04
4.91505733e+15 2.97787023e-04
4.91771142e+15 2.97821658e-04
4.92036550e+15 2.97855302e-04
4.92301959e+15 2.97886063e-04
4.92567367e+15 2.97917834e-04
4.92832776e+15 2.97949190e-04
4.93098184e+15 2.97983547e-04
4.93363593e+15 2.98015201e-04
4.93629001e+15 2.98046089e-04
4.93894410e+15 2.98077235e-04
4.94159818e+15 2.98108622e-04
4.94425227e+15 2.98141873e-04
4.94690635e+15 2.98175232e-04
4.94956044e+15 2.98207098e-04
4.95221452e+15 2.98237186e-04
4.95486861e+15 2.98268344e-04
4.95752269e+15 2.98301383e-04
4.96017678e+15 2.98332747e-04
4.96283086e+15 2.98362795e-04
4.96548495e+15 2.98394087e-04
4.96813903e+15 2.98424462e-04
4.97079312e+15 2.98456007e-04
4.97344720e+15 2.98487466e-04
4.97610129e+15 2.98519394e-04
4.97875538e+15 2.98550649e-04
4.98140946e+15 2.98580758e-04
4.98406355e+15 2.98608883e-04
4.98671763e+15 2.98639882e-04
4.98937172e+15 2.98674301e-04
4.99202580e+15 2.98705250e-04
4.99467989e+15 2.98734008e-04
4.99733397e+15 2.98764087e-04
4.99998806e+15 2.98793585e-04
5.00264214e+15 2.98824761e-04
5.00529623e+15 2.98854417e-04
5.00795031e+15 2.98885100e-04
5.01060440e+15 2.98916803e-04
5.01325848e+15 2.98947458e-04
5.01591257e+15 2.98976405e-04
5.01856665e+15 2.99005440e-04
5.02122074e+15 2.99034233e-04
5.02387482e+15 2.99063293e-04
5.02652891e+15 2.99093078e-04
5.02918299e+15 2.99123874e-04
5.03183708e+15 2.99153605e-04
5.03449116e+15 2.99185949e-04
5.03714525e+15 2.99215335e-04
5.03979933e+15 2.99243428e-04
5.04245342e+15 2.99273832e-04
5.04510750e+15 2.99300650e-04
5.04776159e+15 2.99330088e-04
5.05041567e+15 2.99359506e-04
5.05306976e+15 2.99386383e-04
5.05572384e+15 2.99417644e-04
5.05837793e+15 2.99444499e-04
5.06103201e+15 2.99474102e-04
5.06368610e+15 2.99503656e-04
5.06634018e+15 2.99531998e-04
5.06899427e+15 2.99564058e-04
5.07164835e+15 2.99591935e-04
5.07430244e+15 2.99621736e-04
5.07695652e+15 2.99648998e-04
5.07961061e+15 2.99676959e-04
5.08226469e+15 2.99705839e-04
5.08491878e+15 2.99733993e-04
5.08757286e+15 2.99762866e-04
5.09022695e+15 2.99789951e-04
5.09288103e+15 2.99819937e-04
5.09553512e+15 2.99847033e-04
5.09818920e+15 2.99875176e-04
5.10084329e+15 2.99903922e-04
5.10349737e+15 2.99930157e-04
5.10615146e+15 2.99957800e-04
5.10880554e+15 2.99986346e-04
5.11145963e+15 3.00012510e-04
5.11411371e+15 3.00041573e-04
5.11676780e+15 3.00068972e-04
5.11942188e+15 3.00094313e-04
5.12207597e+15 3.00125666e-04
5.12473005e+15 3.00169857e-04
5.12738414e+15 3.00248517e-04
5.13003822e+15 2.98442488e-04
5.13269231e+15 3.00386007e-04
5.13534639e+15 3.00291048e-04
5.13800048e+15 3.00289652e-04
5.14065456e+15 3.00313468e-04
5.14330865e+15 3.00341654e-04
5.14596273e+15 3.00369435e-04
5.14861682e+15 3.00395477e-04
5.15127090e+15 3.00421949e-04
5.15392499e+15 3.00448485e-04
5.15657907e+15 3.00474824e-04
5.15923316e+15 3.00502957e-04
5.16188724e+15 3.00528515e-04
5.16454133e+15 3.00554210e-04
5.16719541e+15 3.00580582e-04
5.16984950e+15 3.00609190e-04
5.17250358e+15 3.00633892e-04
5.17515767e+15 3.00660737e-04
5.17781175e+15 3.00687623e-04
5.18046584e+15 3.00713482e-04
5.18311992e+15 3.00738106e-04
5.18577401e+15 3.00763003e-04
5.18842809e+15 3.00788639e-04
5.19108218e+15 3.00812811e-04
5.19373626e+15 3.00842145e-04
5.19639035e+15 3.00865968e-04
5.19904443e+15 3.00891160e-04
5.20169852e+15 3.00918634e-04
5.20435260e+15 3.00944372e-04
5.20700669e+15 3.00970746e-04
5.20966077e+15 3.00994547e-04
5.21231486e+15 3.01022157e-04
5.21496894e+15 3.01047321e-04
5.21762303e+15 3.01068730e-04
5.22027711e+15 3.01094204e-04
5.22293120e+15 3.01119777e-04
5.22558528e+15 3.01143767e-04
5.22823937e+15 3.01169184e-04
5.23089345e+15 3.01195684e-04
5.23354754e+15 3.01220092e-04
5.23620162e+15 3.01244760e-04
5.23885571e+15 3.01270857e-04
5.24150979e+15 3.01294302e-04
5.24416388e+15 3.01318898e-04
5.24681796e+15 3.01341993e-04
5.24947205e+15 3.01367470e-04
5.25212613e+15 3.01393206e-04
5.25478022e+15 3.01417166e-04
5.25743430e+15 3.01439869e-04
5.26008839e+15 3.01464466e-04
5.26274247e+15 3.01490453e-04
5.26539656e+15 3.01512074e-04
5.26805065e+15 3.01534676e-04
5.27070473e+15 3.01560748e-04
5.27335882e+15 3.01585858e-04
5.27601290e+15 3.01609904e-04
5.27866699e+15 3.01633447e-04
5.28132107e+15 3.01654613e-04
5.28397516e+15 3.01678097e-04
5.28662924e+15 3.01703471e-04
5.28928333e+15 3.01726468e-04
5.29193741e+15 3.01750831e-04
5.29459150e+15 3.01773641e-04
5.29724558e+15 3.01794248e-04
5.29989967e+15 3.01820087e-04
5.30255375e+15 3.01843126e-04
5.30520784e+15 3.01866375e-04
5.30786192e+15 3.01889141e-04
5.31051601e+15 3.01910314e-04
5.31317009e+15 3.01935196e-04
5.31582418e+15 3.01958166e-04
5.31847826e+15 3.01981070e-04
5.32113235e+15 3.02004390e-04
5.32378643e+15 3.02023792e-04
5.32644052e+15 3.02048687e-04
5.32909460e+15 3.02071883e-04
5.33174869e+15 3.02094487e-04
5.33440277e+15 3.02117091e-04
5.33705686e+15 3.02136553e-04
5.33971094e+15 3.02159135e-04
5.34236503e+15 3.02183486e-04
5.34501911e+15 3.02206831e-04
5.34767320e+15 3.02227000e-04
5.35032728e+15 3.02249453e-04
5.35298137e+15 3.02271777e-04
5.35563545e+15 3.02294695e-04
5.35828954e+15 3.02315717e-04
5.36094362e+15 3.02336936e-04
5.36359771e+15 3.02358390e-04
5.36625179e+15 3.02380465e-04
5.36890588e+15 3.02402654e-04
5.37155996e+15 3.02421896e-04
5.37421405e+15 3.02446357e-04
5.37686813e+15 3.02469504e-04
5.37952222e+15 3.02488295e-04
5.38217630e+15 3.02509193e-04
5.38483039e+15 3.02530738e-04
5.38748447e+15 3.02552033e-04
5.39013856e+15 3.02570495e-04
5.39279264e+15 3.02591998e-04
5.39544673e+15 3.02613579e-04
5.39810081e+15 3.02635616e-04
5.40075490e+15 3.02656363e-04
5.40340898e+15 3.02679126e-04
5.40606307e+15 3.02700188e-04
5.40871715e+15 3.02719863e-04
5.41137124e+15 3.02740257e-04
5.41402532e+15 3.02760874e-04
5.41667941e+15 3.02780353e-04
5.41933349e+15 3.02800336e-04
5.42198758e+15 3.02824522e-04
5.42464166e+15 3.02843589e-04
5.42729575e+15 3.02862933e-04
5.42994983e+15 3.02883823e-04
5.43260392e+15 3.02902950e-04
5.43525800e+15 3.02922921e-04
5.43791209e+15 3.02943470e-04
5.44056617e+15 3.02963965e-04
5.44322026e+15 3.02981714e-04
5.44587434e+15 3.03001901e-04
5.44852843e+15 3.03023127e-04
5.45118251e+15 3.03040494e-04
5.45383660e+15 3.03064420e-04
5.45649068e+15 3.03084005e-04
5.45914477e+15 3.03100349e-04
5.46179885e+15 3.03121405e-04
5.46445294e+15 3.03139787e-04
5.46710702e+15 3.03159270e-04
5.46976111e+15 3.03179291e-04
5.47241519e+15 3.03198280e-04
5.47506928e+15 3.03216463e-04
5.47772336e+15 3.03236885e-04
5.48037745e+15 3.03254572e-04
5.48303153e+15 3.03273793e-04
5.48568562e+15 3.03294258e-04
5.48833970e+15 3.03311046e-04
5.49099379e+15 3.03331495e-04
5.49364787e+15 3.03348192e-04
5.49630196e+15 3.03366761e-04
5.49895604e+15 3.03386523e-04
5.50161013e+15 3.03403826e-04
5.50426421e+15 3.03422749e-04
5.50691830e+15 3.03442017e-04
5.50957238e+15 3.03459948e-04
5.51222647e+15 3.03477629e-04
5.51488055e+15 3.03494692e-04
5.51753464e+15 3.03514881e-04
5.52018872e+15 3.03534875e-04
5.52284281e+15 3.03550068e-04
5.52549689e+15 3.03568488e-04
5.52815098e+15 3.03587980e-04
5.53080506e+15 3.03607240e-04
5.53345915e+15 3.03621239e-04
5.53611323e+15 3.03640542e-04
5.53876732e+15 3.03658620e-04
5.54142140e+15 3.03675131e-04
5.54407549e+15 3.03692065e-04
5.54672957e+15 3.03709084e-04
5.54938366e+15 3.03729187e-04
5.55203774e+15 3.03746012e-04
5.55469183e+15 3.03763423e-04
5.55734591e+15 3.03779819e-04
5.56000000e+15 3.03796678e-04
5.56265409e+15 3.03815036e-04
5.56530817e+15 3.03833450e-04
5.56796226e+15 3.03850726e-04
5.57061634e+15 3.03866254e-04
5.57327043e+15 3.03883990e-04
5.57592451e+15 3.03894039e-04
5.57857860e+15 3.03897047e-04
5.58123268e+15 3.03723854e-04
5.58388677e+15 3.03811562e-04
5.58654085e+15 3.03951831e-04
5.58919494e+15 3.03978587e-04
5.59184902e+15 3.03999301e-04
5.59450311e+15 3.04018112e-04
5.59715719e+15 3.04036266e-04
5.59981128e+15 3.04050880e-04
5.60246536e+15 3.04066996e-04
5.60511945e+15 3.04082467e-04
5.60777353e+15 3.04098870e-04
5.61042762e+15 3.04114457e-04
5.61308170e+15 3.04128282e-04
5.61573579e+15 3.04144771e-04
5.61838987e+15 3.04161695e-04
5.62104396e+15 3.04177277e-04
5.62369804e+15 3.04192628e-04
5.62635213e+15 3.04208984e-04
5.62900621e+15 3.04226176e-04
5.63166030e+15 3.04242270e-04
5.63431438e+15 3.04257443e-04
5.63696847e+15 3.04273885e-04
5.63962255e+15 3.04288811e-04
5.64227664e+15 3.04302924e-04
5.64493072e+15 3.04316853e-04
5.64758481e+15 3.04331779e-04
5.65023889e+15 3.04349757e-04
5.65289298e+15 3.04361883e-04
5.65554706e+15 3.04379388e-04
5.65820115e+15 3.04395710e-04
5.66085523e+15 3.04410879e-04
5.66350932e+15 3.04425461e-04
5.66616340e+15 3.04440584e-04
5.66881749e+15 3.04453460e-04
5.67147157e+15 3.04467402e-04
5.67412566e+15 3.04481345e-04
5.67677974e+15 3.04497981e-04
5.67943383e+15 3.04510778e-04
5.68208791e+15 3.04524722e-04
5.68474200e+15 3.04539517e-04
5.68739608e+15 3.04553866e-04
5.69005017e+15 3.04566667e-04
5.69270425e+15 3.04583178e-04
5.69535834e+15 3.04595350e-04
5.69801242e+15 3.04612223e-04
5.70066651e+15 3.04625971e-04
5.70332059e+15 3.04639784e-04
5.70597468e+15 3.04652730e-04
5.70862876e+15 3.04666889e-04
5.71128285e+15 3.04680670e-04
5.71393693e+15 3.04693919e-04
5.71659102e+15 3.04708612e-04
5.71924510e+15 3.04723176e-04
5.72189919e+15 3.04735020e-04
5.72455327e+15 3.04746665e-04
5.72720736e+15 3.04761955e-04
5.72986144e+15 3.04777504e-04
5.73251553e+15 3.04784066e-04
5.73516961e+15 3.04759239e-04
5.73782370e+15 3.04673801e-04
5.74047778e+15 2.95988324e-04
5.74313187e+15 3.04595226e-04
5.74578595e+15 3.04800223e-04
5.74844004e+15 3.04851699e-04
5.75109412e+15 3.04880985e-04
5.75374821e+15 3.04893255e-04
5.75640229e+15 3.04905337e-04
5.75905638e+15 3.04918652e-04
5.76171046e+15 3.04933792e-04
5.76436455e+15 3.04944806e-04
5.76701863e+15 3.04957234e-04
5.76967272e+15 3.04969976e-04
5.77232680e+15 3.04982237e-04
5.77498089e+15 3.04995739e-04
5.77763497e+15 3.05006966e-04
5.78028906e+15 3.05019527e-04
5.78294314e+15 3.05030205e-04
5.78559723e+15 3.05041618e-04
5.78825131e+15 3.05055747e-04
5.79090540e+15 3.05067850e-04
5.79355948e+15 3.05077526e-04
5.79621357e+15 3.05090003e-04
5.79886765e+15 3.05103181e-04
5.80152174e+15 3.05115800e-04
5.80417582e+15 3.05125747e-04
5.80682991e+15 3.05137356e-04
5.80948399e+15 3.05149965e-04
5.81213808e+15 3.05159457e-04
5.81479216e+15 3.05171833e-04
5.81744625e+15 3.05181659e-04
5.82010033e+15 3.05192702e-04
5.82275442e+15 3.05207916e-04
5.82540850e+15 3.05217766e-04
5.82806259e+15 3.05229764e-04
5.83071667e+15 3.05239701e-04
5.83337076e+15 3.05250565e-04
5.83602484e+15 3.05262368e-04
5.83867893e+15 3.05271591e-04
5.84133301e+15 3.05283990e-04
5.84398710e+15 3.05296996e-04
5.84664118e+15 3.05304126e-04
5.84929527e+15 3.05314740e-04
5.85194935e+15 3.05325895e-04
5.85460344e+15 3.05336635e-04
5.85725753e+15 3.05346279e-04
5.85991161e+15 3.05358362e-04
5.86256570e+15 3.05369177e-04
5.86521978e+15 3.05380115e-04
5.86787387e+15 3.05389459e-04
5.87052795e+15 3.05397885e-04
5.87318204e+15 3.05410132e-04
5.87583612e+15 3.05419561e-04
5.87849021e+15 3.05044873e-04
5.88114429e+15 3.05440911e-04
5.88379838e+15 3.05452269e-04
5.88645246e+15 3.05458163e-04
5.88910655e+15 3.05469440e-04
5.89176063e+15 3.05478790e-04
5.89441472e+15 3.05483922e-04
5.89706880e+15 3.05497807e-04
5.89972289e+15 3.05508396e-04
5.90237697e+15 3.05519052e-04
5.90503106e+15 3.05527505e-04
5.90768514e+15 3.05536215e-04
5.91033923e+15 3.05545094e-04
5.91299331e+15 3.05556408e-04
5.91564740e+15 3.05565466e-04
5.91830148e+15 3.05574001e-04
5.92095557e+15 3.05580658e-04
5.92360965e+15 3.05593218e-04
5.92626374e+15 3.05600972e-04
5.92891782e+15 3.05607495e-04
5.93157191e+15 3.05617219e-04
5.93422599e+15 3.05627545e-04
5.93688008e+15 3.05636727e-04
5.93953416e+15 3.05644197e-04
5.94218825e+15 3.05650753e-04
5.94484233e+15 3.05662772e-04
5.94749642e+15 3.04232061e-04
5.95015050e+15 3.04231636e-04
5.95280459e+15 3.04232073e-04
5.95545867e+15 3.04230201e-04
5.95811276e+15 3.04230517e-04
5.96076684e+15 3.04226316e-04
5.96342093e+15 3.04228523e-04
5.96607501e+15 3.04228337e-04
5.96872910e+15 3.04224817e-04
5.97138318e+15 3.04224627e-04
5.97403727e+15 3.04222218e-04
5.97669135e+15 3.04219915e-04
5.97934544e+15 3.04220726e-04
5.98199952e+15 3.04220368e-04
5.98465361e+15 3.04219707e-04
5.98730769e+15 3.04218038e-04
5.98996178e+15 3.04213487e-04
5.99261586e+15 3.04213530e-04
5.99526995e+15 3.04212024e-04
5.99792403e+15 3.04210635e-04
6.00057812e+15 3.04210489e-04
6.00323220e+15 3.04206856e-04
6.00588629e+15 3.04204779e-04
6.00854037e+15 3.04203211e-04
6.01119446e+15 3.04200434e-04
6.01384854e+15 3.04200315e-04
6.01650263e+15 3.04198606e-04
6.01915671e+15 3.04198914e-04
6.02181080e+15 3.04196771e-04
6.02446488e+15 3.04193988e-04
6.02711897e+15 3.04193204e-04
6.02977305e+15 3.04189873e-04
6.03242714e+15 3.04189486e-04
6.03508122e+15 3.04186045e-04
6.03773531e+15 3.04185351e-04
6.04038939e+15 3.04180797e-04
6.04304348e+15 3.04178968e-04
6.04569756e+15 3.04177855e-04
6.04835165e+15 3.04172961e-04
6.05100573e+15 3.04172211e-04
6.05365982e+15 3.04168222e-04
6.05631390e+15 3.04164812e-04
6.05896799e+15 3.04163941e-04
6.06162207e+15 3.04162978e-04
6.06427616e+15 3.04160939e-04
6.06693024e+15 3.04157327e-04
6.06958433e+15 3.04154792e-04
6.07223841e+15 3.04151634e-04
6.07489250e+15 3.04149829e-04
6.07754658e+15 3.04146280e-04
6.08020067e+15 3.04144419e-04
6.08285475e+15 3.04140879e-04
6.08550884e+15 3.04137943e-04
6.08816292e+15 3.04134450e-04
6.09081701e+15 3.04132407e-04
6.09347109e+15 3.04126425e-04
6.09612518e+15 3.04123854e-04
6.09877926e+15 3.04122697e-04
6.10143335e+15 3.04118767e-04
6.10408743e+15 3.04120076e-04
6.10674152e+15 3.04116159e-04
6.10939560e+15 3.04114224e-04
6.11204969e+15 3.04110595e-04
6.11470377e+15 3.04108175e-04
6.11735786e+15 3.04102573e-04
6.12001194e+15 3.04099064e-04
6.12266603e+15 3.04095629e-04
6.12532011e+15 3.04092699e-04
6.12797420e+15 3.04089213e-04
6.13062828e+15 3.04084631e-04
6.13328237e+15 3.04080642e-04
6.13593645e+15 3.04077954e-04
6.13859054e+15 3.04075211e-04
6.14124462e+15 3.04071477e-04
6.14389871e+15 3.04068411e-04
6.14655280e+15 3.04062802e-04
6.14920688e+15 3.04059987e-04
6.15186097e+15 3.04056758e-04
6.15451505e+15 3.04053706e-04
6.15716914e+15 3.04047270e-04
6.15982322e+15 3.04045260e-04
6.16247731e+15 3.04040747e-04
6.16513139e+15 3.04035397e-04
6.16778548e+15 3.04031023e-04
6.17043956e+15 3.04027157e-04
6.17309365e+15 3.04021937e-04
6.17574773e+15 3.04019956e-04
6.17840182e+15 3.04015212e-04
6.18105590e+15 3.04009958e-04
6.18370999e+15 3.04006157e-04
6.18636407e+15 3.04003793e-04
6.18901816e+15 3.03998796e-04
6.19167224e+15 3.03995059e-04
6.19432633e+15 3.03991464e-04
6.19698041e+15 3.03987470e-04
6.19963450e+15 3.03981943e-04
6.20228858e+15 3.03979166e-04
6.20494267e+15 3.03973823e-04
6.20759675e+15 3.03967003e-04
6.21025084e+15 3.03961239e-04
6.21290492e+15 3.03957893e-04
6.21555901e+15 3.03952954e-04
6.21821309e+15 3.03948472e-04
6.22086718e+15 3.03944265e-04
6.22352126e+15 3.03939953e-04
6.22617535e+15 3.03934947e-04
6.22882943e+15 3.03929421e-04
6.23148352e+15 3.03925002e-04
6.23413760e+15 3.03918042e-04
6.23679169e+15 3.03913066e-04
6.23944577e+15 3.03907242e-04
6.24209986e+15 3.03904868e-04
6.24475394e+15 3.03899501e-04
6.24740803e+15 3.03893721e-04
6.25006211e+15 3.03889576e-04
6.25271620e+15 3.03883844e-04
6.25537028e+15 3.03878258e-04
6.25802437e+15 3.03871637e-04
6.26067845e+15 3.03865192e-04
6.26333254e+15 3.03862430e-04
6.26598662e+15 3.03855777e-04
6.26864071e+15 3.03852456e-04
6.27129479e+15 3.03842492e-04
6.27394888e+15 3.03837876e-04
6.27660296e+15 3.03832729e-04
6.27925705e+15 3.03827390e-04
6.28191113e+15 3.03825121e-04
6.28456522e+15 3.03817847e-04
6.28721930e+15 3.03808939e-04
6.28987339e+15 3.03804698e-04
6.29252747e+15 3.03799614e-04
6.29518156e+15 3.03794388e-04
6.29783564e+15 3.03788436e-04
6.30048973e+15 3.03781300e-04
6.30314381e+15 3.03776121e-04
6.30579790e+15 3.03767919e-04
6.30845198e+15 3.03761278e-04
6.31110607e+15 3.03757791e-04
6.31376015e+15 3.03751717e-04
6.31641424e+15 3.03741946e-04
6.31906832e+15 3.03739293e-04
6.32172241e+15 3.03731253e-04
6.32437649e+15 3.03725528e-04
6.32703058e+15 3.03719144e-04
6.32968466e+15 3.03711751e-04
6.33233875e+15 3.03707199e-04
6.33499283e+15 3.03701300e-04
6.33764692e+15 3.03694138e-04
6.34030100e+15 3.03688079e-04
6.34295509e+15 3.03679327e-04
6.34560917e+15 3.03673609e-04
6.34826326e+15 3.03668773e-04
6.35091734e+15 3.03658693e-04
6.35357143e+15 3.03652800e-04
6.35622551e+15 3.03648412e-04
6.35887960e+15 3.03641428e-04
6.36153368e+15 3.03630250e-04
6.36418777e+15 3.03623777e-04
6.36684185e+15 3.03620344e-04
6.36949594e+15 3.03611467e-04
6.37215002e+15 3.03603709e-04
6.37480411e+15 3.03597878e-04
6.37745819e+15 3.03590467e-04
6.38011228e+15 3.03581292e-04
6.38276636e+15 3.03576029e-04
6.38542045e+15 3.03567653e-04
6.38807453e+15 3.03562197e-04
6.39072862e+15 3.03551457e-04
6.39338270e+15 3.03547036e-04
6.39603679e+15 3.03539798e-04
6.39869087e+15 3.03529857e-04
6.40134496e+15 3.03524315e-04
6.40399904e+15 3.03516576e-04
6.40665313e+15 3.03507438e-04
6.40930721e+15 3.03499792e-04
6.41196130e+15 3.03495576e-04
6.41461538e+15 3.03485011e-04
6.41726947e+15 3.03476679e-04
6.41992355e+15 3.03472675e-04
6.42257764e+15 3.03461350e-04
6.42523172e+15 3.03453038e-04
6.42788581e+15 3.03445127e-04
6.43053989e+15 3.03438701e-04
6.43319398e+15 3.03431552e-04
6.43584806e+15 3.03422372e-04
6.43850215e+15 3.03412334e-04
6.44115624e+15 3.03408805e-04
6.44381032e+15 3.03399062e-04
6.44646441e+15 3.03387014e-04
6.44911849e+15 3.03382268e-04
6.45177258e+15 3.03376010e-04
6.45442666e+15 3.03365006e-04
6.45708075e+15 3.03356964e-04
6.45973483e+15 3.03345370e-04
6.46238892e+15 3.03338374e-04
6.46504300e+15 3.03332863e-04
6.46769709e+15 3.03323298e-04
6.47035117e+15 3.03313406e-04
6.47300526e+15 3.03301554e-04
6.47565934e+15 3.03296978e-04
6.47831343e+15 3.03290178e-04
6.48096751e+15 3.03278859e-04
6.48362160e+15 3.03270163e-04
6.48627568e+15 3.03259456e-04
6.48892977e+15 3.03253903e-04
6.49158385e+15 3.03246701e-04
6.49423794e+15 3.03235966e-04
6.49689202e+15 3.03226078e-04
6.49954611e+15 3.03214775e-04
6.50220019e+15 3.03206891e-04
6.50485428e+15 3.03198024e-04
6.50750836e+15 3.03190535e-04
6.51016245e+15 3.03182443e-04
6.51281653e+15 3.03171223e-04
6.51547062e+15 3.03161457e-04
6.51812470e+15 3.03152245e-04
6.52077879e+15 3.03143302e-04
6.52343287e+15 3.03133975e-04
6.52608696e+15 3.03123648e-04
6.52874104e+15 3.03112866e-04
6.53139513e+15 3.03102672e-04
6.53404921e+15 3.03093943e-04
6.53670330e+15 3.03085746e-04
6.53935738e+15 3.03076449e-04
6.54201147e+15 3.03066085e-04
6.54466555e+15 3.03058808e-04
6.54731964e+15 3.03047949e-04
6.54997372e+15 3.03037139e-04
6.55262781e+15 3.03030649e-04
6.55528189e+15 3.03019207e-04
6.55793598e+15 3.03009119e-04
6.56059006e+15 3.02997500e-04
6.56324415e+15 3.02987865e-04
6.56589823e+15 3.02975793e-04
6.56855232e+15 3.02967244e-04
6.57120640e+15 3.02956229e-04
6.57386049e+15 3.02945938e-04
6.57651457e+15 3.02937669e-04
6.57916866e+15 3.02925814e-04
6.58182274e+15 3.02915589e-04
6.58447683e+15 3.02904847e-04
6.58713091e+15 3.02894342e-04
6.58978500e+15 3.02883066e-04
6.59243908e+15 3.02873600e-04
6.59509317e+15 3.02863127e-04
6.59774725e+15 3.02854616e-04
6.60040134e+15 3.02783017e-04
6.60305542e+15 3.02741647e-04
6.60570951e+15 3.02731772e-04
6.60836359e+15 3.02725061e-04
6.61101768e+15 3.02717501e-04
6.61367176e+15 3.02707493e-04
6.61632585e+15 3.02697510e-04
6.61897993e+15 3.02688475e-04
6.62163402e+15 3.02679496e-04
6.62428810e+15 3.02670007e-04
6.62694219e+15 3.02663553e-04
6.62959627e+15 3.02652856e-04
6.63225036e+15 3.02644249e-04
6.63490444e+15 3.02633511e-04
6.63755853e+15 3.02626008e-04
6.64021261e+15 3.02615893e-04
6.64286670e+15 3.02609428e-04
6.64552078e+15 3.02596528e-04
6.64817487e+15 3.02589080e-04
6.65082895e+15 3.02577372e-04
6.65348304e+15 3.02569135e-04
6.65613712e+15 3.02558097e-04
6.65879121e+15 3.02549111e-04
6.66144529e+15 3.02538429e-04
6.66409938e+15 3.02531711e-04
6.66675346e+15 3.02522639e-04
6.66940755e+15 3.02513466e-04
6.67206163e+15 3.02503689e-04
6.67471572e+15 3.02492671e-04
6.67736980e+15 3.02482193e-04
6.68002389e+15 3.02471657e-04
6.68267797e+15 3.02460740e-04
6.68533206e+15 3.02450549e-04
6.68798614e+15 3.02441961e-04
6.69064023e+15 3.02435338e-04
6.69329431e+15 3.02423316e-04
6.69594840e+15 3.02412498e-04
6.69860248e+15 3.02402539e-04
6.70125657e+15 3.02389833e-04
6.70391065e+15 3.02382110e-04
6.70656474e+15 3.02370745e-04
6.70921882e+15 3.02360236e-04
6.71187291e+15 3.02351914e-04
6.71452699e+15 3.02338160e-04
6.71718108e+15 3.02328922e-04
6.71983516e+15 3.02318024e-04
6.72248925e+15 3.02309105e-04
6.72514333e+15 3.02301141e-04
6.72779742e+15 3.02288771e-04
6.73045151e+15 3.02277091e-04
6.73310559e+15 3.02268037e-04
6.73575968e+15 3.02256449e-04
6.73841376e+15 3.02244693e-04
6.74106785e+15 3.02234757e-04
6.74372193e+15 3.02221566e-04
6.74637602e+15 3.02211274e-04
6.74903010e+15 3.02202380e-04
6.75168419e+15 3.02190940e-04
6.75433827e+15 3.02176818e-04
6.75699236e+15 3.02167142e-04
6.75964644e+15 3.02156197e-04
6.76230053e+15 3.02143528e-04
6.76495461e+15 3.02133249e-04
6.76760870e+15 3.02122435e-04
6.77026278e+15 3.02110816e-04
6.77291687e+15 3.02099003e-04
6.77557095e+15 3.02087773e-04
6.77822504e+15 3.02077014e-04
6.78087912e+15 3.02065717e-04
6.78353321e+15 3.02053857e-04
6.78618729e+15 3.02042083e-04
6.78884138e+15 3.02030337e-04
6.79149546e+15 3.02019995e-04
6.79414955e+15 3.02007639e-04
6.79680363e+15 3.01994051e-04
6.79945772e+15 3.01981845e-04
6.80211180e+15 3.01972428e-04
6.80476589e+15 3.01960820e-04
6.80741997e+15 3.01947705e-04
6.81007406e+15 3.01936633e-04
6.81272814e+15 3.01923906e-04
6.81538223e+15 3.01910789e-04
6.81803631e+15 3.01899269e-04
6.82069040e+15 3.01887927e-04
6.82334448e+15 3.01875990e-04
6.82599857e+15 3.01863946e-04
6.82865265e+15 3.01850932e-04
6.83130674e+15 3.01838678e-04
6.83396082e+15 3.01828060e-04
6.83661491e+15 3.01815180e-04
6.83926899e+15 3.01802774e-04
6.84192308e+15 3.01789668e-04
6.84457716e+15 3.01777980e-04
6.84723125e+15 3.01765138e-04
6.84988533e+15 3.01752205e-04
6.85253942e+15 3.01740078e-04
6.85519350e+15 3.01726594e-04
6.85784759e+15 3.01715671e-04
6.86050167e+15 3.01704832e-04
6.86315576e+15 3.01689566e-04
6.86580984e+15 3.01674544e-04
6.86846393e+15 3.01660368e-04
6.87111801e+15 3.01649869e-04
6.87377210e+15 3.01636538e-04
6.87642618e+15 3.01624383e-04
6.87908027e+15 3.01611056e-04
6.88173435e+15 3.01597422e-04
6.88438844e+15 3.01582690e-04
6.88704252e+15 3.01572169e-04
6.88969661e+15 3.01559874e-04
6.89235069e+15 3.01546309e-04
6.89500478e+15 3.01532798e-04
6.89765886e+15 3.01517510e-04
6.90031295e+15 3.01501384e-04
6.90296703e+15 3.01488221e-04
6.90562112e+15 3.01476891e-04
6.90827520e+15 3.01464388e-04
6.91092929e+15 3.01449991e-04
6.91358337e+15 3.01438207e-04
6.91623746e+15 3.01423239e-04
6.91889154e+15 3.01407888e-04
6.92154563e+15 3.01394792e-04
6.92419971e+15 3.01381302e-04
6.92685380e+15 3.01367472e-04
6.92950788e+15 3.01353433e-04
6.93216197e+15 3.01339147e-04
6.93481605e+15 3.01325868e-04
6.93747014e+15 3.01312801e-04
6.94012422e+15 3.01297608e-04
6.94277831e+15 3.01282340e-04
6.94543239e+15 3.01268065e-04
6.94808648e+15 3.01252675e-04
6.95074056e+15 3.01241172e-04
6.95339465e+15 3.01227956e-04
6.95604873e+15 3.01213729e-04
6.95870282e+15 3.01200259e-04
6.96135690e+15 3.01186301e-04
6.96401099e+15 3.01170034e-04
6.96666507e+15 3.01153084e-04
6.96931916e+15 3.01138941e-04
6.97197324e+15 3.01125563e-04
6.97462733e+15 3.01110855e-04
6.97728141e+15 3.01095380e-04
6.97993550e+15 3.01079580e-04
6.98258958e+15 3.01064739e-04
6.98524367e+15 3.01049782e-04
6.98789775e+15 3.01034443e-04
6.99055184e+15 3.01021634e-04
6.99320592e+15 3.01009785e-04
6.99586001e+15 3.00994714e-04
6.99851409e+15 3.00978054e-04
7.00116818e+15 3.00962936e-04
7.00382226e+15 3.00949665e-04
7.00647635e+15 3.00933130e-04
7.00913043e+15 3.00917774e-04
7.01178452e+15 3.00900321e-04
7.01443860e+15 3.00886139e-04
7.01709269e+15 3.00872338e-04
7.01974677e+15 3.00856829e-04
7.02240086e+15 3.00839856e-04
7.02505495e+15 3.00823019e-04
7.02770903e+15 3.00808647e-04
7.03036312e+15 3.00795704e-04
7.03301720e+15 3.00778785e-04
7.03567129e+15 3.00763669e-04
7.03832537e+15 3.00746684e-04
7.04097946e+15 3.00730087e-04
7.04363354e+15 3.00714267e-04
7.04628763e+15 3.00700052e-04
7.04894171e+15 3.00684819e-04
7.05159580e+15 3.00667797e-04
7.05424988e+15 3.00651944e-04
7.05690397e+15 3.00636536e-04
7.05955805e+15 3.00618566e-04
7.06221214e+15 3.00599907e-04
7.06486622e+15 3.00585068e-04
7.06752031e+15 3.00570854e-04
7.07017439e+15 3.00556277e-04
7.07282848e+15 3.00539194e-04
7.07548256e+15 3.00522120e-04
7.07813665e+15 3.00506834e-04
7.08079073e+15 3.00490502e-04
7.08344482e+15 3.00471168e-04
7.08609890e+15 3.00455049e-04
7.08875299e+15 3.00441035e-04
7.09140707e+15 3.00424785e-04
7.09406116e+15 3.00406629e-04
7.09671524e+15 3.00390568e-04
7.09936933e+15 3.00373199e-04
7.10202341e+15 3.00354453e-04
7.10467750e+15 3.00336756e-04
7.10733158e+15 3.00320758e-04
7.10998567e+15 3.00305536e-04
7.11263975e+15 3.00287208e-04
7.11529384e+15 3.00271320e-04
7.11794792e+15 3.00255807e-04
7.12060201e+15 3.00239019e-04
7.12325609e+15 3.00219685e-04
7.12591018e+15 3.00202199e-04
7.12856426e+15 3.00186569e-04
7.13121835e+15 3.00169284e-04
7.13387243e+15 3.00150945e-04
7.13652652e+15 3.00135064e-04
7.13918060e+15 3.00119642e-04
7.14183469e+15 3.00100258e-04
7.14448877e+15 3.00080707e-04
7.14714286e+15 3.00063551e-04
7.14979694e+15 3.00046721e-04
7.15245103e+15 3.00029925e-04
7.15510511e+15 3.00012693e-04
7.15775920e+15 2.99993749e-04
7.16041328e+15 2.99977147e-04
7.16306737e+15 2.99959818e-04
7.16572145e+15 2.99939313e-04
7.16837554e+15 2.99923054e-04
7.17102962e+15 2.99907008e-04
7.17368371e+15 2.99887916e-04
7.17633779e+15 2.99868137e-04
7.17899188e+15 2.99850713e-04
7.18164596e+15 2.99834036e-04
7.18430005e+15 2.99814298e-04
7.18695413e+15 2.99798270e-04
7.18960822e+15 2.99780152e-04
7.19226230e+15 2.99760588e-04
7.19491639e+15 2.99743655e-04
7.19757047e+15 2.99725494e-04
7.20022456e+15 2.99706792e-04
7.20287864e+15 2.99688531e-04
7.20553273e+15 2.99667072e-04
7.20818681e+15 2.99649830e-04
7.21084090e+15 2.99634289e-04
7.21349498e+15 2.99614594e-04
7.21614907e+15 2.99595353e-04
7.21880315e+15 2.99576231e-04
7.22145724e+15 2.99557787e-04
7.22411132e+15 2.99540725e-04
7.22676541e+15 2.99522723e-04
7.22941949e+15 2.99498858e-04
7.23207358e+15 2.99482318e-04
7.23472766e+15 2.99463418e-04
7.23738175e+15 2.99446548e-04
7.24003583e+15 2.99426105e-04
7.24268992e+15 2.99406209e-04
7.24534400e+15 2.99388630e-04
7.24799809e+15 2.99370092e-04
7.25065217e+15 2.99348219e-04
7.25330626e+15 2.99330246e-04
7.25596034e+15 2.99309512e-04
7.25861443e+15 2.99292142e-04
7.26126851e+15 2.99271073e-04
7.26392260e+15 2.99251441e-04
7.26657668e+15 2.99232967e-04
7.26923077e+15 2.99213237e-04
7.27188485e+15 2.99193608e-04
7.27453894e+15 2.99173150e-04
7.27719302e+15 2.99155201e-04
7.27984711e+15 2.99133388e-04
7.28250119e+15 2.99114780e-04
7.28515528e+15 2.99094946e-04
7.28780936e+15 2.99074616e-04
7.29046345e+15 2.99055673e-04
7.29311753e+15 2.99035705e-04
7.29577162e+15 2.99014267e-04
7.29842570e+15 2.98993730e-04
7.30107979e+15 2.98974736e-04
7.30373387e+15 2.98953080e-04
7.30638796e+15 2.98933880e-04
7.30904204e+15 2.98915250e-04
7.31169613e+15 2.98894209e-04
7.31435022e+15 2.98874539e-04
7.31700430e+15 2.98853855e-04
7.31965839e+15 2.98832583e-04
7.32231247e+15 2.98812194e-04
7.32496656e+15 2.98793501e-04
7.32762064e+15 2.98772416e-04
7.33027473e+15 2.98750556e-04
7.33292881e+15 2.98731065e-04
7.33558290e+15 2.98708721e-04
7.33823698e+15 2.98691342e-04
7.34089107e+15 2.98669606e-04
7.34354515e+15 2.98648992e-04
7.34619924e+15 2.98627886e-04
7.34885332e+15 2.98606803e-04
7.35150741e+15 2.98585886e-04
7.35416149e+15 2.98563983e-04
7.35681558e+15 2.98543215e-04
7.35946966e+15 2.98523103e-04
7.36212375e+15 2.98502782e-04
7.36477783e+15 2.98481219e-04
7.36743192e+15 2.98460074e-04
7.37008600e+15 2.98439054e-04
7.37274009e+15 2.98417505e-04
7.37539417e+15 2.98398131e-04
7.37804826e+15 2.98375029e-04
7.38070234e+15 2.98355055e-04
7.38335643e+15 2.98331062e-04
7.38601051e+15 2.98310112e-04
7.38866460e+15 2.98289308e-04
7.39131868e+15 2.98266249e-04
7.39397277e+15 2.98248064e-04
7.39662685e+15 2.98224583e-04
7.39928094e+15 2.98203864e-04
7.40193502e+15 2.98181877e-04
7.40458911e+15 2.98159168e-04
7.40724319e+15 2.98137584e-04
7.40989728e+15 2.98116740e-04
7.41255136e+15 2.98093961e-04
7.41520545e+15 2.98071896e-04
7.41785953e+15 2.98051051e-04
7.42051362e+15 2.98026611e-04
7.42316770e+15 2.98005985e-04
7.42582179e+15 2.97984885e-04
7.42847587e+15 2.97961330e-04
7.43112996e+15 2.97940298e-04
7.43378404e+15 2.97918168e-04
7.43643813e+15 2.97895124e-04
7.43909221e+15 2.97872150e-04
7.44174630e+15 2.97849736e-04
7.44440038e+15 2.97827080e-04
7.44705447e+15 2.97803905e-04
7.44970855e+15 2.97781370e-04
7.45236264e+15 2.97761347e-04
7.45501672e+15 2.97736478e-04
7.45767081e+15 2.97714412e-04
7.46032489e+15 2.97692796e-04
7.46297898e+15 2.97669714e-04
7.46563306e+15 2.97646099e-04
7.46828715e+15 2.97625042e-04
7.47094123e+15 2.97602566e-04
7.47359532e+15 2.97580250e-04
7.47624940e+15 2.97555950e-04
7.47890349e+15 2.97533277e-04
7.48155757e+15 2.97511387e-04
7.48421166e+15 2.97487608e-04
7.48686574e+15 2.97462124e-04
7.48951983e+15 2.97442029e-04
7.49217391e+15 2.97419291e-04
7.49482800e+15 2.97394108e-04
7.49748208e+15 2.97371352e-04
7.50013617e+15 2.97349553e-04
7.50279025e+15 2.97324293e-04
7.50544434e+15 2.97300630e-04
7.50809842e+15 2.97277348e-04
7.51075251e+15 2.97254289e-04
7.51340659e+15 2.97231786e-04
7.51606068e+15 2.97207709e-04
7.51871476e+15 2.97182889e-04
7.52136885e+15 2.97161766e-04
7.52402293e+15 2.97138132e-04
7.52667702e+15 2.97112177e-04
7.52933110e+15 2.97086547e-04
7.53198519e+15 2.97064305e-04
7.53463927e+15 2.97042302e-04
7.53729336e+15 2.97016556e-04
7.53994744e+15 2.96992601e-04
7.54260153e+15 2.96966827e-04
7.54525561e+15 2.96945179e-04
7.54790970e+15 2.96921603e-04
7.55056378e+15 2.96895785e-04
7.55321787e+15 2.96870167e-04
7.55587195e+15 2.96847144e-04
7.55852604e+15 2.96824447e-04
7.56118012e+15 2.96799286e-04
7.56383421e+15 2.96775724e-04
7.56648829e+15 2.96751960e-04
7.56914238e+15 2.96727316e-04
7.57179646e+15 2.96702788e-04
7.57445055e+15 2.96677612e-04
7.57710463e+15 2.96654108e-04
7.57975872e+15 2.96628259e-04
7.58241280e+15 2.96602305e-04
7.58506689e+15 2.96577749e-04
7.58772097e+15 2.96554493e-04
7.59037506e+15 2.96530562e-04
7.59302914e+15 2.96504525e-04
7.59568323e+15 2.96479024e-04
7.59833731e+15 2.96452756e-04
7.60099140e+15 2.96428432e-04
7.60364548e+15 2.96406199e-04
7.60629957e+15 2.96378797e-04
7.60895366e+15 2.96354122e-04
7.61160774e+15 2.96327489e-04
7.61426183e+15 2.96301031e-04
7.61691591e+15 2.96277604e-04
7.61957000e+15 2.96255810e-04
7.62222408e+15 2.96228572e-04
7.62487817e+15 2.96202816e-04
7.62753225e+15 2.96176389e-04
7.63018634e+15 2.96150374e-04
7.63284042e+15 2.96125424e-04
7.63549451e+15 2.96101412e-04
7.63814859e+15 2.96077250e-04
7.64080268e+15 2.96050708e-04
7.64345676e+15 2.96024744e-04
7.64611085e+15 2.95998337e-04
7.64876493e+15 2.95971519e-04
7.65141902e+15 2.95945533e-04
7.65407310e+15 2.95922256e-04
7.65672719e+15 2.95896327e-04
7.65938127e+15 2.95870451e-04
7.66203536e+15 2.95845330e-04
7.66468944e+15 2.95818809e-04
7.66734353e+15 2.95790270e-04
7.66999761e+15 2.95762493e-04
7.67265170e+15 2.95737361e-04
7.67530578e+15 2.95712973e-04
7.67795987e+15 2.95687074e-04
7.68061395e+15 2.95660223e-04
7.68326804e+15 2.95633464e-04
7.68592212e+15 2.95606953e-04
7.68857621e+15 2.95583022e-04
7.69123029e+15 2.95555824e-04
7.69388438e+15 2.95528746e-04
7.69653846e+15 2.95502025e-04
7.69919255e+15 2.95474812e-04
7.70184663e+15 2.95447235e-04
7.70450072e+15 2.95421228e-04
7.70715480e+15 2.95396363e-04
7.70980889e+15 2.95369010e-04
7.71246297e+15 2.95340614e-04
7.71511706e+15 2.95314483e-04
7.71777114e+15 2.95287153e-04
7.72042523e+15 2.95260658e-04
7.72307931e+15 2.95235768e-04
7.72573340e+15 2.95209362e-04
7.72838748e+15 2.95181228e-04
7.73104157e+15 2.95154332e-04
7.73369565e+15 2.95127058e-04
7.73634974e+15 2.95101114e-04
7.73900382e+15 2.95072958e-04
7.74165791e+15 2.95044362e-04
7.74431199e+15 2.95016913e-04
7.74696608e+15 2.94988862e-04
7.74962016e+15 2.94961584e-04
7.75227425e+15 2.94934336e-04
7.75492833e+15 2.94907090e-04
7.75758242e+15 2.94879771e-04
7.76023650e+15 2.94852122e-04
7.76289059e+15 2.94823100e-04
7.76554467e+15 2.94795313e-04
7.76819876e+15 2.94768514e-04
7.77085284e+15 2.94740790e-04
7.77350693e+15 2.94712080e-04
7.77616101e+15 2.94685075e-04
7.77881510e+15 2.94657329e-04
7.78146918e+15 2.94628400e-04
7.78412327e+15 2.94600660e-04
7.78677735e+15 2.94574078e-04
7.78943144e+15 2.94547268e-04
7.79208552e+15 2.94518080e-04
7.79473961e+15 2.94490975e-04
7.79739369e+15 2.94463051e-04
7.80004778e+15 2.94434117e-04
7.80270186e+15 2.94405191e-04
7.80535595e+15 2.94378316e-04
7.80801003e+15 2.94350598e-04
7.81066412e+15 2.94321458e-04
7.81331820e+15 2.94293410e-04
7.81597229e+15 2.94265581e-04
7.81862637e+15 2.94236061e-04
7.82128046e+15 2.94208353e-04
7.82393454e+15 2.94179835e-04
7.82658863e+15 2.94152196e-04
7.82924271e+15 2.94124046e-04
7.83189680e+15 2.94094345e-04
7.83455088e+15 2.94064212e-04
7.83720497e+15 2.94036654e-04
7.83985905e+15 2.94007767e-04
7.84251314e+15 2.93978817e-04
7.84516722e+15 2.93950304e-04
7.84782131e+15 2.93921603e-04
7.85047539e+15 2.93890365e-04
7.85312948e+15 2.93861435e-04
7.85578356e+15 2.93832489e-04
7.85843765e+15 2.93803171e-04
7.86109173e+15 2.93773873e-04
7.86374582e+15 2.93743562e-04
7.86639990e+15 2.93713838e-04
7.86905399e+15 2.93685280e-04
7.87170807e+15 2.93656869e-04
7.87436216e+15 2.93627954e-04
7.87701624e+15 2.93600187e-04
7.87967033e+15 2.93571179e-04
7.88232441e+15 2.93542600e-04
7.88497850e+15 2.93512694e-04
7.88763258e+15 2.93481070e-04
7.89028667e+15 2.93450221e-04
7.89294075e+15 2.93419424e-04
7.89559484e+15 2.93391203e-04
7.89824892e+15 2.93362637e-04
7.90090301e+15 2.93332918e-04
7.90355710e+15 2.93303660e-04
7.90621118e+15 2.93272770e-04
7.90886527e+15 2.93243172e-04
7.91151935e+15 2.93214544e-04
7.91417344e+15 2.93185116e-04
7.91682752e+15 2.93152507e-04
7.91948161e+15 2.93122217e-04
7.92213569e+15 2.93091893e-04
7.92478978e+15 2.93062162e-04
7.92744386e+15 2.93033047e-04
7.93009795e+15 2.93004121e-04
7.93275203e+15 2.92973639e-04
7.93540612e+15 2.92941594e-04
7.93806020e+15 2.92910631e-04
7.94071429e+15 2.92880486e-04
7.94336837e+15 2.92849874e-04
7.94602246e+15 2.92819234e-04
7.94867654e+15 2.92788852e-04
7.95133063e+15 2.92758712e-04
7.95398471e+15 2.92728750e-04
7.95663880e+15 2.92698692e-04
7.95929288e+15 2.92666799e-04
7.96194697e+15 2.92634612e-04
7.96460105e+15 2.92604131e-04
7.96725514e+15 2.92574188e-04
7.96990922e+15 2.92543165e-04
7.97256331e+15 2.92514899e-04
7.97521739e+15 2.92481678e-04
7.97787148e+15 2.92449232e-04
7.98052556e+15 2.92419068e-04
7.98317965e+15 2.92390581e-04
7.98583373e+15 2.92357184e-04
7.98848782e+15 2.92326829e-04
7.99114190e+15 2.92295354e-04
7.99379599e+15 2.92263366e-04
7.99645007e+15 2.92233050e-04
7.99910416e+15 2.92200846e-04
8.00175824e+15 2.92170452e-04
8.00441233e+15 2.92138792e-04
8.00706641e+15 2.92105939e-04
8.00972050e+15 2.92073688e-04
8.01237458e+15 2.92043539e-04
8.01502867e+15 2.92013864e-04
8.01768275e+15 2.91982500e-04
8.02033684e+15 2.91949331e-04
8.02299092e+15 2.91915888e-04
8.02564501e+15 2.91886211e-04
8.02829909e+15 2.91855119e-04
8.03095318e+15 2.91823942e-04
8.03360726e+15 2.91792700e-04
8.03626135e+15 2.91759554e-04
8.03891543e+15 2.91726091e-04
8.04156952e+15 2.91694343e-04
8.04422360e+15 2.91661738e-04
8.04687769e+15 2.91627535e-04
8.04953177e+15 2.91596134e-04
8.05218586e+15 2.91567410e-04
8.05483994e+15 2.91535460e-04
8.05749403e+15 2.91502110e-04
8.06014811e+15 2.91469655e-04
8.06280220e+15 2.91436408e-04
8.06545628e+15 2.91405379e-04
8.06811037e+15 2.91373247e-04
8.07076445e+15 2.91339806e-04
8.07341854e+15 2.91306074e-04
8.07607262e+15 2.91275522e-04
8.07872671e+15 2.91242604e-04
8.08138079e+15 2.91208970e-04
8.08403488e+15 2.91175915e-04
8.08668896e+15 2.91144814e-04
8.08934305e+15 2.91113436e-04
8.09199713e+15 2.91080877e-04
8.09465122e+15 2.91047600e-04
8.09730530e+15 2.91014555e-04
8.09995939e+15 2.90984298e-04
8.10261347e+15 2.90949065e-04
8.10526756e+15 2.90915528e-04
8.10792164e+15 2.90883185e-04
8.11057573e+15 2.90850144e-04
8.11322981e+15 2.90815619e-04
8.11588390e+15 2.90782072e-04
8.11853798e+15 2.90749970e-04
8.12119207e+15 2.90717859e-04
8.12384615e+15 2.90682241e-04
8.12650024e+15 2.90650739e-04
8.12915432e+15 2.90617782e-04
8.13180841e+15 2.90584275e-04
8.13446249e+15 2.90551247e-04
8.13711658e+15 2.90519760e-04
8.13977066e+15 2.90483069e-04
8.14242475e+15 2.90447794e-04
8.14507883e+15 2.90414704e-04
8.14773292e+15 2.90382795e-04
8.15038700e+15 2.90346900e-04
8.15304109e+15 2.90314140e-04
8.15569517e+15 2.90281750e-04
8.15834926e+15 2.90248371e-04
8.16100334e+15 2.90214213e-04
8.16365743e+15 2.90180471e-04
8.16631151e+15 2.90146867e-04
8.16896560e+15 2.90112809e-04
8.17161968e+15 2.90078020e-04
8.17427377e+15 2.90047777e-04
8.17692785e+15 2.90012289e-04
8.17958194e+15 2.89977288e-04
8.18223602e+15 2.89943578e-04
8.18489011e+15 2.89906573e-04
8.18754419e+15 2.89873028e-04
8.19019828e+15 2.89839061e-04
8.19285237e+15 2.89804317e-04
8.19550645e+15 2.89769224e-04
8.19816054e+15 2.89739042e-04
8.20081462e+15 2.89703523e-04
8.20346871e+15 2.89668408e-04
8.20612279e+15 2.89634820e-04
8.20877688e+15 2.89598974e-04
8.21143096e+15 2.89564305e-04
8.21408505e+15 2.89529989e-04
8.21673913e+15 2.89495445e-04
8.21939322e+15 2.89460143e-04
8.22204730e+15 2.89424961e-04
8.22470139e+15 2.89390522e-04
8.22735547e+15 2.89356229e-04
8.23000956e+15 2.89321892e-04
8.23266364e+15 2.89287969e-04
8.23531773e+15 2.89253897e-04
8.23797181e+15 2.89216949e-04
8.24062590e+15 2.89179894e-04
8.24327998e+15 2.89147741e-04
8.24593407e+15 2.89111853e-04
8.24858815e+15 2.89076725e-04
8.25124224e+15 2.89041708e-04
8.25389632e+15 2.89006345e-04
8.25655041e+15 2.88970973e-04
8.25920449e+15 2.88933921e-04
8.26185858e+15 2.88899646e-04
8.26451266e+15 2.88866840e-04
8.26716675e+15 2.88828432e-04
8.26982083e+15 2.88793429e-04
8.27247492e+15 2.88759324e-04
8.27512900e+15 2.88724795e-04
8.27778309e+15 2.88688567e-04
8.28043717e+15 2.88651108e-04
8.28309126e+15 2.88617633e-04
8.28574534e+15 2.88583020e-04
8.28839943e+15 2.88545195e-04
8.29105351e+15 2.88510973e-04
8.29370760e+15 2.88475052e-04
8.29636168e+15 2.88439694e-04
8.29901577e+15 2.88404385e-04
8.30166985e+15 2.88365963e-04
8.30432394e+15 2.88331196e-04
8.30697802e+15 2.88295671e-04
8.30963211e+15 2.88259211e-04
8.31228619e+15 2.88222279e-04
8.31494028e+15 2.88186778e-04
8.31759436e+15 2.88149955e-04
8.32024845e+15 2.88114529e-04
8.32290253e+15 2.88081721e-04
8.32555662e+15 2.88042111e-04
8.32821070e+15 2.88006592e-04
8.33086479e+15 2.87970530e-04
8.33351887e+15 2.87932705e-04
8.33617296e+15 2.87896411e-04
8.33882704e+15 2.87861839e-04
8.34148113e+15 2.87824840e-04
8.34413521e+15 2.87786501e-04
8.34678930e+15 2.87751662e-04
8.34944338e+15 2.87713580e-04
8.35209747e+15 2.87678535e-04
8.35475155e+15 2.87643594e-04
8.35740564e+15 2.87603686e-04
8.36005972e+15 2.87567162e-04
8.36271381e+15 2.87531329e-04
8.36536789e+15 2.87494913e-04
8.36802198e+15 2.87456992e-04
8.37067606e+15 2.87421528e-04
8.37333015e+15 2.87384940e-04
8.37598423e+15 2.87347217e-04
8.37863832e+15 2.87308753e-04
8.38129240e+15 2.87272812e-04
8.38394649e+15 2.87234461e-04
8.38660057e+15 2.87196570e-04
8.38925466e+15 2.87160151e-04
8.39190874e+15 2.87124741e-04
8.39456283e+15 2.87088582e-04
8.39721691e+15 2.87051462e-04
8.39987100e+15 2.87013599e-04
8.40252508e+15 2.86975844e-04
8.40517917e+15 2.86936596e-04
8.40783325e+15 2.86899861e-04
8.41048734e+15 2.86864238e-04
8.41314142e+15 2.86825151e-04
8.41579551e+15 2.86788977e-04
8.41844959e+15 2.86752209e-04
8.42110368e+15 2.86714582e-04
8.42375776e+15 2.86676250e-04
8.42641185e+15 2.86638511e-04
8.42906593e+15 2.86600440e-04
8.43172002e+15 2.86562596e-04
8.43437410e+15 2.86525777e-04
8.43702819e+15 2.86485400e-04
8.43968227e+15 2.86448129e-04
8.44233636e+15 2.86411364e-04
8.44499044e+15 2.86372187e-04
8.44764453e+15 2.86336235e-04
8.45029861e+15 2.86298492e-04
8.45295270e+15 2.86260224e-04
8.45560678e+15 2.86222532e-04
8.45826087e+15 2.86182928e-04
8.46091495e+15 2.86144190e-04
8.46356904e+15 2.86106243e-04
8.46622312e+15 2.86068948e-04
8.46887721e+15 2.86030062e-04
8.47153129e+15 2.85990820e-04
8.47418538e+15 2.85952975e-04
8.47683946e+15 2.85917493e-04
8.47949355e+15 2.85877915e-04
8.48214763e+15 2.85837790e-04
8.48480172e+15 2.85798328e-04
8.48745581e+15 2.85760358e-04
8.49010989e+15 2.85723621e-04
8.49276398e+15 2.85684362e-04
8.49541806e+15 2.85644622e-04
8.49807215e+15 2.85605706e-04
8.50072623e+15 2.85566661e-04
8.50338032e+15 2.85529116e-04
8.50603440e+15 2.85490891e-04
8.50868849e+15 2.85450679e-04
8.51134257e+15 2.85412809e-04
8.51399666e+15 2.85373312e-04
8.51665074e+15 2.85334160e-04
8.51930483e+15 2.85296672e-04
8.52195891e+15 2.85257361e-04
8.52461300e+15 2.85217424e-04
8.52726708e+15 2.85177908e-04
8.52992117e+15 2.85139629e-04
8.53257525e+15 2.85100445e-04
8.53522934e+15 2.85061957e-04
8.53788342e+15 2.85023260e-04
8.54053751e+15 2.84983502e-04
8.54319159e+15 2.84942338e-04
8.54584568e+15 2.84903113e-04
8.54849976e+15 2.84865323e-04
8.55115385e+15 2.84828437e-04
8.55380793e+15 2.84787262e-04
8.55646202e+15 2.84747013e-04
8.55911610e+15 2.84707129e-04
8.56177019e+15 2.84666593e-04
8.56442427e+15 2.84627479e-04
8.56707836e+15 2.84588691e-04
8.56973244e+15 2.84549541e-04
8.57238653e+15 2.84508826e-04
8.57504061e+15 2.84468182e-04
8.57769470e+15 2.84428147e-04
8.58034878e+15 2.84388649e-04
8.58300287e+15 2.84349366e-04
8.58565695e+15 2.84308554e-04
8.58831104e+15 2.84269060e-04
8.59096512e+15 2.84230651e-04
8.59361921e+15 2.84190324e-04
8.59627329e+15 2.84151392e-04
8.59892738e+15 2.84111855e-04
8.60158146e+15 2.84071114e-04
8.60423555e+15 2.84029154e-04
8.60688963e+15 2.83988428e-04
8.60954372e+15 2.83948927e-04
8.61219780e+15 2.83910508e-04
8.61485189e+15 2.83870430e-04
8.61750597e+15 2.83830305e-04
8.62016006e+15 2.83790043e-04
8.62281414e+15 2.83749565e-04
8.62546823e+15 2.83709104e-04
8.62812231e+15 2.83667042e-04
8.63077640e+15 2.83624853e-04
8.63343048e+15 2.83584425e-04
8.63608457e+15 2.83543634e-04
8.63873865e+15 2.83504575e-04
8.64139274e+15 2.83466086e-04
8.64404682e+15 2.83425268e-04
8.64670091e+15 2.83384575e-04
8.64935499e+15 2.83342964e-04
8.65200908e+15 2.83300794e-04
8.65466316e+15 2.83260468e-04
8.65731725e+15 2.83219563e-04
8.65997133e+15 2.83178670e-04
8.66262542e+15 2.83137959e-04
8.66527950e+15 2.83096940e-04
8.66793359e+15 2.83054606e-04
8.67058767e+15 2.83012675e-04
8.67324176e+15 2.82972433e-04
8.67589584e+15 2.82933749e-04
8.67854993e+15 2.82893874e-04
8.68120401e+15 2.82853285e-04
8.68385810e+15 2.82812675e-04
8.68651218e+15 2.82768957e-04
8.68916627e+15 2.82727012e-04
8.69182035e+15 2.82686751e-04
8.69447444e+15 2.82646014e-04
8.69712852e+15 2.82604289e-04
8.69978261e+15 2.82562200e-04
8.70243669e+15 2.82519989e-04
8.70509078e+15 2.82478328e-04
8.70774486e+15 2.82437556e-04
8.71039895e+15 2.82396738e-04
8.71305303e+15 2.82355153e-04
8.71570712e+15 2.82312409e-04
8.71836120e+15 2.82270711e-04
8.72101529e+15 2.82229854e-04
8.72366937e+15 2.82189475e-04
8.72632346e+15 2.82146136e-04
8.72897754e+15 2.82102508e-04
8.73163163e+15 2.82059507e-04
8.73428571e+15 2.82019693e-04
8.73693980e+15 2.81978620e-04
8.73959388e+15 2.81936748e-04
8.74224797e+15 2.81894262e-04
8.74490205e+15 2.81852843e-04
8.74755614e+15 2.81810630e-04
8.75021022e+15 2.81767980e-04
8.75286431e+15 2.81725354e-04
8.75551839e+15 2.81683606e-04
8.75817248e+15 2.81642115e-04
8.76082656e+15 2.81600486e-04
8.76348065e+15 2.81557178e-04
8.76613473e+15 2.81514527e-04
8.76878882e+15 2.81472521e-04
8.77144290e+15 2.81431183e-04
8.77409699e+15 2.81387664e-04
8.77675108e+15 2.81345812e-04
8.77940516e+15 2.81304817e-04
8.78205925e+15 2.81263541e-04
8.78471333e+15 2.81219408e-04
8.78736742e+15 2.81176024e-04
8.79002150e+15 2.81133907e-04
8.79267559e+15 2.81092712e-04
8.79532967e+15 2.81048761e-04
8.79798376e+15 2.81005219e-04
8.80063784e+15 2.80964145e-04
8.80329193e+15 2.80920251e-04
8.80594601e+15 2.80878191e-04
8.80860010e+15 2.80836878e-04
8.81125418e+15 2.80793509e-04
8.81390827e+15 2.80749865e-04
8.81656235e+15 2.80707155e-04
8.81921644e+15 2.80665492e-04
8.82187052e+15 2.80620818e-04
8.82452461e+15 2.80576292e-04
8.82717869e+15 2.80532934e-04
8.82983278e+15 2.80492274e-04
8.83248686e+15 2.80447335e-04
8.83514095e+15 2.80403972e-04
8.83779503e+15 2.80362247e-04
8.84044912e+15 2.80318683e-04
8.84310320e+15 2.80275449e-04
8.84575729e+15 2.80232184e-04
8.84841137e+15 2.80188647e-04
8.85106546e+15 2.80146289e-04
8.85371954e+15 2.80103780e-04
8.85637363e+15 2.80060841e-04
8.85902771e+15 2.80016641e-04
8.86168180e+15 2.79974624e-04
8.86433588e+15 2.79930843e-04
8.86698997e+15 2.79883610e-04
8.86964405e+15 2.79841475e-04
8.87229814e+15 2.79797042e-04
8.87495222e+15 2.79752303e-04
8.87760631e+15 2.79711491e-04
8.88026039e+15 2.79667432e-04
8.88291448e+15 2.79623322e-04
8.88556856e+15 2.79579995e-04
8.88822265e+15 2.79536161e-04
8.89087673e+15 2.79493058e-04
8.89353082e+15 2.79449341e-04
8.89618490e+15 2.79402536e-04
8.89883899e+15 2.79358425e-04
8.90149307e+15 2.79314914e-04
8.90414716e+15 2.79271547e-04
8.90680124e+15 2.79227952e-04
8.90945533e+15 2.79184078e-04
8.91210941e+15 2.79140541e-04
8.91476350e+15 2.79098384e-04
8.91741758e+15 2.79051754e-04
8.92007167e+15 2.79007048e-04
8.92272575e+15 2.78965228e-04
8.92537984e+15 2.78919488e-04
8.92803392e+15 2.78876393e-04
8.93068801e+15 2.78833423e-04
8.93334209e+15 2.78786781e-04
8.93599618e+15 2.78741821e-04
8.93865026e+15 2.78697095e-04
8.94130435e+15 2.78652258e-04
8.94395843e+15 2.78606569e-04
8.94661252e+15 2.78563261e-04
8.94926660e+15 2.78520427e-04
8.95192069e+15 2.78474832e-04
8.95457477e+15 2.78431557e-04
8.95722886e+15 2.78386994e-04
8.95988294e+15 2.78340086e-04
8.96253703e+15 2.78295047e-04
8.96519111e+15 2.78250551e-04
8.96784520e+15 2.78206498e-04
8.97049928e+15 2.78162832e-04
8.97315337e+15 2.78117104e-04
8.97580745e+15 2.78070991e-04
8.97846154e+15 2.78025114e-04
8.98111562e+15 2.77980982e-04
8.98376971e+15 2.77936908e-04
8.98642379e+15 2.77892794e-04
8.98907788e+15 2.77848384e-04
8.99173196e+15 2.77802990e-04
8.99438605e+15 2.77757195e-04
8.99704013e+15 2.77711271e-04
8.99969422e+15 2.77666133e-04
9.00234830e+15 2.77621868e-04
9.00500239e+15 2.77578106e-04
9.00765647e+15 2.77531642e-04
9.01031056e+15 2.77485488e-04
9.01296464e+15 2.77440114e-04
9.01561873e+15 2.77396502e-04
9.01827281e+15 2.77351411e-04
9.02092690e+15 2.77305310e-04
9.02358098e+15 2.77258272e-04
9.02623507e+15 2.77213642e-04
9.02888915e+15 2.77168838e-04
9.03154324e+15 2.77123412e-04
9.03419732e+15 2.77075702e-04
9.03685141e+15 2.77030769e-04
9.03950549e+15 2.76986426e-04
9.04215958e+15 2.76941562e-04
9.04481366e+15 2.76895948e-04
9.04746775e+15 2.76849790e-04
9.05012183e+15 2.76803205e-04
9.05277592e+15 2.76757146e-04
9.05543000e+15 2.76711443e-04
9.05808409e+15 2.76665952e-04
9.06073817e+15 2.76620563e-04
9.06339226e+15 2.76574574e-04
9.06604634e+15 2.76529000e-04
9.06870043e+15 2.76484267e-04
9.07135452e+15 2.76435801e-04
9.07400860e+15 2.76389789e-04
9.07666269e+15 2.76345550e-04
9.07931677e+15 2.76298745e-04
9.08197086e+15 2.76251081e-04
9.08462494e+15 2.76204234e-04
9.08727903e+15 2.76160609e-04
9.08993311e+15 2.76114667e-04
9.09258720e+15 2.76067396e-04
9.09524128e+15 2.76018862e-04
9.09789537e+15 2.75973203e-04
9.10054945e+15 2.75929122e-04
9.10320354e+15 2.75885579e-04
9.10585762e+15 2.75837538e-04
9.10851171e+15 2.75790063e-04
9.11116579e+15 2.75742949e-04
9.11381988e+15 2.75696156e-04
9.11647396e+15 2.75648067e-04
9.11912805e+15 2.75601778e-04
9.12178213e+15 2.75558453e-04
9.12443622e+15 2.75512668e-04
9.12709030e+15 2.75465280e-04
9.12974439e+15 2.75416770e-04
9.13239847e+15 2.75369667e-04
9.13505256e+15 2.75324600e-04
9.13770664e+15 2.75279429e-04
9.14036073e+15 2.75230892e-04
9.14301481e+15 2.75183810e-04
9.14566890e+15 2.75136857e-04
9.14832298e+15 2.75089533e-04
9.15097707e+15 2.75043087e-04
9.15363115e+15 2.74996828e-04
9.15628524e+15 2.74950657e-04
9.15893932e+15 2.74903855e-04
9.16159341e+15 2.74856129e-04
9.16424749e+15 2.74807822e-04
9.16690158e+15 2.74759426e-04
9.16955566e+15 2.74713060e-04
9.17220975e+15 2.74666802e-04
9.17486383e+15 2.74619211e-04
9.17751792e+15 2.74570949e-04
9.18017200e+15 2.74524084e-04
9.18282609e+15 2.74479260e-04
9.18548017e+15 2.74432174e-04
9.18813426e+15 2.74384908e-04
9.19078834e+15 2.74337470e-04
9.19344243e+15 2.74289535e-04
9.19609651e+15 2.74241508e-04
9.19875060e+15 2.74193413e-04
9.20140468e+15 2.74145251e-04
9.20405877e+15 2.74097948e-04
9.20671285e+15 2.74050799e-04
9.20936694e+15 2.74003415e-04
9.21202102e+15 2.73957338e-04
9.21467511e+15 2.73910976e-04
9.21732919e+15 2.73863982e-04
9.21998328e+15 2.73814157e-04
9.22263736e+15 2.73766192e-04
9.22529145e+15 2.73719660e-04
9.22794553e+15 2.73670483e-04
9.23059962e+15 2.73623050e-04
9.23325370e+15 2.73576075e-04
9.23590779e+15 2.73526747e-04
9.23856187e+15 2.73478340e-04
9.24121596e+15 2.73430364e-04
9.24387004e+15 2.73382643e-04
9.24652413e+15 2.73335335e-04
9.24917821e+15 2.73287143e-04
9.25183230e+15 2.73237393e-04
9.25448638e+15 2.73190223e-04
9.25714047e+15 2.73143214e-04
9.25979455e+15 2.73096182e-04
9.26244864e+15 2.73049773e-04
9.26510272e+15 2.73001490e-04
9.26775681e+15 2.72951933e-04
9.27041089e+15 2.72903504e-04
9.27306498e+15 2.72854382e-04
9.27571906e+15 2.72805563e-04
9.27837315e+15 2.72759343e-04
9.28102723e+15 2.72710010e-04
9.28368132e+15 2.72660724e-04
9.28633540e+15 2.72614168e-04
9.28898949e+15 2.72565539e-04
9.29164357e+15 2.72517086e-04
9.29429766e+15 2.72469645e-04
9.29695174e+15 2.72420436e-04
9.29960583e+15 2.72372072e-04
9.30225991e+15 2.72324929e-04
9.30491400e+15 2.72275048e-04
9.30756808e+15 2.72226067e-04
9.31022217e+15 2.72177725e-04
9.31287625e+15 2.72127099e-04
9.31553034e+15 2.72079269e-04
9.31818442e+15 2.72032834e-04
9.32083851e+15 2.71983980e-04
9.32349259e+15 2.71934303e-04
9.32614668e+15 2.71884712e-04
9.32880076e+15 2.71836815e-04
9.33145485e+15 2.71787337e-04
9.33410893e+15 2.71738020e-04
9.33676302e+15 2.71690386e-04
9.33941710e+15 2.71641403e-04
9.34207119e+15 2.71592670e-04
9.34472527e+15 2.71544919e-04
9.34737936e+15 2.71494162e-04
9.35003344e+15 2.71443330e-04
9.35268753e+15 2.71392914e-04
9.35534161e+15 2.71344069e-04
9.35799570e+15 2.71294943e-04
9.36064978e+15 2.71245471e-04
9.36330387e+15 2.71198497e-04
9.36595796e+15 2.71150066e-04
9.36861204e+15 2.71100423e-04
9.37126613e+15 2.71050913e-04
9.37392021e+15 2.71001536e-04
9.37657430e+15 2.70952241e-04
9.37922838e+15 2.70902908e-04
9.38188247e+15 2.70854313e-04
9.38453655e+15 2.70805968e-04
9.38719064e+15 2.70757018e-04
9.38984472e+15 2.70706313e-04
9.39249881e+15 2.70655456e-04
9.39515289e+15 2.70606427e-04
9.39780698e+15 2.70556535e-04
9.40046106e+15 2.70506740e-04
9.40311515e+15 2.70457873e-04
9.40576923e+15 2.70408099e-04
9.40842332e+15 2.70357960e-04
9.41107740e+15 2.70307515e-04
9.41373149e+15 2.70259646e-04
9.41638557e+15 2.70210900e-04
9.41903966e+15 2.70159969e-04
9.42169374e+15 2.70111140e-04
9.42434783e+15 2.70061830e-04
9.42700191e+15 2.70011515e-04
9.42965600e+15 2.69960363e-04
9.43231008e+15 2.69909987e-04
9.43496417e+15 2.69860598e-04
9.43761825e+15 2.69812127e-04
9.44027234e+15 2.69762280e-04
9.44292642e+15 2.69711026e-04
9.44558051e+15 2.69661698e-04
9.44823459e+15 2.69611986e-04
9.45088868e+15 2.69561869e-04
9.45354276e+15 2.69510448e-04
9.45619685e+15 2.69460036e-04
9.45885093e+15 2.69410511e-04
9.46150502e+15 2.69362135e-04
9.46415910e+15 2.69311998e-04
9.46681319e+15 2.69260833e-04
9.46946727e+15 2.69211318e-04
9.47212136e+15 2.69160720e-04
9.47477544e+15 2.69109605e-04
9.47742953e+15 2.69059516e-04
9.48008361e+15 2.69010035e-04
9.48273770e+15 2.68960375e-04
9.48539178e+15 2.68907867e-04
9.48804587e+15 2.68858435e-04
9.49069995e+15 2.68809635e-04
9.49335404e+15 2.68756457e-04
9.49600812e+15 2.68705882e-04
9.49866221e+15 2.68656710e-04
9.50131629e+15 2.68608367e-04
9.50397038e+15 2.68557218e-04
9.50662446e+15 2.68504995e-04
9.50927855e+15 2.68453239e-04
9.51193263e+15 2.68402758e-04
9.51458672e+15 2.68353010e-04
9.51724080e+15 2.68304058e-04
9.51989489e+15 2.68252924e-04
9.52254897e+15 2.68200967e-04
9.52520306e+15 2.68148988e-04
9.52785714e+15 2.68097333e-04
9.53051123e+15 2.68046833e-04
9.53316531e+15 2.67999606e-04
9.53581940e+15 2.67948710e-04
9.53847348e+15 2.67896600e-04
9.54112757e+15 2.67844626e-04
9.54378165e+15 2.67792935e-04
9.54643574e+15 2.67742084e-04
9.54908982e+15 2.67693461e-04
9.55174391e+15 2.67640885e-04
9.55439799e+15 2.67588005e-04
9.55705208e+15 2.67538108e-04
9.55970616e+15 2.67487457e-04
9.56236025e+15 2.67437191e-04
9.56501433e+15 2.67388832e-04
9.56766842e+15 2.67336302e-04
9.57032250e+15 2.67283160e-04
9.57297659e+15 2.67232443e-04
9.57563067e+15 2.67181762e-04
9.57828476e+15 2.67130786e-04
9.58093884e+15 2.67078836e-04
9.58359293e+15 2.67027059e-04
9.58624701e+15 2.66976031e-04
9.58890110e+15 2.66926354e-04
9.59155518e+15 2.66873612e-04
9.59420927e+15 2.66820968e-04
9.59686335e+15 2.66771036e-04
9.59951744e+15 2.66719730e-04
9.60217152e+15 2.66668910e-04
9.60482561e+15 2.66616944e-04
9.60747969e+15 2.66565661e-04
9.61013378e+15 2.66515631e-04
9.61278786e+15 2.66464427e-04
9.61544195e+15 2.66411817e-04
9.61809603e+15 2.66359841e-04
9.62075012e+15 2.66306330e-04
9.62340420e+15 2.66252180e-04
9.62605829e+15 2.66198215e-04
9.62871237e+15 2.66144955e-04
9.63136646e+15 2.66089430e-04
9.63402054e+15 2.66032253e-04
9.63667463e+15 2.65973275e-04
9.63932871e+15 2.65916074e-04
9.64198280e+15 2.65859695e-04
9.64463688e+15 2.65800369e-04
9.64729097e+15 2.65732904e-04
9.64994505e+15 2.65665847e-04
9.65259914e+15 2.65597543e-04
9.65525323e+15 2.65528711e-04
9.65790731e+15 2.65458863e-04
9.66056140e+15 2.65382942e-04
9.66321548e+15 2.65292974e-04
9.66586957e+15 2.65203787e-04
9.66852365e+15 2.65114494e-04
9.67117774e+15 2.65024964e-04
9.67383182e+15 2.64937799e-04
9.67648591e+15 2.64847918e-04
9.67913999e+15 2.64739014e-04
9.68179408e+15 2.64610110e-04
9.68444816e+15 2.64477991e-04
9.68710225e+15 2.64346484e-04
9.68975633e+15 2.64216037e-04
9.69241042e+15 2.64083618e-04
9.69506450e+15 2.63951239e-04
9.69771859e+15 2.63819117e-04
9.70037267e+15 2.63687816e-04
9.70302676e+15 2.63550016e-04
9.70568084e+15 2.63410076e-04
9.70833493e+15 2.63269204e-04
9.71098901e+15 2.63129067e-04
9.71364310e+15 2.62981582e-04
9.71629718e+15 2.62828928e-04
9.71895127e+15 2.62676660e-04
9.72160535e+15 2.62524053e-04
9.72425944e+15 2.62369664e-04
9.72691352e+15 2.62202242e-04
9.72956761e+15 2.62024686e-04
9.73222169e+15 2.61847576e-04
9.73487578e+15 2.61670718e-04
9.73752986e+15 2.61497609e-04
9.74018395e+15 2.61323286e-04
9.74283803e+15 2.61147107e-04
9.74549212e+15 2.60969214e-04
9.74814620e+15 2.60788381e-04
9.75080029e+15 2.60599609e-04
9.75345437e+15 2.60405094e-04
9.75610846e+15 2.60210636e-04
9.75876254e+15 2.59986570e-04
9.76141663e+15 2.59751005e-04
9.76407071e+15 2.59516737e-04
9.76672480e+15 2.59214591e-04
9.76937888e+15 2.58908092e-04
9.77203297e+15 2.58602173e-04
9.77468705e+15 2.58237126e-04
9.77734114e+15 2.57807317e-04
9.77999522e+15 2.57361347e-04
9.78264931e+15 2.56882380e-04
9.78530339e+15 2.56392761e-04
9.78795748e+15 2.55779465e-04
9.79061156e+15 2.55170667e-04
9.79326565e+15 2.54338480e-04
9.79591973e+15 2.53518247e-04
9.79857382e+15 2.52608207e-04
9.80122790e+15 2.51622652e-04
9.80388199e+15 2.50673313e-04
9.80653607e+15 2.49786480e-04
9.80919016e+15 2.48847832e-04
9.81184424e+15 2.47762472e-04
9.81449833e+15 2.46489118e-04
9.81715241e+15 2.44980459e-04
9.81980650e+15 2.43103323e-04
9.82246058e+15 2.41220121e-04
9.82511467e+15 2.38854465e-04
9.82776875e+15 2.35942420e-04
9.83042284e+15 2.32250895e-04
9.83307692e+15 2.28158200e-04
9.83573101e+15 2.24672942e-04
9.83838509e+15 2.21420193e-04
9.84103918e+15 2.16621321e-04
9.84369326e+15 2.10268292e-04
9.84634735e+15 2.03844768e-04
9.84900143e+15 1.92513838e-04
9.85165552e+15 1.83888307e-04
9.85430960e+15 1.75234045e-04
9.85696369e+15 1.62778127e-04
9.85961777e+15 1.49981538e-04
9.86227186e+15 1.38438143e-04
9.86492594e+15 1.28786722e-04
9.86758003e+15 3.27342506e-05
9.87023411e+15 1.17096812e-04
9.87288820e+15 1.33728962e-04
9.87554228e+15 1.43566392e-04
9.87819637e+15 1.54825088e-04
9.88085045e+15 1.68137813e-04
9.88350454e+15 1.79872505e-04
9.88615862e+15 1.87007306e-04
9.88881271e+15 1.98300143e-04
9.89146679e+15 2.06655678e-04
9.89412088e+15 2.12260141e-04
9.89677496e+15 2.18156409e-04
9.89942905e+15 2.21894289e-04
9.90208313e+15 2.24924994e-04
9.90473722e+15 2.28765997e-04
9.90739130e+15 2.32591630e-04
9.91004539e+15 2.35827586e-04
9.91269947e+15 2.38296940e-04
9.91535356e+15 2.40266258e-04
9.91800764e+15 2.41978001e-04
9.92066173e+15 2.43595938e-04
9.92331581e+15 2.44928817e-04
9.92596990e+15 2.45903847e-04
9.92862398e+15 2.46801355e-04
9.93127807e+15 2.47601704e-04
9.93393215e+15 2.48418245e-04
9.93658624e+15 2.49272459e-04
9.93924032e+15 2.50165211e-04
9.94189441e+15 2.50872479e-04
9.94454849e+15 2.51591466e-04
9.94720258e+15 2.52204412e-04
9.94985667e+15 2.52708954e-04
9.95251075e+15 2.53158726e-04
9.95516484e+15 2.53530700e-04
9.95781892e+15 2.53895055e-04
9.96047301e+15 2.54224375e-04
9.96312709e+15 2.54539121e-04
9.96578118e+15 2.54740328e-04
9.96843526e+15 2.54941747e-04
9.97108935e+15 2.55144288e-04
9.97374343e+15 2.55300031e-04
9.97639752e+15 2.55429930e-04
9.97905160e+15 2.55560699e-04
9.98170569e+15 2.55654130e-04
9.98435977e+15 2.55739899e-04
9.98701386e+15 2.55829021e-04
9.98966794e+15 2.55903391e-04
9.99232203e+15 2.55977420e-04
9.99497611e+15 2.56048317e-04
9.99763020e+15 2.56116800e-04
1.00002843e+16 2.56166885e-04
1.00029384e+16 2.56222545e-04
1.00055925e+16 2.56293033e-04
1.00082465e+16 2.56364765e-04
1.00109006e+16 2.56436144e-04
1.00135547e+16 2.56483650e-04
1.00162088e+16 2.56531328e-04
1.00188629e+16 2.56579030e-04
1.00215170e+16 2.56626122e-04
1.00241710e+16 2.56674069e-04
1.00268251e+16 2.56707701e-04
1.00294792e+16 2.56741320e-04
1.00321333e+16 2.56775322e-04
1.00347874e+16 2.56809860e-04
1.00374415e+16 2.56836886e-04
1.00400956e+16 2.56862195e-04
1.00427496e+16 2.56889677e-04
1.00454037e+16 2.56916950e-04
1.00480578e+16 2.56942555e-04
1.00507119e+16 2.56967261e-04
1.00533660e+16 2.56993150e-04
1.00560201e+16 2.57019454e-04
1.00586742e+16 2.57041448e-04
1.00613282e+16 2.57023991e-04
1.00639823e+16 2.57007734e-04
1.00666364e+16 2.56990736e-04
1.00692905e+16 2.56973688e-04
1.00719446e+16 2.56955850e-04
1.00745987e+16 2.56938826e-04
1.00772527e+16 2.56918241e-04
1.00799068e+16 2.56879400e-04
1.00825609e+16 2.56841518e-04
1.00852150e+16 2.56804915e-04
1.00878691e+16 2.56766655e-04
1.00905232e+16 2.56728237e-04
1.00931773e+16 2.56683817e-04
1.00958313e+16 2.56634792e-04
1.00984854e+16 2.56585754e-04
1.01011395e+16 2.56538092e-04
1.01037936e+16 2.56488347e-04
1.01064477e+16 2.56436610e-04
1.01091018e+16 2.56384183e-04
1.01117559e+16 2.56331131e-04
1.01144099e+16 2.56277538e-04
1.01170640e+16 2.56224039e-04
1.01197181e+16 2.56169683e-04
1.01223722e+16 2.56115214e-04
1.01250263e+16 2.56058046e-04
1.01276804e+16 2.56002132e-04
1.01303344e+16 2.55948221e-04
1.01329885e+16 2.55893330e-04
1.01356426e+16 2.55837992e-04
1.01382967e+16 2.55780599e-04
1.01409508e+16 2.55723432e-04
1.01436049e+16 2.55668616e-04
1.01462590e+16 2.55613351e-04
1.01489130e+16 2.55557706e-04
1.01515671e+16 2.55500385e-04
1.01542212e+16 2.55443791e-04
1.01568753e+16 2.55388892e-04
1.01595294e+16 2.55332418e-04
1.01621835e+16 2.55275792e-04
1.01648376e+16 2.55219657e-04
1.01674916e+16 2.55163499e-04
1.01701457e+16 2.55107320e-04
1.01727998e+16 2.55050974e-04
1.01754539e+16 2.54995171e-04
1.01781080e+16 2.54940035e-04
1.01807621e+16 2.54883727e-04
1.01834161e+16 2.54827211e-04
1.01860702e+16 2.54770695e-04
1.01887243e+16 2.54714398e-04
1.01913784e+16 2.54658358e-04
1.01940325e+16 2.54604842e-04
1.01966866e+16 2.54549508e-04
1.01993407e+16 2.54491967e-04
1.02019947e+16 2.54435920e-04
1.02046488e+16 2.54379800e-04
1.02073029e+16 2.54322664e-04
1.02099570e+16 2.54266832e-04
1.02126111e+16 2.54211668e-04
1.02152652e+16 2.54155452e-04
1.02179193e+16 2.54098770e-04
1.02205733e+16 2.54041496e-04
1.02232274e+16 2.53986080e-04
1.02258815e+16 2.53930397e-04
1.02285356e+16 2.53872567e-04
1.02311897e+16 2.53816382e-04
1.02338438e+16 2.53761151e-04
1.02364978e+16 2.53703369e-04
1.02391519e+16 2.53646607e-04
1.02418060e+16 2.53591319e-04
1.02444601e+16 2.53534320e-04
1.02471142e+16 2.53477180e-04
1.02497683e+16 2.53421233e-04
1.02524224e+16 2.53365151e-04
1.02550764e+16 2.53308972e-04
1.02577305e+16 2.53251961e-04
1.02603846e+16 2.53195307e-04
1.02630387e+16 2.53139320e-04
1.02656928e+16 2.53082442e-04
1.02683469e+16 2.53025216e-04
1.02710010e+16 2.52967660e-04
1.02736550e+16 2.52910430e-04
1.02763091e+16 2.52853495e-04
1.02789632e+16 2.52796712e-04
1.02816173e+16 2.52739798e-04
1.02842714e+16 2.52682543e-04
1.02869255e+16 2.52626252e-04
1.02895796e+16 2.52570323e-04
1.02922336e+16 2.52513293e-04
1.02948877e+16 2.52456333e-04
1.02975418e+16 2.52399456e-04
1.03001959e+16 2.52342890e-04
1.03028500e+16 2.52286285e-04
1.03055041e+16 2.52229327e-04
1.03081581e+16 2.52172324e-04
1.03108122e+16 2.52115289e-04
1.03134663e+16 2.52059201e-04
1.03161204e+16 2.52003013e-04
1.03187745e+16 2.51946619e-04
1.03214286e+16 2.51889272e-04
1.03240827e+16 2.51831759e-04
1.03267367e+16 2.51775423e-04
1.03293908e+16 2.51718596e-04
1.03320449e+16 2.51661280e-04
1.03346990e+16 2.51603595e-04
1.03373531e+16 2.51545826e-04
1.03400072e+16 2.51487960e-04
1.03426613e+16 2.51431120e-04
1.03453153e+16 2.51374870e-04
1.03479694e+16 2.51317998e-04
1.03506235e+16 2.51260564e-04
1.03532776e+16 2.51202225e-04
1.03559317e+16 2.51146078e-04
1.03585858e+16 2.51090266e-04
1.03612398e+16 2.51032080e-04
1.03638939e+16 2.50974965e-04
1.03665480e+16 2.50918900e-04
1.03692021e+16 2.50861382e-04
1.03718562e+16 2.50803275e-04
1.03745103e+16 2.50744007e-04
1.03771644e+16 2.50686459e-04
1.03798184e+16 2.50629961e-04
1.03824725e+16 2.50572960e-04
1.03851266e+16 2.50515911e-04
1.03877807e+16 2.50458784e-04
1.03904348e+16 2.50401755e-04
1.03930889e+16 2.50344750e-04
1.03957430e+16 2.50287631e-04
1.03983970e+16 2.50230773e-04
1.04010511e+16 2.50174214e-04
1.04037052e+16 2.50115331e-04
1.04063593e+16 2.50056438e-04
1.04090134e+16 2.49999365e-04
1.04116675e+16 2.49941825e-04
1.04143215e+16 2.49883928e-04
1.04169756e+16 2.49826683e-04
1.04196297e+16 2.49769461e-04
1.04222838e+16 2.49712178e-04
1.04249379e+16 2.49655310e-04
1.04275920e+16 2.49598612e-04
1.04302461e+16 2.49539804e-04
1.04329001e+16 2.49481185e-04
1.04355542e+16 2.49422868e-04
1.04382083e+16 2.49366668e-04
1.04408624e+16 2.49310872e-04
1.04435165e+16 2.49252388e-04
1.04461706e+16 2.49194283e-04
1.04488247e+16 2.49136611e-04
1.04514787e+16 2.49078666e-04
1.04541328e+16 2.49020607e-04
1.04567869e+16 2.48962291e-04
1.04594410e+16 2.48904921e-04
1.04620951e+16 2.48848346e-04
1.04647492e+16 2.48791253e-04
1.04674032e+16 2.48733939e-04
1.04700573e+16 2.48676152e-04
1.04727114e+16 2.48617490e-04
1.04753655e+16 2.48558278e-04
1.04780196e+16 2.48499875e-04
1.04806737e+16 2.48442149e-04
1.04833278e+16 2.48385785e-04
1.04859818e+16 2.48328212e-04
1.04886359e+16 2.48270039e-04
1.04912900e+16 2.48211045e-04
1.04939441e+16 2.48152267e-04
1.04965982e+16 2.48093836e-04
1.04992523e+16 2.48037106e-04
1.05019064e+16 2.47980794e-04
1.05045604e+16 2.47922464e-04
1.05072145e+16 2.47863867e-04
1.05098686e+16 2.47804928e-04
1.05125227e+16 2.47746467e-04
1.05151768e+16 2.47688467e-04
1.05178309e+16 2.47632560e-04
1.05204849e+16 2.47575470e-04
1.05231390e+16 2.47517127e-04
1.05257931e+16 2.47456929e-04
1.05284472e+16 2.47396954e-04
1.05311013e+16 2.47339662e-04
1.05337554e+16 2.47282379e-04
1.05364095e+16 2.47225104e-04
1.05390635e+16 2.47167426e-04
1.05417176e+16 2.47109313e-04
1.05443717e+16 2.47049857e-04
1.05470258e+16 2.46991654e-04
1.05496799e+16 2.46934423e-04
1.05523340e+16 2.46875818e-04
1.05549881e+16 2.46817091e-04
1.05576421e+16 2.46758420e-04
1.05602962e+16 2.46700391e-04
1.05629503e+16 2.46642805e-04
1.05656044e+16 2.46585179e-04
1.05682585e+16 2.46526922e-04
1.05709126e+16 2.46467006e-04
1.05735667e+16 2.46408074e-04
1.05762207e+16 2.46349758e-04
1.05788748e+16 2.46292371e-04
1.05815289e+16 2.46234672e-04
1.05841830e+16 2.46176118e-04
1.05868371e+16 2.46117219e-04
1.05894912e+16 2.46058119e-04
1.05921452e+16 2.46000552e-04
1.05947993e+16 2.45942895e-04
1.05974534e+16 2.45884923e-04
1.06001075e+16 2.45826156e-04
1.06027616e+16 2.45766945e-04
1.06054157e+16 2.45708650e-04
1.06080698e+16 2.45650094e-04
1.06107238e+16 2.45590919e-04
1.06133779e+16 2.45531676e-04
1.06160320e+16 2.45472396e-04
1.06186861e+16 2.45415953e-04
1.06213402e+16 2.45358817e-04
1.06239943e+16 2.45300028e-04
1.06266484e+16 2.45240571e-04
1.06293024e+16 2.45180746e-04
1.06319565e+16 2.45123141e-04
1.06346106e+16 2.45064796e-04
1.06372647e+16 2.45004656e-04
1.06399188e+16 2.44945520e-04
1.06425729e+16 2.44886956e-04
1.06452269e+16 2.44828674e-04
1.06478810e+16 2.44770134e-04
1.06505351e+16 2.44710950e-04
1.06531892e+16 2.44652317e-04
1.06558433e+16 2.44594018e-04
1.06584974e+16 2.44535963e-04
1.06611515e+16 2.44477280e-04
1.06638055e+16 2.44416910e-04
1.06664596e+16 2.44358377e-04
1.06691137e+16 2.44301062e-04
1.06717678e+16 2.44241250e-04
1.06744219e+16 2.44181832e-04
1.06770760e+16 2.44124187e-04
1.06797301e+16 2.44066313e-04
1.06823841e+16 2.44008271e-04
1.06850382e+16 2.43948559e-04
1.06876923e+16 2.43889009e-04
1.06903464e+16 2.43830712e-04
1.06930005e+16 2.43771162e-04
1.06956546e+16 2.43710548e-04
1.06983086e+16 2.43652202e-04
1.07009627e+16 2.43594235e-04
1.07036168e+16 2.43536338e-04
1.07062709e+16 2.43477177e-04
1.07089250e+16 2.43416757e-04
1.07115791e+16 2.43357578e-04
1.07142332e+16 2.43298601e-04
1.07168872e+16 2.43239184e-04
1.07195413e+16 2.43180251e-04
1.07221954e+16 2.43121895e-04
1.07248495e+16 2.43062732e-04
1.07275036e+16 2.43003396e-04
1.07301577e+16 2.42944743e-04
1.07328118e+16 2.42886141e-04
1.07354658e+16 2.42827614e-04
1.07381199e+16 2.42768082e-04
1.07407740e+16 2.42708196e-04
1.07434281e+16 2.42649643e-04
1.07460822e+16 2.42590765e-04
1.07487363e+16 2.42531268e-04
1.07513903e+16 2.42472382e-04
1.07540444e+16 2.42413814e-04
1.07566985e+16 2.42353606e-04
1.07593526e+16 2.42293875e-04
1.07620067e+16 2.42235511e-04
1.07646608e+16 2.42175922e-04
1.07673149e+16 2.42115482e-04
1.07699689e+16 2.42056999e-04
1.07726230e+16 2.41998327e-04
1.07752771e+16 2.41938106e-04
1.07779312e+16 2.41878679e-04
1.07805853e+16 2.41819996e-04
1.07832394e+16 2.41760805e-04
1.07858935e+16 2.41701612e-04
1.07885475e+16 2.41643122e-04
1.07912016e+16 2.41583547e-04
1.07938557e+16 2.41522575e-04
1.07965098e+16 2.41463204e-04
1.07991639e+16 2.41404334e-04
1.08018180e+16 2.41344323e-04
1.08044720e+16 2.41284748e-04
1.08071261e+16 2.41225981e-04
1.08097802e+16 2.41166460e-04
1.08124343e+16 2.41106541e-04
1.08150884e+16 2.41047483e-04
1.08177425e+16 2.40988299e-04
1.08203966e+16 2.40928639e-04
1.08230506e+16 2.40869475e-04
1.08257047e+16 2.40810703e-04
1.08283588e+16 2.40750606e-04
1.08310129e+16 2.40690617e-04
1.08336670e+16 2.40632330e-04
1.08363211e+16 2.40572896e-04
1.08389752e+16 2.40512107e-04
1.08416292e+16 2.40452396e-04
1.08442833e+16 2.40392964e-04
1.08469374e+16 2.40332395e-04
1.08495915e+16 2.40272773e-04
1.08522456e+16 2.40214901e-04
1.08548997e+16 2.40155513e-04
1.08575538e+16 2.40095298e-04
1.08602078e+16 2.40036613e-04
1.08628619e+16 2.39977482e-04
1.08655160e+16 2.39916625e-04
1.08681701e+16 2.39857117e-04
1.08708242e+16 2.39798797e-04
1.08734783e+16 2.39738795e-04
1.08761323e+16 2.39678337e-04
1.08787864e+16 2.39617137e-04
1.08814405e+16 2.39556969e-04
1.08840946e+16 2.39498289e-04
1.08867487e+16 2.39438587e-04
1.08894028e+16 2.39378448e-04
1.08920569e+16 2.39320457e-04
1.08947109e+16 2.39261704e-04
1.08973650e+16 2.39200952e-04
1.09000191e+16 2.39141300e-04
1.09026732e+16 2.39082478e-04
1.09053273e+16 2.39021593e-04
1.09079814e+16 2.38960473e-04
1.09106355e+16 2.38899975e-04
1.09132895e+16 2.38840301e-04
1.09159436e+16 2.38781706e-04
1.09185977e+16 2.38722000e-04
1.09212518e+16 2.38661863e-04
1.09239059e+16 2.38602735e-04
1.09265600e+16 2.38542994e-04
1.09292140e+16 2.38481745e-04
1.09318681e+16 2.38420896e-04
1.09345222e+16 2.38360347e-04
1.09371763e+16 2.38301344e-04
1.09398304e+16 2.38242460e-04
1.09424845e+16 2.38182703e-04
1.09451386e+16 2.38123369e-04
1.09477926e+16 2.38064616e-04
1.09504467e+16 2.38003859e-04
1.09531008e+16 2.37942252e-04
1.09557549e+16 2.37881880e-04
1.09584090e+16 2.37822125e-04
1.09610631e+16 2.37764044e-04
1.09637172e+16 2.37704207e-04
1.09663712e+16 2.37642880e-04
1.09690253e+16 2.37581289e-04
1.09716794e+16 2.37519909e-04
1.09743335e+16 2.37461022e-04
1.09769876e+16 2.37401670e-04
1.09796417e+16 2.37341537e-04
1.09822957e+16 2.37282535e-04
1.09849498e+16 2.37224142e-04
1.09876039e+16 2.37162869e-04
1.09902580e+16 2.37101393e-04
1.09929121e+16 2.37040024e-04
1.09955662e+16 2.36980086e-04
1.09982203e+16 2.36921734e-04
1.10008743e+16 2.36862274e-04
1.10035284e+16 2.36802403e-04
1.10061825e+16 2.36740662e-04
1.10088366e+16 2.36679990e-04
1.10114907e+16 2.36621908e-04
1.10141448e+16 2.36562133e-04
1.10167989e+16 2.36501045e-04
1.10194529e+16 2.36440719e-04
1.10221070e+16 2.36380556e-04
1.10247611e+16 2.36320500e-04
1.10274152e+16 2.36260112e-04
1.10300693e+16 2.36199161e-04
1.10327234e+16 2.36138321e-04
1.10353774e+16 2.36077542e-04
1.10380315e+16 2.36017748e-04
1.10406856e+16 2.35957985e-04
1.10433397e+16 2.35897895e-04
1.10459938e+16 2.35837685e-04
1.10486479e+16 2.35777324e-04
1.10513020e+16 2.35716585e-04
1.10539560e+16 2.35655688e-04
1.10566101e+16 2.35595946e-04
1.10592642e+16 2.35536103e-04
1.10619183e+16 2.35475817e-04
1.10645724e+16 2.35415390e-04
1.10672265e+16 2.35354821e-04
1.10698806e+16 2.35294350e-04
1.10725346e+16 2.35233911e-04
1.10751887e+16 2.35173507e-04
1.10778428e+16 2.35113165e-04
1.10804969e+16 2.35052978e-04
1.10831510e+16 2.34993062e-04
1.10858051e+16 2.34933375e-04
1.10884591e+16 2.34872400e-04
1.10911132e+16 2.34811081e-04
1.10937673e+16 2.34749343e-04
1.10964214e+16 2.34688096e-04
1.10990755e+16 2.34627896e-04
1.11017296e+16 2.34568376e-04
1.11043837e+16 2.34509352e-04
1.11070377e+16 2.34448053e-04
1.11096918e+16 2.34386414e-04
1.11123459e+16 2.34325945e-04
1.11150000e+16 2.34266097e-04
1.11176541e+16 2.34207428e-04
1.11203082e+16 2.34146946e-04
1.11229623e+16 2.34085253e-04
1.11256163e+16 2.34024422e-04
1.11282704e+16 2.33963738e-04
1.11309245e+16 2.33903039e-04
1.11335786e+16 2.33842343e-04
1.11362327e+16 2.33781651e-04
1.11388868e+16 2.33721323e-04
1.11415409e+16 2.33661227e-04
1.11441949e+16 2.33599528e-04
1.11468490e+16 2.33537742e-04
1.11495031e+16 2.33477335e-04
1.11521572e+16 2.33417247e-04
1.11548113e+16 2.33357724e-04
1.11574654e+16 2.33297188e-04
1.11601194e+16 2.33236001e-04
1.11627735e+16 2.33175590e-04
1.11654276e+16 2.33115122e-04
1.11680817e+16 2.33053033e-04
1.11707358e+16 2.32991472e-04
1.11733899e+16 2.32930888e-04
1.11760440e+16 2.32869980e-04
1.11786980e+16 2.32808851e-04
1.11813521e+16 2.32748882e-04
1.11840062e+16 2.32689105e-04
1.11866603e+16 2.32629034e-04
1.11893144e+16 2.32568177e-04
1.11919685e+16 2.32505718e-04
1.11946226e+16 2.32445732e-04
1.11972766e+16 2.32387601e-04
1.11999307e+16 2.32325543e-04
1.12025848e+16 2.32262754e-04
1.12052389e+16 2.32202840e-04
1.12078930e+16 2.32142160e-04
1.12105471e+16 2.32079655e-04
1.12132011e+16 2.32018240e-04
1.12158552e+16 2.31957769e-04
1.12185093e+16 2.31897552e-04
1.12211634e+16 2.31837407e-04
1.12238175e+16 2.31776953e-04
1.12264716e+16 2.31716624e-04
1.12291257e+16 2.31656665e-04
1.12317797e+16 2.31595473e-04
1.12344338e+16 2.31532985e-04
1.12370879e+16 2.31472363e-04
1.12397420e+16 2.31412454e-04
1.12423961e+16 2.31349704e-04
1.12450502e+16 2.31287629e-04
1.12477043e+16 2.31228859e-04
1.12503583e+16 2.31168543e-04
1.12530124e+16 2.31106159e-04
1.12556665e+16 2.31045477e-04
1.12583206e+16 2.30985667e-04
1.12609747e+16 2.30923604e-04
1.12636288e+16 2.30861486e-04
1.12662828e+16 2.30800860e-04
1.12689369e+16 2.30739646e-04
1.12715910e+16 2.30677367e-04
1.12742451e+16 2.30617568e-04
1.12768992e+16 2.30559516e-04
1.12795533e+16 2.30497590e-04
1.12822074e+16 2.30434870e-04
1.12848614e+16 2.30373811e-04
1.12875155e+16 2.30312634e-04
1.12901696e+16 2.30251141e-04
1.12928237e+16 2.30190031e-04
1.12954778e+16 2.30129305e-04
1.12981319e+16 2.30068041e-04
1.13007860e+16 2.30006576e-04
1.13034400e+16 2.29945757e-04
1.13060941e+16 2.29884976e-04
1.13087482e+16 2.29824220e-04
1.13114023e+16 2.29762952e-04
1.13140564e+16 2.29700926e-04
1.13167105e+16 2.29640138e-04
1.13193645e+16 2.29580089e-04
1.13220186e+16 2.29518260e-04
1.13246727e+16 2.29456208e-04
1.13273268e+16 2.29395374e-04
1.13299809e+16 2.29334064e-04
1.13326350e+16 2.29271604e-04
1.13352891e+16 2.29210382e-04
1.13379431e+16 2.29150333e-04
1.13405972e+16 2.29088896e-04
1.13432513e+16 2.29026955e-04
1.13459054e+16 2.28965472e-04
1.13485595e+16 2.28904336e-04
1.13512136e+16 2.28844779e-04
1.13538677e+16 2.28784073e-04
1.13565217e+16 2.28721705e-04
1.13591758e+16 2.28659864e-04
1.13618299e+16 2.28598884e-04
1.13644840e+16 2.28538291e-04
1.13671381e+16 2.28477810e-04
1.13697922e+16 2.28416223e-04
1.13724462e+16 2.28354553e-04
1.13751003e+16 2.28292330e-04
1.13777544e+16 2.28230978e-04
1.13804085e+16 2.28170667e-04
1.13830626e+16 2.28108729e-04
1.13857167e+16 2.28046539e-04
1.13883708e+16 2.27984887e-04
1.13910248e+16 2.27923449e-04
1.13936789e+16 2.27863533e-04
1.13963330e+16 2.27801887e-04
1.13989871e+16 2.27739219e-04
1.14016412e+16 2.27675920e-04
1.14042953e+16 2.27610826e-04
1.14069494e+16 2.27546388e-04
1.14096034e+16 2.27482188e-04
1.14122575e+16 2.27418984e-04
1.14149116e+16 2.27352264e-04
1.14175657e+16 2.27282284e-04
1.14202198e+16 2.27212884e-04
1.14228739e+16 2.27144519e-04
1.14255280e+16 2.27075675e-04
1.14281820e+16 2.27006461e-04
1.14308361e+16 2.26939273e-04
1.14334902e+16 2.26860992e-04
1.14361443e+16 2.26779065e-04
1.14387984e+16 2.26697290e-04
1.14414525e+16 2.26616569e-04
1.14441065e+16 2.26536518e-04
1.14467606e+16 2.26457622e-04
1.14494147e+16 2.26370601e-04
1.14520688e+16 2.26270009e-04
1.14547229e+16 2.26169208e-04
1.14573770e+16 2.26069502e-04
1.14600311e+16 2.25969025e-04
1.14626851e+16 2.25868631e-04
1.14653392e+16 2.25767554e-04
1.14679933e+16 2.25666729e-04
1.14706474e+16 2.25557636e-04
1.14733015e+16 2.25418803e-04
1.14759556e+16 2.25277764e-04
1.14786097e+16 2.25136327e-04
1.14812637e+16 2.24995041e-04
1.14839178e+16 2.24854749e-04
1.14865719e+16 2.24711712e-04
1.14892260e+16 2.24568733e-04
1.14918801e+16 2.24426452e-04
1.14945342e+16 2.24285320e-04
1.14971882e+16 2.24143882e-04
1.14998423e+16 2.23994712e-04
1.15024964e+16 2.23845568e-04
1.15051505e+16 2.23696557e-04
1.15078046e+16 2.23547112e-04
1.15104587e+16 2.23398203e-04
1.15131128e+16 2.23235111e-04
1.15157668e+16 2.23071871e-04
1.15184209e+16 2.22909669e-04
1.15210750e+16 2.22748342e-04
1.15237291e+16 2.22587764e-04
1.15263832e+16 2.22428562e-04
1.15290373e+16 2.22247432e-04
1.15316914e+16 2.22065773e-04
1.15343454e+16 2.21884259e-04
1.15369995e+16 2.21703325e-04
1.15396536e+16 2.21522678e-04
1.15423077e+16 2.21340648e-04
1.15449618e+16 2.21162212e-04
1.15476159e+16 2.20983401e-04
1.15502699e+16 2.20799328e-04
1.15529240e+16 2.20611262e-04
1.15555781e+16 2.20419395e-04
1.15582322e+16 2.20214961e-04
1.15608863e+16 2.20013269e-04
1.15635404e+16 2.19811648e-04
1.15661945e+16 2.19570446e-04
1.15688485e+16 2.19326262e-04
1.15715026e+16 2.19083978e-04
1.15741567e+16 2.18799432e-04
1.15768108e+16 2.18487270e-04
1.15794649e+16 2.18179571e-04
1.15821190e+16 2.17871003e-04
1.15847731e+16 2.17508081e-04
1.15874271e+16 2.17085519e-04
1.15900812e+16 2.16664478e-04
1.15927353e+16 2.16190839e-04
1.15953894e+16 2.15722179e-04
1.15980435e+16 2.15200846e-04
1.16006976e+16 2.14594267e-04
1.16033516e+16 2.14000798e-04
1.16060057e+16 2.13221041e-04
1.16086598e+16 2.12451503e-04
1.16113139e+16 2.11687805e-04
1.16139680e+16 2.10812915e-04
1.16166221e+16 2.09939676e-04
1.16192762e+16 2.09132873e-04
1.16219302e+16 2.08334646e-04
1.16245843e+16 2.07492210e-04
1.16272384e+16 2.06547586e-04
1.16298925e+16 2.05539804e-04
1.16325466e+16 2.04228058e-04
1.16352007e+16 2.02791360e-04
1.16378548e+16 2.01170354e-04
1.16405088e+16 1.99508680e-04
1.16431629e+16 1.97637174e-04
1.16458170e+16 1.95214299e-04
1.16484711e+16 1.92293891e-04
1.16511252e+16 1.89007545e-04
1.16537793e+16 1.85695705e-04
1.16564333e+16 1.82813797e-04
1.16590874e+16 1.80183924e-04
1.16617415e+16 1.76630627e-04
1.16643956e+16 1.71457031e-04
1.16670497e+16 1.66674407e-04
1.16697038e+16 1.60681316e-04
1.16723579e+16 1.52149557e-04
1.16750119e+16 1.43719629e-04
1.16776660e+16 1.38067784e-04
1.16803201e+16 1.28218709e-04
1.16829742e+16 1.17893898e-04
1.16856283e+16 1.05540927e-04
1.16882824e+16 9.42271249e-05
1.16909365e+16 8.03637891e-05
1.16935905e+16 4.62007441e-05
1.16962446e+16 1.64264393e-05
1.16988987e+16 6.99329041e-05
1.17015528e+16 8.70397551e-05
1.17042069e+16 1.00538689e-04
1.17068610e+16 1.11356520e-04
1.17095151e+16 1.22925531e-04
1.17121691e+16 1.32616716e-04
1.17148232e+16 1.40048271e-04
1.17174773e+16 1.46128073e-04
1.17201314e+16 1.55076004e-04
1.17227855e+16 1.62593845e-04
1.17254396e+16 1.67632973e-04
1.17280936e+16 1.72519368e-04
1.17307477e+16 1.76893005e-04
1.17334018e+16 1.79657889e-04
1.17360559e+16 1.82273708e-04
1.17387100e+16 1.85164025e-04
1.17413641e+16 1.88486270e-04
1.17440182e+16 1.91565336e-04
1.17466722e+16 1.93995798e-04
1.17493263e+16 1.96063941e-04
1.17519804e+16 1.97675557e-04
1.17546345e+16 1.99189032e-04
1.17572886e+16 2.00632580e-04
1.17599427e+16 2.01873561e-04
1.17625968e+16 2.02894247e-04
1.17652508e+16 2.03795591e-04
1.17679049e+16 2.04538233e-04
1.17705590e+16 2.05226990e-04
1.17732131e+16 2.05893716e-04
1.17758672e+16 2.06596422e-04
1.17785213e+16 2.07345753e-04
1.17811753e+16 2.08035066e-04
1.17838294e+16 2.08678591e-04
1.17864835e+16 2.09330677e-04
1.17891376e+16 2.09893343e-04
1.17917917e+16 2.10362386e-04
1.17944458e+16 2.10838573e-04
1.17970999e+16 2.11177814e-04
1.17997539e+16 2.11528342e-04
1.18024080e+16 2.11848931e-04
1.18050621e+16 2.12148440e-04
1.18077162e+16 2.12433938e-04
1.18103703e+16 2.12626287e-04
1.18130244e+16 2.12810479e-04
1.18156785e+16 2.12993433e-04
1.18183325e+16 2.13179807e-04
1.18209866e+16 2.13307181e-04
1.18236407e+16 2.13424838e-04
1.18262948e+16 2.13542844e-04
1.18289489e+16 2.13639637e-04
1.18316030e+16 2.13715842e-04
1.18342570e+16 2.13793720e-04
1.18369111e+16 2.13869154e-04
1.18395652e+16 2.13929863e-04
1.18422193e+16 2.13991636e-04
1.18448734e+16 2.14047001e-04
1.18475275e+16 2.14097968e-04
1.18501816e+16 2.14150719e-04
1.18528356e+16 2.14205051e-04
1.18554897e+16 2.14259421e-04
1.18581438e+16 2.14314191e-04
1.18607979e+16 2.14369362e-04
1.18634520e+16 2.14427880e-04
1.18661061e+16 2.14472418e-04
1.18687602e+16 2.14507619e-04
1.18714142e+16 2.14542704e-04
1.18740683e+16 2.14577551e-04
1.18767224e+16 2.14613045e-04
1.18793765e+16 2.14649288e-04
1.18820306e+16 2.14678687e-04
1.18846847e+16 2.14700831e-04
1.18873387e+16 2.14724268e-04
1.18899928e+16 2.14748180e-04
1.18926469e+16 2.14771135e-04
1.18953010e+16 2.14789280e-04
1.18979551e+16 2.14804808e-04
1.19006092e+16 2.14820529e-04
1.19032633e+16 2.14837516e-04
1.19059173e+16 2.14854516e-04
1.19085714e+16 2.14870123e-04
1.19112255e+16 2.14883765e-04
1.19138796e+16 2.14897174e-04
1.19165337e+16 2.14911030e-04
1.19191878e+16 2.14924547e-04
1.19218419e+16 2.14930376e-04
1.19244959e+16 2.14906053e-04
1.19271500e+16 2.14880337e-04
1.19298041e+16 2.14854649e-04
1.19324582e+16 2.14829119e-04
1.19351123e+16 2.14803445e-04
1.19377664e+16 2.14778455e-04
1.19404204e+16 2.14753871e-04
1.19430745e+16 2.14725889e-04
1.19457286e+16 2.14680080e-04
1.19483827e+16 2.14635206e-04
1.19510368e+16 2.14589570e-04
1.19536909e+16 2.14544061e-04
1.19563450e+16 2.14498802e-04
1.19589990e+16 2.14453765e-04
1.19616531e+16 2.14403117e-04
1.19643072e+16 2.14345992e-04
1.19669613e+16 2.14288931e-04
1.19696154e+16 2.14231888e-04
1.19722695e+16 2.14174741e-04
1.19749236e+16 2.14117574e-04
1.19775776e+16 2.14059827e-04
1.19802317e+16 2.13999153e-04
1.19828858e+16 2.13938832e-04
1.19855399e+16 2.13878193e-04
1.19881940e+16 2.13816288e-04
1.19908481e+16 2.13753885e-04
1.19935022e+16 2.13690072e-04
1.19961562e+16 2.13626567e-04
1.19988103e+16 2.13562207e-04
1.20014644e+16 2.13496798e-04
1.20041185e+16 2.13430831e-04
1.20067726e+16 2.13365949e-04
1.20094267e+16 2.13300255e-04
1.20120807e+16 2.13235202e-04
1.20147348e+16 2.13170451e-04
1.20173889e+16 2.13104828e-04
1.20200430e+16 2.13039003e-04
1.20226971e+16 2.12972820e-04
1.20253512e+16 2.12906154e-04
1.20280053e+16 2.12837744e-04
1.20306593e+16 2.12769837e-04
1.20333134e+16 2.12702435e-04
1.20359675e+16 2.12634052e-04
1.20386216e+16 2.12563891e-04
1.20412757e+16 2.12492504e-04
1.20439298e+16 2.12421297e-04
1.20465839e+16 2.12349874e-04
1.20492379e+16 2.12278313e-04
1.20518920e+16 2.12205854e-04
1.20545461e+16 2.12133042e-04
1.20572002e+16 2.12056523e-04
1.20598543e+16 2.11975449e-04
1.20625084e+16 2.11894218e-04
1.20651624e+16 2.11812995e-04
1.20678165e+16 2.11732115e-04
1.20704706e+16 2.11651028e-04
1.20731247e+16 2.11570238e-04
1.20757788e+16 2.11482318e-04
1.20784329e+16 2.11385498e-04
1.20810870e+16 2.11288661e-04
1.20837410e+16 2.11190992e-04
1.20863951e+16 2.11093300e-04
1.20890492e+16 2.10995992e-04
1.20917033e+16 2.10898636e-04
1.20943574e+16 2.10802169e-04
1.20970115e+16 2.10705596e-04
1.20996656e+16 2.10582338e-04
1.21023196e+16 2.10454919e-04
1.21049737e+16 2.10326374e-04
1.21076278e+16 2.10198481e-04
1.21102819e+16 2.10070722e-04
1.21129360e+16 2.09943174e-04
1.21155901e+16 2.09813958e-04
1.21182441e+16 2.09683880e-04
1.21208982e+16 2.09554021e-04
1.21235523e+16 2.09425391e-04
1.21262064e+16 2.09296193e-04
1.21288605e+16 2.09161372e-04
1.21315146e+16 2.09026432e-04
1.21341687e+16 2.08891264e-04
1.21368227e+16 2.08756666e-04
1.21394768e+16 2.08622800e-04
1.21421309e+16 2.08479793e-04
1.21447850e+16 2.08334338e-04
1.21474391e+16 2.08188839e-04
1.21500932e+16 2.08043314e-04
1.21527473e+16 2.07899041e-04
1.21554013e+16 2.07755260e-04
1.21580554e+16 2.07604088e-04
1.21607095e+16 2.07441674e-04
1.21633636e+16 2.07281306e-04
1.21660177e+16 2.07121524e-04
1.21686718e+16 2.06962415e-04
1.21713258e+16 2.06802798e-04
1.21739799e+16 2.06643963e-04
1.21766340e+16 2.06485634e-04
1.21792881e+16 2.06324934e-04
1.21819422e+16 2.06160737e-04
1.21845963e+16 2.05994996e-04
1.21872504e+16 2.05826597e-04
1.21899044e+16 2.05646960e-04
1.21925585e+16 2.05467936e-04
1.21952126e+16 2.05289731e-04
1.21978667e+16 2.05089235e-04
1.22005208e+16 2.04875824e-04
1.22031749e+16 2.04663924e-04
1.22058290e+16 2.04445259e-04
1.22084830e+16 2.04180302e-04
1.22111371e+16 2.03916233e-04
1.22137912e+16 2.03653873e-04
1.22164453e+16 2.03389753e-04
1.22190994e+16 2.03057822e-04
1.22217535e+16 2.02699876e-04
1.22244075e+16 2.02342892e-04
1.22270616e+16 2.01939874e-04
1.22297157e+16 2.01546811e-04
1.22323698e+16 2.01102527e-04
1.22350239e+16 2.00600852e-04
1.22376780e+16 2.00101454e-04
1.22403321e+16 1.99480063e-04
1.22429861e+16 1.98835062e-04
1.22456402e+16 1.98207975e-04
1.22482943e+16 1.97504533e-04
1.22509484e+16 1.96783220e-04
1.22536025e+16 1.96084944e-04
1.22562566e+16 1.95418097e-04
1.22589107e+16 1.94730944e-04
1.22615647e+16 1.94003003e-04
1.22642188e+16 1.93141077e-04
1.22668729e+16 1.92222628e-04
1.22695270e+16 1.91087561e-04
1.22721811e+16 1.89812728e-04
1.22748352e+16 1.88450006e-04
1.22774892e+16 1.87024510e-04
1.22801433e+16 1.85396047e-04
1.22827974e+16 1.83289327e-04
1.22854515e+16 1.80821858e-04
1.22881056e+16 1.77903218e-04
1.22907597e+16 1.75158373e-04
1.22934138e+16 1.72452412e-04
1.22960678e+16 1.70251012e-04
1.22987219e+16 1.67392127e-04
1.23013760e+16 1.63497457e-04
1.23040301e+16 1.58585638e-04
1.23066842e+16 1.54426583e-04
1.23093383e+16 1.47076288e-04
1.23119924e+16 1.39499044e-04
1.23146464e+16 1.32585110e-04
1.23173005e+16 1.26370281e-04
1.23199546e+16 1.16260596e-04
1.23226087e+16 1.05485676e-04
1.23252628e+16 9.38584488e-05
1.23279169e+16 8.30240917e-05
1.23305710e+16 6.67537365e-05
1.23332250e+16 4.07833663e-05
1.23358791e+16 1.57493002e-05
1.23385332e+16 5.78676474e-05
1.23411873e+16 7.45358685e-05
1.23438414e+16 8.86449534e-05
1.23464955e+16 9.95892089e-05
1.23491495e+16 1.11109134e-04
1.23518036e+16 1.20623082e-04
1.23544577e+16 1.29016040e-04
1.23571118e+16 1.35094753e-04
1.23597659e+16 1.41609757e-04
1.23624200e+16 1.49858074e-04
1.23650741e+16 1.54866290e-04
1.23677281e+16 1.59443969e-04
1.23703822e+16 1.63608001e-04
1.23730363e+16 1.67103905e-04
1.23756904e+16 1.69218286e-04
1.23783445e+16 1.71585618e-04
1.23809986e+16 1.73971885e-04
1.23836527e+16 1.76851158e-04
1.23863067e+16 1.79338340e-04
1.23889608e+16 1.81373703e-04
1.23916149e+16 1.83050707e-04
1.23942690e+16 1.84437993e-04
1.23969231e+16 1.85580797e-04
1.23995772e+16 1.86794900e-04
1.24022312e+16 1.87722905e-04
1.24048853e+16 1.88606328e-04
1.24075394e+16 1.89261456e-04
1.24101935e+16 1.89862935e-04
1.24128476e+16 1.90372690e-04
1.24155017e+16 1.90831471e-04
1.24181558e+16 1.91288438e-04
1.24208098e+16 1.91762333e-04
1.24234639e+16 1.92253073e-04
1.24261180e+16 1.92668243e-04
1.24287721e+16 1.93073770e-04
1.24314262e+16 1.93487687e-04
1.24340803e+16 1.93802578e-04
1.24367344e+16 1.94067437e-04
1.24393884e+16 1.94330973e-04
1.24420425e+16 1.94487496e-04
1.24446966e+16 1.94646134e-04
1.24473507e+16 1.94786309e-04
1.24500048e+16 1.94891998e-04
1.24526589e+16 1.94980367e-04
1.24553129e+16 1.95025290e-04
1.24579670e+16 1.95046214e-04
1.24606211e+16 1.95064399e-04
1.24632752e+16 1.95083077e-04
1.24659293e+16 1.95083516e-04
1.24685834e+16 1.95054625e-04
1.24712375e+16 1.95021331e-04
1.24738915e+16 1.94984429e-04
1.24765456e+16 1.94915076e-04
1.24791997e+16 1.94840268e-04
1.24818538e+16 1.94749683e-04
1.24845079e+16 1.94654482e-04
1.24871620e+16 1.94549932e-04
1.24898161e+16 1.94432994e-04
1.24924701e+16 1.94285013e-04
1.24951242e+16 1.94134773e-04
1.24977783e+16 1.93984123e-04
1.25004324e+16 1.93797576e-04
1.25030865e+16 1.93596981e-04
1.25057406e+16 1.93397726e-04
1.25083946e+16 1.93195450e-04
1.25110487e+16 1.92970431e-04
1.25137028e+16 1.92703732e-04
1.25163569e+16 1.92417566e-04
1.25190110e+16 1.92104029e-04
1.25216651e+16 1.91768885e-04
1.25243192e+16 1.91438816e-04
1.25269732e+16 1.91014103e-04
1.25296273e+16 1.90575742e-04
1.25322814e+16 1.90113458e-04
1.25349355e+16 1.89535042e-04
1.25375896e+16 1.88963392e-04
1.25402437e+16 1.88403737e-04
1.25428978e+16 1.87774192e-04
1.25455518e+16 1.87156836e-04
1.25482059e+16 1.86552534e-04
1.25508600e+16 1.85967320e-04
1.25535141e+16 1.85335846e-04
1.25561682e+16 1.84653973e-04
1.25588223e+16 1.83843379e-04
1.25614763e+16 1.82953007e-04
1.25641304e+16 1.81876492e-04
1.25667845e+16 1.80680112e-04
1.25694386e+16 1.79406977e-04
1.25720927e+16 1.78096605e-04
1.25747468e+16 1.76544637e-04
1.25774009e+16 1.74559352e-04
1.25800549e+16 1.72232052e-04
1.25827090e+16 1.69556646e-04
1.25853631e+16 1.66887634e-04
1.25880172e+16 1.64438278e-04
1.25906713e+16 1.62258321e-04
1.25933254e+16 1.59738675e-04
1.25959795e+16 1.56112653e-04
1.25986335e+16 1.51629201e-04
1.26012876e+16 1.47538412e-04
1.26039417e+16 1.41639070e-04
1.26065958e+16 1.34210755e-04
1.26092499e+16 1.27337355e-04
1.26119040e+16 1.21992135e-04
1.26145581e+16 1.12801438e-04
1.26172121e+16 1.04226613e-04
1.26198662e+16 9.18072167e-05
1.26225203e+16 8.24115770e-05
1.26251744e+16 6.78947927e-05
1.26278285e+16 5.27940920e-05
1.26304826e+16 1.81561621e-05
1.26331366e+16 3.38717051e-05
1.26357907e+16 5.87312936e-05
1.26384448e+16 7.49154974e-05
1.26410989e+16 8.59369294e-05
1.26437530e+16 9.66834688e-05
1.26464071e+16 1.06863682e-04
1.26490612e+16 1.16217105e-04
1.26517152e+16 1.22931141e-04
1.26543693e+16 1.28905534e-04
1.26570234e+16 1.35233542e-04
1.26596775e+16 1.42752286e-04
1.26623316e+16 1.46960588e-04
1.26649857e+16 1.51129369e-04
1.26676398e+16 1.54872986e-04
1.26702938e+16 1.57855947e-04
1.26729479e+16 1.59647397e-04
1.26756020e+16 1.61562602e-04
1.26782561e+16 1.63503666e-04
1.26809102e+16 1.65758011e-04
1.26835643e+16 1.67756988e-04
1.26862183e+16 1.69307276e-04
1.26888724e+16 1.70517137e-04
1.26915265e+16 1.71382258e-04
1.26941806e+16 1.71986837e-04
1.26968347e+16 1.72591801e-04
1.26994888e+16 1.73034079e-04
1.27021429e+16 1.73439294e-04
1.27047969e+16 1.73612561e-04
1.27074510e+16 1.73743173e-04
1.27101051e+16 1.73756018e-04
1.27127592e+16 1.73654748e-04
1.27154133e+16 1.73465041e-04
1.27180674e+16 1.73157206e-04
1.27207215e+16 1.72819571e-04
1.27233755e+16 1.72282875e-04
1.27260296e+16 1.71695045e-04
1.27286837e+16 1.70998515e-04
1.27313378e+16 1.70262317e-04
1.27339919e+16 1.69297020e-04
1.27366460e+16 1.67968623e-04
1.27393000e+16 1.66399442e-04
1.27419541e+16 1.64360758e-04
1.27446082e+16 1.62280460e-04
1.27472623e+16 1.60196572e-04
1.27499164e+16 1.58410601e-04
1.27525705e+16 1.56475241e-04
1.27552246e+16 1.53763078e-04
1.27578786e+16 1.50033590e-04
1.27605327e+16 1.46515342e-04
1.27631868e+16 1.42294174e-04
1.27658409e+16 1.35930909e-04
1.27684950e+16 1.28679569e-04
1.27711491e+16 1.23902953e-04
1.27738032e+16 1.17136762e-04
1.27764572e+16 1.09170607e-04
1.27791113e+16 9.67841335e-05
1.27817654e+16 8.79123652e-05
1.27844195e+16 7.55743973e-05
1.27870736e+16 6.15627816e-05
1.27897277e+16 3.69783356e-05
1.27923817e+16 1.53820567e-05
1.27950358e+16 4.69235161e-05
1.27976899e+16 6.45867150e-05
1.28003440e+16 7.77522157e-05
1.28029981e+16 9.00572998e-05
1.28056522e+16 9.96812457e-05
1.28083063e+16 1.09435496e-04
1.28109603e+16 1.17688337e-04
1.28136144e+16 1.22918817e-04
1.28162685e+16 1.27360893e-04
1.28189226e+16 1.33605739e-04
1.28215767e+16 1.38590332e-04
1.28242308e+16 1.41334726e-04
1.28268849e+16 1.43768459e-04
1.28295389e+16 1.45871838e-04
1.28321930e+16 1.46843097e-04
1.28348471e+16 1.46903831e-04
1.28375012e+16 1.46704032e-04
1.28401553e+16 1.46427779e-04
1.28428094e+16 1.46093365e-04
1.28454634e+16 1.45720786e-04
1.28481175e+16 1.45103155e-04
1.28507716e+16 1.43856542e-04
1.28534257e+16 1.41529560e-04
1.28560798e+16 1.38844236e-04
1.28587339e+16 1.36033657e-04
1.28613880e+16 1.31647926e-04
1.28640420e+16 1.25609440e-04
1.28666961e+16 1.20863462e-04
1.28693502e+16 1.16398217e-04
1.28720043e+16 1.08666616e-04
1.28746584e+16 1.00732052e-04
1.28773125e+16 8.99937982e-05
1.28799666e+16 8.03815384e-05
1.28826206e+16 6.71447516e-05
1.28852747e+16 5.13494759e-05
1.28879288e+16 2.48338101e-05
1.28905829e+16 3.00150020e-05
1.28932370e+16 5.42657302e-05
1.28958911e+16 6.92970734e-05
1.28985452e+16 8.16424656e-05
1.29011992e+16 8.95312779e-05
1.29038533e+16 1.00423935e-04
1.29065074e+16 1.06982305e-04
1.29091615e+16 1.12732644e-04
1.29118156e+16 1.15536321e-04
1.29144697e+16 1.18256900e-04
1.29171237e+16 1.21050310e-04
1.29197778e+16 1.22144194e-04
1.29224319e+16 1.21642191e-04
1.29250860e+16 1.19369809e-04
1.29277401e+16 1.16577162e-04
1.29303942e+16 1.13782870e-04
1.29330483e+16 1.10064157e-04
1.29357023e+16 1.03674916e-04
1.29383564e+16 9.57716941e-05
1.29410105e+16 8.61314222e-05
1.29436646e+16 7.67169724e-05
1.29463187e+16 6.16295603e-05
1.29489728e+16 4.60466377e-05
1.29516269e+16 1.72558685e-05
1.29542809e+16 3.77729853e-05
1.29569350e+16 5.78673339e-05
1.29595891e+16 7.30545260e-05
1.29622432e+16 8.30883715e-05
1.29648973e+16 8.97809254e-05
1.29675514e+16 9.61733619e-05
1.29702054e+16 9.85565657e-05
1.29728595e+16 9.95151600e-05
1.29755136e+16 9.85680827e-05
1.29781677e+16 9.52552237e-05
1.29808218e+16 9.11559965e-05
1.29834759e+16 8.28557053e-05
1.29861300e+16 7.57189150e-05
1.29887840e+16 6.15782924e-05
1.29914381e+16 4.78965421e-05
1.29940922e+16 2.13942540e-05
1.29967463e+16 3.12053831e-05
1.29994004e+16 5.13646082e-05
1.30020545e+16 6.60098804e-05
1.30047086e+16 7.56907157e-05
1.30073626e+16 7.97121131e-05
1.30100167e+16 8.32887231e-05
1.30126708e+16 8.10124487e-05
1.30153249e+16 7.72494494e-05
1.30179790e+16 6.94285756e-05
1.30206331e+16 5.53637952e-05
1.30232871e+16 3.98086909e-05
1.30259412e+16 1.74472131e-05
1.30285953e+16 3.77051770e-05
1.30312494e+16 5.40242874e-05
1.30339035e+16 6.62683317e-05
1.30365576e+16 6.97181489e-05
1.30392117e+16 6.84724028e-05
1.30418657e+16 6.16497276e-05
1.30445198e+16 4.85777168e-05
1.30471739e+16 2.99605865e-05
1.30498280e+16 2.32568520e-05
1.30524821e+16 4.32956368e-05
1.30551362e+16 5.49925196e-05
1.30577903e+16 5.90653968e-05
1.30604443e+16 5.17201209e-05
1.30630984e+16 3.98376970e-05
1.30657525e+16 2.05314493e-05
1.30684066e+16 3.24387078e-05
1.30710607e+16 4.70670287e-05
1.30737148e+16 4.93272646e-05
1.30763688e+16 4.03637360e-05
1.30790229e+16 2.29756800e-05
1.30816770e+16 3.13014380e-05
1.30843311e+16 4.29179000e-05
1.30869852e+16 3.99466296e-05
1.30896393e+16 2.50351812e-05
1.30922934e+16 3.12666455e-05
1.30949474e+16 3.93160092e-05
1.30976015e+16 3.09938084e-05
1.31002556e+16 2.82145774e-05
1.31029097e+16 3.55257833e-05
1.31055638e+16 2.70598313e-05
1.31082179e+16 3.18781012e-05
1.31108720e+16 3.04121663e-05
1.31135260e+16 3.08214612e-05
1.31161801e+16 2.94521010e-05
1.31188342e+16 3.07004406e-05
1.31214883e+16 2.90263657e-05
1.31241424e+16 2.97528301e-05
1.31267965e+16 3.12366146e-05
1.31294505e+16 3.14648959e-05
1.31321046e+16 3.08895486e-05
1.31347587e+16 3.02903087e-05
1.31374128e+16 2.98208717e-05
1.31400669e+16 2.94889366e-05
1.31427210e+16 2.92747893e-05
1.31453751e+16 2.91456447e-05
1.31480291e+16 2.90757863e-05
1.31506832e+16 2.90346487e-05
1.31533373e+16 2.90062932e-05
1.31559914e+16 2.89814321e-05
1.31586455e+16 2.89563846e-05
1.31612996e+16 2.89305512e-05
1.31639537e+16 2.89041643e-05
1.31666077e+16 2.88782699e-05
1.31692618e+16 2.88521278e-05
1.31719159e+16 2.88260550e-05
1.31745700e+16 2.87993999e-05
1.31772241e+16 2.87729989e-05
1.31798782e+16 2.87469682e-05
1.31825323e+16 2.87208688e-05
1.31851863e+16 2.86946431e-05
1.31878404e+16 2.86682980e-05
1.31904945e+16 2.86421001e-05
1.31931486e+16 2.86155157e-05
1.31958027e+16 2.85896668e-05
1.31984568e+16 2.85633783e-05
1.32011108e+16 2.85370215e-05
1.32037649e+16 2.85105616e-05
1.32064190e+16 2.84844753e-05
1.32090731e+16 2.84582144e-05
1.32117272e+16 2.84320727e-05
1.32143813e+16 2.84057192e-05
1.32170354e+16 2.83798801e-05
1.32196894e+16 2.83534729e-05
1.32223435e+16 2.83271589e-05
1.32249976e+16 2.83011125e-05
1.32276517e+16 2.82751248e-05
1.32303058e+16 2.82491810e-05
1.32329599e+16 2.82232834e-05
1.32356140e+16 2.81973324e-05
1.32382680e+16 2.81715039e-05
1.32409221e+16 2.81457958e-05
1.32435762e+16 2.81199047e-05
1.32462303e+16 2.80941361e-05
1.32488844e+16 2.80682186e-05
1.32515385e+16 2.80422229e-05
1.32541925e+16 2.80163399e-05
1.32568466e+16 2.79909420e-05
1.32595007e+16 2.79652888e-05
1.32621548e+16 2.79394949e-05
1.32648089e+16 2.79136112e-05
1.32674630e+16 2.78876620e-05
1.32701171e+16 2.78620357e-05
1.32727711e+16 2.78365998e-05
1.32754252e+16 2.78112057e-05
1.32780793e+16 2.77858302e-05
1.32807334e+16 2.77603151e-05
1.32833875e+16 2.77347516e-05
1.32860416e+16 2.77092066e-05
1.32886957e+16 2.76837561e-05
1.32913497e+16 2.76582857e-05
1.32940038e+16 2.76329057e-05
1.32966579e+16 2.76076942e-05
1.32993120e+16 2.75827167e-05
1.33019661e+16 2.75579894e-05
1.33046202e+16 2.75330827e-05
1.33072742e+16 2.75086193e-05
1.33099283e+16 2.74848618e-05
1.33125824e+16 2.74614091e-05
1.33152365e+16 2.74385880e-05
1.33178906e+16 2.74167154e-05
1.33205447e+16 2.73948427e-05
1.33231988e+16 2.73729700e-05
1.33258528e+16 2.73510973e-05
1.33285069e+16 2.73292246e-05
1.33311610e+16 2.73073520e-05
1.33338151e+16 2.72854793e-05
1.33364692e+16 2.72636066e-05
1.33391233e+16 2.72417339e-05
1.33417774e+16 2.72198612e-05
1.33444314e+16 2.71979886e-05
1.33470855e+16 2.71761159e-05
1.33497396e+16 2.71542432e-05
1.33523937e+16 2.71323705e-05
1.33550478e+16 2.71104978e-05
1.33577019e+16 2.70886252e-05
1.33603559e+16 2.70667525e-05
1.33630100e+16 2.70448798e-05
1.33656641e+16 2.70230071e-05
1.33683182e+16 2.70011344e-05
1.33709723e+16 2.69792618e-05
1.33736264e+16 2.69573891e-05
1.33762805e+16 2.69355164e-05
1.33789345e+16 2.69136437e-05
1.33815886e+16 2.68917710e-05
1.33842427e+16 2.68698984e-05
1.33868968e+16 2.68480257e-05
1.33895509e+16 2.68261530e-05
1.33922050e+16 2.68042803e-05
1.33948591e+16 2.67824076e-05
1.33975131e+16 2.67605350e-05
1.34001672e+16 2.67386623e-05
1.34028213e+16 2.67167896e-05
1.34054754e+16 2.66949169e-05
1.34081295e+16 2.66730442e-05
1.34107836e+16 2.66511716e-05
1.34134376e+16 2.66292989e-05
1.34160917e+16 2.66074262e-05
1.34187458e+16 2.65855535e-05
1.34213999e+16 2.65636808e-05
1.34240540e+16 2.65418082e-05
1.34267081e+16 2.65199355e-05
1.34293622e+16 2.64980628e-05
1.34320162e+16 2.64761901e-05
1.34346703e+16 2.64543174e-05
1.34373244e+16 2.64324448e-05
1.34399785e+16 2.64105721e-05
1.34426326e+16 2.63886994e-05
1.34452867e+16 2.63668267e-05
1.34479408e+16 2.63449540e-05
1.34505948e+16 2.63230814e-05
1.34532489e+16 2.63012087e-05
1.34559030e+16 2.62793360e-05
1.34585571e+16 2.62574633e-05
1.34612112e+16 2.62355906e-05
1.34638653e+16 2.62137180e-05
1.34665194e+16 2.61918453e-05
1.34691734e+16 2.61699726e-05
1.34718275e+16 2.61480999e-05
1.34744816e+16 2.61262272e-05
1.34771357e+16 2.61043546e-05
1.34797898e+16 2.60824819e-05
1.34824439e+16 2.60606092e-05
1.34850979e+16 2.60387365e-05
1.34877520e+16 2.60168638e-05
1.34904061e+16 2.59949912e-05
1.34930602e+16 2.59731185e-05
1.34957143e+16 2.59512458e-05
1.34983684e+16 2.59293731e-05
1.35010225e+16 2.59075004e-05
1.35036765e+16 2.58856278e-05
1.35063306e+16 2.58637551e-05
1.35089847e+16 2.58418824e-05
1.35116388e+16 2.58200097e-05
1.35142929e+16 2.57981370e-05
1.35169470e+16 2.57762644e-05
1.35196011e+16 2.57543917e-05
1.35222551e+16 2.57325190e-05
1.35249092e+16 2.57106463e-05
1.35275633e+16 2.56887736e-05
1.35302174e+16 2.56669010e-05
1.35328715e+16 2.56450283e-05
1.35355256e+16 2.56231556e-05
1.35381796e+16 2.56012829e-05
1.35408337e+16 2.55794102e-05
1.35434878e+16 2.55575376e-05
1.35461419e+16 2.55356649e-05
1.35487960e+16 2.55137922e-05
1.35514501e+16 2.54919195e-05
1.35541042e+16 2.54700468e-05
1.35567582e+16 2.54481742e-05
1.35594123e+16 2.54263015e-05
1.35620664e+16 2.54044288e-05
1.35647205e+16 2.53825561e-05
1.35673746e+16 2.53606834e-05
1.35700287e+16 2.53388108e-05
1.35726828e+16 2.53169381e-05
1.35753368e+16 2.52950654e-05
1.35779909e+16 2.52731927e-05
1.35806450e+16 2.52513200e-05
1.35832991e+16 2.52294474e-05
1.35859532e+16 2.52075747e-05
1.35886073e+16 2.51857020e-05
1.35912613e+16 2.51638293e-05
1.35939154e+16 2.51419566e-05
1.35965695e+16 2.51200840e-05
1.35992236e+16 2.50982113e-05
1.36018777e+16 2.50763386e-05
1.36045318e+16 2.50544659e-05
1.36071859e+16 2.50325932e-05
1.36098399e+16 2.50107206e-05
1.36124940e+16 2.49888479e-05
1.36151481e+16 2.49669752e-05
1.36178022e+16 2.49451025e-05
1.36204563e+16 2.49232298e-05
1.36231104e+16 2.49013572e-05
1.36257645e+16 2.48794845e-05
1.36284185e+16 2.48576118e-05
1.36310726e+16 2.48357391e-05
1.36337267e+16 2.48138664e-05
1.36363808e+16 2.47919938e-05
1.36390349e+16 2.47701211e-05
1.36416890e+16 2.47482484e-05
1.36443430e+16 2.47263757e-05
1.36469971e+16 2.47045030e-05
1.36496512e+16 2.46826304e-05
1.36523053e+16 2.46607577e-05
1.36549594e+16 2.46388850e-05
1.36576135e+16 2.46170123e-05
1.36602676e+16 2.45951396e-05
1.36629216e+16 2.45732670e-05
1.36655757e+16 2.45513943e-05
1.36682298e+16 2.45295216e-05
1.36708839e+16 2.45076489e-05
1.36735380e+16 2.44857762e-05
1.36761921e+16 2.44639036e-05
1.36788462e+16 2.44420309e-05
1.36815002e+16 2.44201582e-05
1.36841543e+16 2.43982855e-05
1.36868084e+16 2.43764128e-05
1.36894625e+16 2.43545402e-05
1.36921166e+16 2.43326675e-05
1.36947707e+16 2.43107948e-05
1.36974247e+16 2.42889221e-05
1.37000788e+16 2.42670494e-05
1.37027329e+16 2.42451768e-05
1.37053870e+16 2.42233041e-05
1.37080411e+16 2.42014314e-05
1.37106952e+16 2.41795587e-05
1.37133493e+16 2.41576861e-05
1.37160033e+16 2.41358134e-05
1.37186574e+16 2.41139407e-05
1.37213115e+16 2.40920680e-05
1.37239656e+16 2.40701953e-05
1.37266197e+16 2.40483227e-05
1.37292738e+16 2.40264500e-05
1.37319279e+16 2.40045773e-05
1.37345819e+16 2.39827046e-05
1.37372360e+16 2.39608319e-05
1.37398901e+16 2.39389593e-05
1.37425442e+16 2.39170866e-05
1.37451983e+16 2.38952139e-05
1.37478524e+16 2.38733412e-05
1.37505065e+16 2.38514685e-05
1.37531605e+16 2.38295959e-05
1.37558146e+16 2.38077232e-05
1.37584687e+16 2.37858505e-05
1.37611228e+16 2.37639778e-05
1.37637769e+16 2.37421051e-05
1.37664310e+16 2.37202325e-05
1.37690850e+16 2.36983598e-05
1.37717391e+16 2.36764871e-05
1.37743932e+16 2.36546144e-05
1.37770473e+16 2.36327417e-05
1.37797014e+16 2.36108691e-05
1.37823555e+16 2.35889964e-05
1.37850096e+16 2.35671237e-05
1.37876636e+16 2.35452510e-05
1.37903177e+16 2.35233783e-05
1.37929718e+16 2.35015057e-05
1.37956259e+16 2.34796330e-05
1.37982800e+16 2.34577603e-05
1.38009341e+16 2.34358876e-05
1.38035882e+16 2.34140149e-05
1.38062422e+16 2.33921423e-05
1.38088963e+16 2.33702696e-05
1.38115504e+16 2.33483969e-05
1.38142045e+16 2.33265242e-05
1.38168586e+16 2.33046515e-05
1.38195127e+16 2.32827789e-05
1.38221667e+16 2.32609062e-05
1.38248208e+16 2.32390335e-05
1.38274749e+16 2.32171608e-05
1.38301290e+16 2.31952881e-05
1.38327831e+16 2.31734155e-05
1.38354372e+16 2.31515428e-05
1.38380913e+16 2.31296701e-05
1.38407453e+16 2.31077974e-05
1.38433994e+16 2.30859247e-05
1.38460535e+16 2.30640521e-05
1.38487076e+16 2.30421794e-05
1.38513617e+16 2.30203067e-05
1.38540158e+16 2.29984340e-05
1.38566699e+16 2.29765613e-05
1.38593239e+16 2.29546887e-05
1.38619780e+16 2.29328160e-05
1.38646321e+16 2.29109433e-05
1.38672862e+16 2.28890706e-05
1.38699403e+16 2.28671979e-05
1.38725944e+16 2.28453253e-05
1.38752484e+16 2.28234526e-05
1.38779025e+16 2.28015799e-05
1.38805566e+16 2.27797072e-05
1.38832107e+16 2.27578345e-05
1.38858648e+16 2.27359619e-05
1.38885189e+16 2.27140892e-05
1.38911730e+16 2.26922165e-05
1.38938270e+16 2.26703438e-05
1.38964811e+16 2.26484711e-05
1.38991352e+16 2.26265985e-05
1.39017893e+16 2.26047258e-05
1.39044434e+16 2.25828531e-05
1.39070975e+16 2.25609804e-05
1.39097516e+16 2.25391077e-05
1.39124056e+16 2.25172351e-05
1.39150597e+16 2.24953624e-05
1.39177138e+16 2.24734897e-05
1.39203679e+16 2.24516170e-05
1.39230220e+16 2.24297443e-05
1.39256761e+16 2.24078717e-05
1.39283301e+16 2.23859990e-05
1.39309842e+16 2.23641263e-05
1.39336383e+16 2.23422536e-05
1.39362924e+16 2.23203809e-05
1.39389465e+16 2.22985083e-05
1.39416006e+16 2.22766356e-05
1.39442547e+16 2.22547629e-05
1.39469087e+16 2.22328902e-05
1.39495628e+16 2.22110175e-05
1.39522169e+16 2.21891449e-05
1.39548710e+16 2.21672722e-05
1.39575251e+16 2.21453995e-05
1.39601792e+16 2.21235268e-05
1.39628333e+16 2.21016541e-05
1.39654873e+16 2.20797815e-05
1.39681414e+16 2.20579088e-05
1.39707955e+16 2.20360361e-05
1.39734496e+16 2.20141634e-05
1.39761037e+16 2.19922907e-05
1.39787578e+16 2.19704181e-05
1.39814118e+16 2.19485454e-05
1.39840659e+16 2.19266727e-05
1.39867200e+16 2.19048000e-05
1.39893741e+16 2.18829273e-05
1.39920282e+16 2.18610547e-05
1.39946823e+16 2.18391820e-05
1.39973364e+16 2.18221543e-05
1.39999904e+16 2.18056431e-05
1.40026445e+16 2.17891318e-05
1.40052986e+16 2.17726206e-05
1.40079527e+16 2.17561093e-05
1.40106068e+16 2.17395980e-05
1.40132609e+16 2.17230868e-05
1.40159150e+16 2.17065755e-05
1.40185690e+16 2.16900642e-05
1.40212231e+16 2.16735530e-05
1.40238772e+16 2.16570417e-05
1.40265313e+16 2.16405305e-05
1.40291854e+16 2.16240192e-05
1.40318395e+16 2.16075079e-05
1.40344935e+16 2.15909967e-05
1.40371476e+16 2.15744854e-05
1.40398017e+16 2.15579742e-05
1.40424558e+16 2.15414629e-05
1.40451099e+16 2.15249516e-05
1.40477640e+16 2.15084404e-05
1.40504181e+16 2.14919291e-05
1.40530721e+16 2.14754178e-05
1.40557262e+16 2.14589066e-05
1.40583803e+16 2.14423953e-05
1.40610344e+16 2.14258841e-05
1.40636885e+16 2.14093728e-05
1.40663426e+16 2.13928615e-05
1.40689967e+16 2.13763503e-05
1.40716507e+16 2.13598390e-05
1.40743048e+16 2.13433277e-05
1.40769589e+16 2.13268165e-05
1.40796130e+16 2.13103052e-05
1.40822671e+16 2.12937940e-05
1.40849212e+16 2.12772827e-05
1.40875753e+16 2.12607714e-05
1.40902293e+16 2.12442602e-05
1.40928834e+16 2.12277489e-05
1.40955375e+16 2.12112377e-05
1.40981916e+16 2.11947264e-05
1.41008457e+16 2.11782151e-05
1.41034998e+16 2.11617039e-05
1.41061538e+16 2.11451926e-05
1.41088079e+16 2.11286813e-05
1.41114620e+16 2.11121701e-05
1.41141161e+16 2.10956588e-05
1.41167702e+16 2.10791476e-05
1.41194243e+16 2.10626363e-05
1.41220784e+16 2.10461250e-05
1.41247324e+16 2.10296138e-05
1.41273865e+16 2.10131025e-05
1.41300406e+16 2.09965912e-05
1.41326947e+16 2.09800800e-05
1.41353488e+16 2.09635687e-05
1.41380029e+16 2.09470575e-05
1.41406570e+16 2.09305462e-05
1.41433110e+16 2.09140349e-05
1.41459651e+16 2.08975237e-05
1.41486192e+16 2.08810124e-05
1.41512733e+16 2.08645012e-05
1.41539274e+16 2.08479899e-05
1.41565815e+16 2.08314786e-05
1.41592355e+16 2.08149674e-05
1.41618896e+16 2.07984561e-05
1.41645437e+16 2.07819448e-05
1.41671978e+16 2.07654336e-05
1.41698519e+16 2.07489223e-05
1.41725060e+16 2.07324111e-05
1.41751601e+16 2.07158998e-05
1.41778141e+16 2.06993885e-05
1.41804682e+16 2.06828773e-05
1.41831223e+16 2.06663660e-05
1.41857764e+16 2.06498547e-05
1.41884305e+16 2.06333435e-05
1.41910846e+16 2.06168322e-05
1.41937387e+16 2.06003210e-05
1.41963927e+16 2.05838097e-05
1.41990468e+16 2.05672984e-05
1.42017009e+16 2.05507872e-05
1.42043550e+16 2.05342759e-05
1.42070091e+16 2.05177647e-05
1.42096632e+16 2.05012534e-05
1.42123172e+16 2.04847421e-05
1.42149713e+16 2.04682309e-05
1.42176254e+16 2.04517196e-05
1.42202795e+16 2.04352083e-05
1.42229336e+16 2.04186971e-05
1.42255877e+16 2.04021858e-05
1.42282418e+16 2.03856746e-05
1.42308958e+16 2.03691633e-05
1.42335499e+16 2.03526520e-05
1.42362040e+16 2.03361408e-05
1.42388581e+16 2.03196295e-05
1.42415122e+16 2.03031182e-05
1.42441663e+16 2.02866070e-05
1.42468204e+16 2.02700957e-05
1.42494744e+16 2.02535845e-05
1.42521285e+16 2.02370732e-05
1.42547826e+16 2.02205619e-05
1.42574367e+16 2.02040507e-05
1.42600908e+16 2.01875394e-05
1.42627449e+16 2.01710282e-05
1.42653989e+16 2.01545169e-05
1.42680530e+16 2.01380056e-05
1.42707071e+16 2.01214944e-05
1.42733612e+16 2.01049831e-05
1.42760153e+16 2.00884718e-05
1.42786694e+16 2.00719606e-05
1.42813235e+16 2.00554493e-05
1.42839775e+16 2.00389381e-05
1.42866316e+16 2.00224268e-05
1.42892857e+16 2.00059155e-05
1.42919398e+16 1.99894043e-05
1.42945939e+16 1.99728930e-05
1.42972480e+16 1.99563817e-05
1.42999021e+16 1.99398705e-05
1.43025561e+16 1.99233592e-05
1.43052102e+16 1.99068480e-05
1.43078643e+16 1.98903367e-05
1.43105184e+16 1.98738254e-05
1.43131725e+16 1.98573142e-05
1.43158266e+16 1.98408029e-05
1.43184806e+16 1.98242917e-05
1.43211347e+16 1.98077804e-05
1.43237888e+16 1.97912691e-05
1.43264429e+16 1.97747579e-05
1.43290970e+16 1.97582466e-05
1.43317511e+16 1.97417353e-05
1.43344052e+16 1.97252241e-05
1.43370592e+16 1.97087128e-05
1.43397133e+16 1.96922016e-05
1.43423674e+16 1.96756903e-05
1.43450215e+16 1.96591790e-05
1.43476756e+16 1.96426678e-05
1.43503297e+16 1.96261565e-05
1.43529838e+16 1.96096452e-05
1.43556378e+16 1.95931340e-05
1.43582919e+16 1.95766227e-05
1.43609460e+16 1.95601115e-05
1.43636001e+16 1.95436002e-05
1.43662542e+16 1.95270889e-05
1.43689083e+16 1.95105777e-05
1.43715624e+16 1.94940664e-05
1.43742164e+16 1.94775552e-05
1.43768705e+16 1.94610439e-05
1.43795246e+16 1.94445326e-05
1.43821787e+16 1.94280214e-05
1.43848328e+16 1.94115101e-05
1.43874869e+16 1.93949988e-05
1.43901409e+16 1.93784876e-05
1.43927950e+16 1.93619763e-05
1.43954491e+16 1.93454651e-05
1.43981032e+16 1.93289538e-05
1.44007573e+16 1.93124425e-05
1.44034114e+16 1.92959313e-05
1.44060655e+16 1.92794200e-05
1.44087195e+16 1.92629087e-05
1.44113736e+16 1.92463975e-05
1.44140277e+16 1.92298862e-05
1.44166818e+16 1.92133750e-05
1.44193359e+16 1.91968637e-05
1.44219900e+16 1.91803524e-05
1.44246441e+16 1.91638412e-05
1.44272981e+16 1.91473299e-05
1.44299522e+16 1.91308187e-05
1.44326063e+16 1.91143074e-05
1.44352604e+16 1.90977961e-05
1.44379145e+16 1.90812849e-05
1.44405686e+16 1.90647736e-05
1.44432226e+16 1.90482623e-05
1.44458767e+16 1.90317511e-05
1.44485308e+16 1.90152398e-05
1.44511849e+16 1.89987286e-05
1.44538390e+16 1.89822173e-05
1.44564931e+16 1.89657060e-05
1.44591472e+16 1.89491948e-05
1.44618012e+16 1.89326835e-05
1.44644553e+16 1.89161722e-05
1.44671094e+16 1.88996610e-05
1.44697635e+16 1.88831497e-05
1.44724176e+16 1.88666385e-05
1.44750717e+16 1.88501272e-05
1.44777258e+16 1.88336159e-05
1.44803798e+16 1.88171047e-05
1.44830339e+16 1.88005934e-05
1.44856880e+16 1.87840822e-05
1.44883421e+16 1.87675709e-05
1.44909962e+16 1.87510596e-05
1.44936503e+16 1.87345484e-05
1.44963043e+16 1.87180371e-05
1.44989584e+16 1.87015258e-05
1.45016125e+16 1.86850146e-05
1.45042666e+16 1.86685033e-05
1.45069207e+16 1.86519921e-05
1.45095748e+16 1.86354808e-05
1.45122289e+16 1.86189695e-05
1.45148829e+16 1.86024583e-05
1.45175370e+16 1.85859470e-05
1.45201911e+16 1.85694357e-05
1.45228452e+16 1.85529245e-05
1.45254993e+16 1.85364132e-05
1.45281534e+16 1.85199020e-05
1.45308075e+16 1.85033907e-05
1.45334615e+16 1.84868794e-05
1.45361156e+16 1.84703682e-05
1.45387697e+16 1.84538569e-05
1.45414238e+16 1.84373457e-05
1.45440779e+16 1.84208344e-05
1.45467320e+16 1.84043231e-05
1.45493860e+16 1.83878119e-05
1.45520401e+16 1.83713006e-05
1.45546942e+16 1.83547893e-05
1.45573483e+16 1.83382781e-05
1.45600024e+16 1.83217668e-05
1.45626565e+16 1.83052556e-05
1.45653106e+16 1.82887443e-05
1.45679646e+16 1.82722330e-05
1.45706187e+16 1.82557218e-05
1.45732728e+16 1.82392105e-05
1.45759269e+16 1.82226992e-05
1.45785810e+16 1.82061880e-05
1.45812351e+16 1.81896767e-05
1.45838892e+16 1.81731655e-05
1.45865432e+16 1.81566542e-05
1.45891973e+16 1.81401429e-05
1.45918514e+16 1.81236317e-05
1.45945055e+16 1.81071204e-05
1.45971596e+16 1.80906092e-05
1.45998137e+16 1.80740979e-05
1.46024677e+16 1.80575866e-05
1.46051218e+16 1.80410754e-05
1.46077759e+16 1.80245641e-05
1.46104300e+16 1.80080528e-05
1.46130841e+16 1.79915416e-05
1.46157382e+16 1.79750303e-05
1.46183923e+16 1.79585191e-05
1.46210463e+16 1.79420078e-05
1.46237004e+16 1.79254965e-05
1.46263545e+16 1.79089853e-05
1.46290086e+16 1.78924740e-05
1.46316627e+16 1.78759627e-05
1.46343168e+16 1.78594515e-05
1.46369709e+16 1.78429402e-05
1.46396249e+16 1.78264290e-05
1.46422790e+16 1.78099177e-05
1.46449331e+16 1.77934064e-05
1.46475872e+16 1.77768952e-05
1.46502413e+16 1.77603839e-05
1.46528954e+16 1.77438727e-05
1.46555495e+16 1.77273614e-05
1.46582035e+16 1.77108501e-05
1.46608576e+16 1.76943389e-05
1.46635117e+16 1.76778276e-05
1.46661658e+16 1.76613163e-05
1.46688199e+16 1.76448051e-05
1.46714740e+16 1.76282938e-05
1.46741280e+16 1.76117826e-05
1.46767821e+16 1.75952713e-05
1.46794362e+16 1.75787600e-05
1.46820903e+16 1.75622488e-05
1.46847444e+16 1.75457375e-05
1.46873985e+16 1.75292262e-05
1.46900526e+16 1.75127150e-05
1.46927066e+16 1.74962037e-05
1.46953607e+16 1.74796925e-05
1.46980148e+16 1.74631812e-05
1.47006689e+16 1.74466699e-05
1.47033230e+16 1.74301587e-05
1.47059771e+16 1.74136474e-05
1.47086312e+16 1.73971362e-05
1.47112852e+16 1.73806249e-05
1.47139393e+16 1.73641136e-05
1.47165934e+16 1.73476024e-05
1.47192475e+16 1.73310911e-05
1.47219016e+16 1.73145798e-05
1.47245557e+16 1.72980686e-05
1.47272097e+16 1.72815573e-05
1.47298638e+16 1.72650461e-05
1.47325179e+16 1.72485348e-05
1.47351720e+16 1.72320235e-05
1.47378261e+16 1.72155123e-05
1.47404802e+16 1.71990010e-05
1.47431343e+16 1.71824897e-05
1.47457883e+16 1.71659785e-05
1.47484424e+16 1.71494672e-05
1.47510965e+16 1.71329560e-05
1.47537506e+16 1.71164447e-05
1.47564047e+16 1.70999334e-05
1.47590588e+16 1.70834222e-05
1.47617129e+16 1.70669109e-05
1.47643669e+16 1.70503997e-05
1.47670210e+16 1.70338884e-05
1.47696751e+16 1.70173771e-05
1.47723292e+16 1.70008659e-05
1.47749833e+16 1.69843546e-05
1.47776374e+16 1.69678433e-05
1.47802914e+16 1.69513321e-05
1.47829455e+16 1.69348208e-05
1.47855996e+16 1.69183096e-05
1.47882537e+16 1.69017983e-05
1.47909078e+16 1.68852870e-05
1.47935619e+16 1.68687758e-05
1.47962160e+16 1.68522645e-05
1.47988700e+16 1.68357532e-05
1.48015241e+16 1.68192420e-05
1.48041782e+16 1.68027307e-05
1.48068323e+16 1.67862195e-05
1.48094864e+16 1.67697082e-05
1.48121405e+16 1.67531969e-05
1.48147946e+16 1.67366857e-05
1.48174486e+16 1.67201744e-05
1.48201027e+16 1.67036632e-05
1.48227568e+16 1.66871519e-05
1.48254109e+16 1.66706406e-05
1.48280650e+16 1.66541294e-05
1.48307191e+16 1.66376181e-05
1.48333731e+16 1.66229531e-05
1.48360272e+16 1.66108635e-05
1.48386813e+16 1.65987739e-05
1.48413354e+16 1.65866842e-05
1.48439895e+16 1.65745946e-05
1.48466436e+16 1.65625049e-05
1.48492977e+16 1.65504153e-05
1.48519517e+16 1.65383256e-05
1.48546058e+16 1.65262360e-05
1.48572599e+16 1.65141463e-05
1.48599140e+16 1.65020567e-05
1.48625681e+16 1.64899670e-05
1.48652222e+16 1.64778774e-05
1.48678763e+16 1.64657877e-05
1.48705303e+16 1.64536981e-05
1.48731844e+16 1.64416084e-05
1.48758385e+16 1.64295188e-05
1.48784926e+16 1.64174291e-05
1.48811467e+16 1.64053395e-05
1.48838008e+16 1.63932498e-05
1.48864548e+16 1.63811602e-05
1.48891089e+16 1.63690705e-05
1.48917630e+16 1.63569809e-05
1.48944171e+16 1.63448912e-05
1.48970712e+16 1.63328016e-05
1.48997253e+16 1.63207119e-05
1.49023794e+16 1.63086223e-05
1.49050334e+16 1.62965327e-05
1.49076875e+16 1.62844430e-05
1.49103416e+16 1.62723534e-05
1.49129957e+16 1.62602637e-05
1.49156498e+16 1.62481741e-05
1.49183039e+16 1.62360844e-05
1.49209580e+16 1.62239948e-05
1.49236120e+16 1.62119051e-05
1.49262661e+16 1.61998155e-05
1.49289202e+16 1.61877258e-05
1.49315743e+16 1.61756362e-05
1.49342284e+16 1.61635465e-05
1.49368825e+16 1.61514569e-05
1.49395366e+16 1.61393672e-05
1.49421906e+16 1.61272776e-05
1.49448447e+16 1.61151879e-05
1.49474988e+16 1.61030983e-05
1.49501529e+16 1.60910086e-05
1.49528070e+16 1.60789190e-05
1.49554611e+16 1.60668293e-05
1.49581151e+16 1.60547397e-05
1.49607692e+16 1.60426500e-05
1.49634233e+16 1.60305604e-05
1.49660774e+16 1.60184707e-05
1.49687315e+16 1.60063811e-05
1.49713856e+16 1.59942915e-05
1.49740397e+16 1.59822018e-05
1.49766937e+16 1.59701122e-05
1.49793478e+16 1.59580225e-05
1.49820019e+16 1.59459329e-05
1.49846560e+16 1.59338432e-05
1.49873101e+16 1.59217536e-05
1.49899642e+16 1.59096639e-05
1.49926183e+16 1.58975743e-05
1.49952723e+16 1.58854846e-05
1.49979264e+16 1.58733950e-05
1.50005805e+16 1.58613053e-05
1.50032346e+16 1.58492157e-05
1.50058887e+16 1.58371260e-05
1.50085428e+16 1.58250364e-05
1.50111968e+16 1.58129467e-05
1.50138509e+16 1.58008571e-05
1.50165050e+16 1.57887674e-05
1.50191591e+16 1.57766778e-05
1.50218132e+16 1.57645881e-05
1.50244673e+16 1.57524985e-05
1.50271214e+16 1.57404088e-05
1.50297754e+16 1.57283192e-05
1.50324295e+16 1.57162295e-05
1.50350836e+16 1.57041399e-05
1.50377377e+16 1.56920503e-05
1.50403918e+16 1.56799606e-05
1.50430459e+16 1.56678710e-05
1.50457000e+16 1.56557813e-05
1.50483540e+16 1.56436917e-05
1.50510081e+16 1.56316020e-05
1.50536622e+16 1.56195124e-05
1.50563163e+16 1.56074227e-05
1.50589704e+16 1.55953331e-05
1.50616245e+16 1.55832434e-05
1.50642785e+16 1.55711538e-05
1.50669326e+16 1.55590641e-05
1.50695867e+16 1.55469745e-05
1.50722408e+16 1.55348848e-05
1.50748949e+16 1.55227952e-05
1.50775490e+16 1.55107055e-05
1.50802031e+16 1.54986159e-05
1.50828571e+16 1.54865262e-05
1.50855112e+16 1.54744366e-05
1.50881653e+16 1.54623469e-05
1.50908194e+16 1.54502573e-05
1.50934735e+16 1.54381676e-05
1.50961276e+16 1.54260780e-05
1.50987817e+16 1.54139883e-05
1.51014357e+16 1.54018987e-05
1.51040898e+16 1.53898091e-05
1.51067439e+16 1.53777194e-05
1.51093980e+16 1.53656298e-05
1.51120521e+16 1.53535401e-05
1.51147062e+16 1.53414505e-05
1.51173602e+16 1.53293608e-05
1.51200143e+16 1.53172712e-05
1.51226684e+16 1.53051815e-05
1.51253225e+16 1.52930919e-05
1.51279766e+16 1.52810022e-05
1.51306307e+16 1.52689126e-05
1.51332848e+16 1.52568229e-05
1.51359388e+16 1.52447333e-05
1.51385929e+16 1.52326436e-05
1.51412470e+16 1.52205540e-05
1.51439011e+16 1.52084643e-05
1.51465552e+16 1.51963747e-05
1.51492093e+16 1.51842850e-05
1.51518634e+16 1.51721954e-05
1.51545174e+16 1.51601057e-05
1.51571715e+16 1.51480161e-05
1.51598256e+16 1.51359264e-05
1.51624797e+16 1.51238368e-05
1.51651338e+16 1.51117471e-05
1.51677879e+16 1.50996575e-05
1.51704419e+16 1.50875679e-05
1.51730960e+16 1.50754782e-05
1.51757501e+16 1.50633886e-05
1.51784042e+16 1.50512989e-05
1.51810583e+16 1.50392093e-05
1.51837124e+16 1.50271196e-05
1.51863665e+16 1.50150300e-05
1.51890205e+16 1.50029403e-05
1.51916746e+16 1.49908507e-05
1.51943287e+16 1.49787610e-05
1.51969828e+16 1.49666714e-05
1.51996369e+16 1.49545817e-05
1.52022910e+16 1.49424921e-05
1.52049451e+16 1.49304024e-05
1.52075991e+16 1.49183128e-05
1.52102532e+16 1.49062231e-05
1.52129073e+16 1.48941335e-05
1.52155614e+16 1.48820438e-05
1.52182155e+16 1.48699542e-05
1.52208696e+16 1.48578645e-05
1.52235237e+16 1.48457749e-05
1.52261777e+16 1.48336852e-05
1.52288318e+16 1.48215956e-05
1.52314859e+16 1.48095059e-05
1.52341400e+16 1.47974163e-05
1.52367941e+16 1.47853266e-05
1.52394482e+16 1.47732370e-05
1.52421022e+16 1.47611474e-05
1.52447563e+16 1.47490577e-05
1.52474104e+16 1.47369681e-05
1.52500645e+16 1.47248784e-05
1.52527186e+16 1.47127888e-05
1.52553727e+16 1.47006991e-05
1.52580268e+16 1.46886095e-05
1.52606808e+16 1.46765198e-05
1.52633349e+16 1.46644302e-05
1.52659890e+16 1.46523405e-05
1.52686431e+16 1.46402509e-05
1.52712972e+16 1.46281612e-05
1.52739513e+16 1.46160716e-05
1.52766054e+16 1.46039819e-05
1.52792594e+16 1.45918923e-05
1.52819135e+16 1.45798026e-05
1.52845676e+16 1.45677130e-05
1.52872217e+16 1.45556233e-05
1.52898758e+16 1.45435337e-05
1.52925299e+16 1.45314440e-05
1.52951839e+16 1.45193544e-05
1.52978380e+16 1.45072647e-05
1.53004921e+16 1.44951751e-05
1.53031462e+16 1.44830854e-05
1.53058003e+16 1.44709958e-05
1.53084544e+16 1.44589062e-05
1.53111085e+16 1.44468165e-05
1.53137625e+16 1.44347269e-05
1.53164166e+16 1.44226372e-05
1.53190707e+16 1.44105476e-05
1.53217248e+16 1.43984579e-05
1.53243789e+16 1.43863683e-05
1.53270330e+16 1.43742786e-05
1.53296871e+16 1.43621890e-05
1.53323411e+16 1.43500993e-05
1.53349952e+16 1.43380097e-05
1.53376493e+16 1.43259200e-05
1.53403034e+16 1.43138304e-05
1.53429575e+16 1.43017407e-05
1.53456116e+16 1.42896511e-05
1.53482656e+16 1.42775614e-05
1.53509197e+16 1.42654718e-05
1.53535738e+16 1.42533821e-05
1.53562279e+16 1.42412925e-05
1.53588820e+16 1.42292028e-05
1.53615361e+16 1.42171132e-05
1.53641902e+16 1.42050235e-05
1.53668442e+16 1.41929339e-05
1.53694983e+16 1.41808442e-05
1.53721524e+16 1.41687546e-05
1.53748065e+16 1.41566650e-05
1.53774606e+16 1.41445753e-05
1.53801147e+16 1.41324857e-05
1.53827688e+16 1.41203960e-05
1.53854228e+16 1.41083064e-05
1.53880769e+16 1.40962167e-05
1.53907310e+16 1.40841271e-05
1.53933851e+16 1.40720374e-05
1.53960392e+16 1.40599478e-05
1.53986933e+16 1.40478581e-05
1.54013473e+16 1.40357685e-05
1.54040014e+16 1.40236788e-05
1.54066555e+16 1.40115892e-05
1.54093096e+16 1.39994995e-05
1.54119637e+16 1.39874099e-05
1.54146178e+16 1.39753202e-05
1.54172719e+16 1.39632306e-05
1.54199259e+16 1.39511409e-05
1.54225800e+16 1.39390513e-05
1.54252341e+16 1.39269616e-05
1.54278882e+16 1.39148720e-05
1.54305423e+16 1.39027823e-05
1.54331964e+16 1.38906927e-05
1.54358505e+16 1.38786030e-05
1.54385045e+16 1.38665134e-05
1.54411586e+16 1.38544238e-05
1.54438127e+16 1.38423341e-05
1.54464668e+16 1.38302445e-05
1.54491209e+16 1.38181548e-05
1.54517750e+16 1.38060652e-05
1.54544290e+16 1.37939755e-05
1.54570831e+16 1.37818859e-05
1.54597372e+16 1.37697962e-05
1.54623913e+16 1.37577066e-05
1.54650454e+16 1.37456169e-05
1.54676995e+16 1.37335273e-05
1.54703536e+16 1.37214376e-05
1.54730076e+16 1.37093480e-05
1.54756617e+16 1.36972583e-05
1.54783158e+16 1.36851687e-05
1.54809699e+16 1.36730790e-05
1.54836240e+16 1.36609894e-05
1.54862781e+16 1.36488997e-05
1.54889322e+16 1.36368101e-05
1.54915862e+16 1.36247204e-05
1.54942403e+16 1.36126308e-05
1.54968944e+16 1.36005411e-05
1.54995485e+16 1.35884515e-05
1.55022026e+16 1.35763618e-05
1.55048567e+16 1.35642722e-05
1.55075108e+16 1.35521826e-05
1.55101648e+16 1.35400929e-05
1.55128189e+16 1.35280033e-05
1.55154730e+16 1.35159136e-05
1.55181271e+16 1.35038240e-05
1.55207812e+16 1.34917343e-05
1.55234353e+16 1.34796447e-05
1.55260893e+16 1.34675550e-05
1.55287434e+16 1.34554654e-05
1.55313975e+16 1.34433757e-05
1.55340516e+16 1.34312861e-05
1.55367057e+16 1.34191964e-05
1.55393598e+16 1.34071068e-05
1.55420139e+16 1.33950171e-05
1.55446679e+16 1.33829275e-05
1.55473220e+16 1.33708378e-05
1.55499761e+16 1.33587482e-05
1.55526302e+16 1.33466585e-05
1.55552843e+16 1.33345689e-05
1.55579384e+16 1.33224792e-05
1.55605925e+16 1.33103896e-05
1.55632465e+16 1.32982999e-05
1.55659006e+16 1.32862103e-05
1.55685547e+16 1.32741206e-05
1.55712088e+16 1.32620310e-05
1.55738629e+16 1.32499414e-05
1.55765170e+16 1.32378517e-05
1.55791710e+16 1.32257621e-05
1.55818251e+16 1.32136724e-05
1.55844792e+16 1.32015828e-05
1.55871333e+16 1.31894931e-05
1.55897874e+16 1.31774035e-05
1.55924415e+16 1.31653138e-05
1.55950956e+16 1.31532242e-05
1.55977496e+16 1.31411345e-05
1.56004037e+16 1.31290449e-05
1.56030578e+16 1.31169552e-05
1.56057119e+16 1.31048656e-05
1.56083660e+16 1.30927759e-05
1.56110201e+16 1.30806863e-05
1.56136742e+16 1.30685966e-05
1.56163282e+16 1.30565070e-05
1.56189823e+16 1.30444173e-05
1.56216364e+16 1.30323277e-05
1.56242905e+16 1.30202380e-05
1.56269446e+16 1.30081484e-05
1.56295987e+16 1.29960587e-05
1.56322527e+16 1.29839691e-05
1.56349068e+16 1.29718794e-05
1.56375609e+16 1.29597898e-05
1.56402150e+16 1.29477002e-05
1.56428691e+16 1.29356105e-05
1.56455232e+16 1.29235209e-05
1.56481773e+16 1.29114312e-05
1.56508313e+16 1.28993416e-05
1.56534854e+16 1.28872519e-05
1.56561395e+16 1.28751623e-05
1.56587936e+16 1.28630726e-05
1.56614477e+16 1.28509830e-05
1.56641018e+16 1.28388933e-05
1.56667559e+16 1.28268037e-05
1.56694099e+16 1.28147140e-05
1.56720640e+16 1.28055903e-05
1.56747181e+16 1.27966849e-05
1.56773722e+16 1.27877795e-05
1.56800263e+16 1.27788740e-05
1.56826804e+16 1.27699686e-05
1.56853344e+16 1.27610632e-05
1.56879885e+16 1.27521578e-05
1.56906426e+16 1.27432524e-05
1.56932967e+16 1.27343470e-05
1.56959508e+16 1.27254415e-05
1.56986049e+16 1.27165361e-05
1.57012590e+16 1.27076307e-05
1.57039130e+16 1.26987253e-05
1.57065671e+16 1.26898199e-05
1.57092212e+16 1.26809144e-05
1.57118753e+16 1.26720090e-05
1.57145294e+16 1.26631036e-05
1.57171835e+16 1.26541982e-05
1.57198376e+16 1.26452928e-05
1.57224916e+16 1.26363874e-05
1.57251457e+16 1.26274819e-05
1.57277998e+16 1.26185765e-05
1.57304539e+16 1.26096711e-05
1.57331080e+16 1.26007657e-05
1.57357621e+16 1.25918603e-05
1.57384161e+16 1.25829549e-05
1.57410702e+16 1.25740494e-05
1.57437243e+16 1.25651440e-05
1.57463784e+16 1.25562386e-05
1.57490325e+16 1.25473332e-05
1.57516866e+16 1.25384278e-05
1.57543407e+16 1.25295223e-05
1.57569947e+16 1.25206169e-05
1.57596488e+16 1.25117115e-05
1.57623029e+16 1.25028061e-05
1.57649570e+16 1.24939007e-05
1.57676111e+16 1.24849953e-05
1.57702652e+16 1.24760898e-05
1.57729193e+16 1.24671844e-05
1.57755733e+16 1.24582790e-05
1.57782274e+16 1.24493736e-05
1.57808815e+16 1.24404682e-05
1.57835356e+16 1.24315628e-05
1.57861897e+16 1.24226573e-05
1.57888438e+16 1.24137519e-05
1.57914978e+16 1.24048465e-05
1.57941519e+16 1.23959411e-05
1.57968060e+16 1.23870357e-05
1.57994601e+16 1.23781302e-05
1.58021142e+16 1.23692248e-05
1.58047683e+16 1.23603194e-05
1.58074224e+16 1.23514140e-05
1.58100764e+16 1.23425086e-05
1.58127305e+16 1.23336032e-05
1.58153846e+16 1.23246977e-05
1.58180387e+16 1.23157923e-05
1.58206928e+16 1.23068869e-05
1.58233469e+16 1.22979815e-05
1.58260010e+16 1.22890761e-05
1.58286550e+16 1.22801706e-05
1.58313091e+16 1.22712652e-05
1.58339632e+16 1.22623598e-05
1.58366173e+16 1.22534544e-05
1.58392714e+16 1.22445490e-05
1.58419255e+16 1.22356436e-05
1.58445796e+16 1.22267381e-05
1.58472336e+16 1.22178327e-05
1.58498877e+16 1.22089273e-05
1.58525418e+16 1.22000219e-05
1.58551959e+16 1.21911165e-05
1.58578500e+16 1.21822111e-05
1.58605041e+16 1.21733056e-05
1.58631581e+16 1.21644002e-05
1.58658122e+16 1.21554948e-05
1.58684663e+16 1.21465894e-05
1.58711204e+16 1.21376840e-05
1.58737745e+16 1.21287785e-05
1.58764286e+16 1.21198731e-05
1.58790827e+16 1.21109677e-05
1.58817367e+16 1.21020623e-05
1.58843908e+16 1.20931569e-05
1.58870449e+16 1.20842515e-05
1.58896990e+16 1.20753460e-05
1.58923531e+16 1.20664406e-05
1.58950072e+16 1.20575352e-05
1.58976613e+16 1.20486298e-05
1.59003153e+16 1.20397244e-05
1.59029694e+16 1.20308190e-05
1.59056235e+16 1.20219135e-05
1.59082776e+16 1.20130081e-05
1.59109317e+16 1.20041027e-05
1.59135858e+16 1.19951973e-05
1.59162398e+16 1.19862919e-05
1.59188939e+16 1.19773864e-05
1.59215480e+16 1.19684810e-05
1.59242021e+16 1.19595756e-05
1.59268562e+16 1.19506702e-05
1.59295103e+16 1.19417648e-05
1.59321644e+16 1.19328594e-05
1.59348184e+16 1.19239539e-05
1.59374725e+16 1.19150485e-05
1.59401266e+16 1.19061431e-05
1.59427807e+16 1.18972377e-05
1.59454348e+16 1.18883323e-05
1.59480889e+16 1.18794268e-05
1.59507430e+16 1.18705214e-05
1.59533970e+16 1.18616160e-05
1.59560511e+16 1.18527106e-05
1.59587052e+16 1.18438052e-05
1.59613593e+16 1.18348998e-05
1.59640134e+16 1.18259943e-05
1.59666675e+16 1.18170889e-05
1.59693215e+16 1.18081835e-05
1.59719756e+16 1.17992781e-05
1.59746297e+16 1.17903727e-05
1.59772838e+16 1.17814673e-05
1.59799379e+16 1.17725618e-05
1.59825920e+16 1.17636564e-05
1.59852461e+16 1.17547510e-05
1.59879001e+16 1.17458456e-05
1.59905542e+16 1.17369402e-05
1.59932083e+16 1.17280347e-05
1.59958624e+16 1.17191293e-05
1.59985165e+16 1.17102239e-05
1.60011706e+16 1.17013185e-05
1.60038247e+16 1.16924131e-05
1.60064787e+16 1.16835077e-05
1.60091328e+16 1.16746022e-05
1.60117869e+16 1.16656968e-05
1.60144410e+16 1.16567914e-05
1.60170951e+16 1.16478860e-05
1.60197492e+16 1.16389806e-05
1.60224032e+16 1.16300752e-05
1.60250573e+16 1.16211697e-05
1.60277114e+16 1.16122643e-05
1.60303655e+16 1.16033589e-05
1.60330196e+16 1.15944535e-05
1.60356737e+16 1.15855481e-05
1.60383278e+16 1.15766426e-05
1.60409818e+16 1.15677372e-05
1.60436359e+16 1.15588318e-05
1.60462900e+16 1.15499264e-05
1.60489441e+16 1.15410210e-05
1.60515982e+16 1.15321156e-05
1.60542523e+16 1.15232101e-05
1.60569064e+16 1.15143047e-05
1.60595604e+16 1.15053993e-05
1.60622145e+16 1.14964939e-05
1.60648686e+16 1.14875885e-05
1.60675227e+16 1.14786831e-05
1.60701768e+16 1.14697776e-05
1.60728309e+16 1.14608722e-05
1.60754849e+16 1.14519668e-05
1.60781390e+16 1.14430614e-05
1.60807931e+16 1.14341560e-05
1.60834472e+16 1.14252505e-05
1.60861013e+16 1.14163451e-05
1.60887554e+16 1.14074397e-05
1.60914095e+16 1.13985343e-05
1.60940635e+16 1.13896289e-05
1.60967176e+16 1.13807235e-05
1.60993717e+16 1.13718180e-05
1.61020258e+16 1.13629126e-05
1.61046799e+16 1.13540072e-05
1.61073340e+16 1.13451018e-05
1.61099881e+16 1.13361964e-05
1.61126421e+16 1.13272909e-05
1.61152962e+16 1.13183855e-05
1.61179503e+16 1.13094801e-05
1.61206044e+16 1.13005747e-05
1.61232585e+16 1.12916693e-05
1.61259126e+16 1.12827639e-05
1.61285667e+16 1.12738584e-05
1.61312207e+16 1.12649530e-05
1.61338748e+16 1.12560476e-05
1.61365289e+16 1.12471422e-05
1.61391830e+16 1.12382368e-05
1.61418371e+16 1.12293314e-05
1.61444912e+16 1.12204259e-05
1.61471452e+16 1.12115205e-05
1.61497993e+16 1.12026151e-05
1.61524534e+16 1.11937097e-05
1.61551075e+16 1.11848043e-05
1.61577616e+16 1.11758988e-05
1.61604157e+16 1.11669934e-05
1.61630698e+16 1.11580880e-05
1.61657238e+16 1.11491826e-05
1.61683779e+16 1.11402772e-05
1.61710320e+16 1.11313718e-05
1.61736861e+16 1.11224663e-05
1.61763402e+16 1.11135609e-05
1.61789943e+16 1.11046555e-05
1.61816484e+16 1.10957501e-05
1.61843024e+16 1.10868447e-05
1.61869565e+16 1.10779393e-05
1.61896106e+16 1.10690338e-05
1.61922647e+16 1.10601284e-05
1.61949188e+16 1.10512230e-05
1.61975729e+16 1.10423176e-05
1.62002269e+16 1.10334122e-05
1.62028810e+16 1.10245067e-05
1.62055351e+16 1.10156013e-05
1.62081892e+16 1.10066959e-05
1.62108433e+16 1.09977905e-05
1.62134974e+16 1.09888851e-05
1.62161515e+16 1.09799797e-05
1.62188055e+16 1.09710742e-05
1.62214596e+16 1.09621688e-05
1.62241137e+16 1.09532634e-05
1.62267678e+16 1.09443580e-05
1.62294219e+16 1.09354526e-05
1.62320760e+16 1.09265471e-05
1.62347301e+16 1.09176417e-05
1.62373841e+16 1.09087363e-05
1.62400382e+16 1.08998309e-05
1.62426923e+16 1.08909255e-05
1.62453464e+16 1.08820201e-05
1.62480005e+16 1.08731146e-05
1.62506546e+16 1.08642092e-05
1.62533086e+16 1.08553038e-05
1.62559627e+16 1.08463984e-05
1.62586168e+16 1.08374930e-05
1.62612709e+16 1.08285876e-05
1.62639250e+16 1.08196821e-05
1.62665791e+16 1.08107767e-05
1.62692332e+16 1.08018713e-05
1.62718872e+16 1.07929659e-05
1.62745413e+16 1.07840605e-05
1.62771954e+16 1.07751550e-05
1.62798495e+16 1.07662496e-05
1.62825036e+16 1.07573442e-05
1.62851577e+16 1.07484388e-05
1.62878118e+16 1.07395334e-05
1.62904658e+16 1.07306280e-05
1.62931199e+16 1.07217225e-05
1.62957740e+16 1.07128171e-05
1.62984281e+16 1.07039117e-05
1.63010822e+16 1.06950063e-05
1.63037363e+16 1.06861009e-05
1.63063903e+16 1.06771955e-05
1.63090444e+16 1.06682900e-05
1.63116985e+16 1.06593846e-05
1.63143526e+16 1.06504792e-05
1.63170067e+16 1.06415738e-05
1.63196608e+16 1.06326684e-05
1.63223149e+16 1.06237629e-05
1.63249689e+16 1.06148575e-05
1.63276230e+16 1.06059521e-05
1.63302771e+16 1.05970467e-05
1.63329312e+16 1.05881413e-05
1.63355853e+16 1.05792359e-05
1.63382394e+16 1.05703304e-05
1.63408935e+16 1.05614250e-05
1.63435475e+16 1.05525196e-05
1.63462016e+16 1.05436142e-05
1.63488557e+16 1.05347088e-05
1.63515098e+16 1.05258033e-05
1.63541639e+16 1.05168979e-05
1.63568180e+16 1.05079925e-05
1.63594720e+16 1.04990871e-05
1.63621261e+16 1.04901817e-05
1.63647802e+16 1.04812763e-05
1.63674343e+16 1.04723708e-05
1.63700884e+16 1.04634654e-05
1.63727425e+16 1.04545600e-05
1.63753966e+16 1.04456546e-05
1.63780506e+16 1.04367492e-05
1.63807047e+16 1.04278438e-05
1.63833588e+16 1.04189383e-05
1.63860129e+16 1.04100329e-05
1.63886670e+16 1.04011275e-05
1.63913211e+16 1.03922221e-05
1.63939752e+16 1.03833167e-05
1.63966292e+16 1.03744112e-05
1.63992833e+16 1.03655058e-05
1.64019374e+16 1.03566004e-05
1.64045915e+16 1.03476950e-05
1.64072456e+16 1.03387896e-05
1.64098997e+16 1.03298842e-05
1.64125538e+16 1.03209787e-05
1.64152078e+16 1.03120733e-05
1.64178619e+16 1.03031679e-05
1.64205160e+16 1.02942625e-05
1.64231701e+16 1.02853571e-05
1.64258242e+16 1.02764517e-05
1.64284783e+16 1.02675462e-05
1.64311323e+16 1.02586408e-05
1.64337864e+16 1.02497354e-05
1.64364405e+16 1.02408300e-05
1.64390946e+16 1.02319246e-05
1.64417487e+16 1.02230191e-05
1.64444028e+16 1.02141137e-05
1.64470569e+16 1.02052083e-05
1.64497109e+16 1.01963029e-05
1.64523650e+16 1.01873975e-05
1.64550191e+16 1.01784921e-05
1.64576732e+16 1.01695866e-05
1.64603273e+16 1.01606812e-05
1.64629814e+16 1.01517758e-05
1.64656355e+16 1.01428704e-05
1.64682895e+16 1.01339650e-05
1.64709436e+16 1.01250596e-05
1.64735977e+16 1.01161541e-05
1.64762518e+16 1.01072487e-05
1.64789059e+16 1.00983433e-05
1.64815600e+16 1.00894379e-05
1.64842140e+16 1.00805325e-05
1.64868681e+16 1.00716270e-05
1.64895222e+16 1.00627216e-05
1.64921763e+16 1.00538162e-05
1.64948304e+16 1.00449108e-05
1.64974845e+16 1.00360054e-05
1.65001386e+16 1.00271000e-05
1.65027926e+16 1.00181945e-05
1.65054467e+16 1.00092891e-05
1.65081008e+16 1.00014031e-05
1.65107549e+16 9.99478698e-06
1.65134090e+16 9.98817087e-06
1.65160631e+16 9.98155476e-06
1.65187172e+16 9.97493865e-06
1.65213712e+16 9.96832255e-06
1.65240253e+16 9.96170644e-06
1.65266794e+16 9.95509033e-06
1.65293335e+16 9.94847422e-06
1.65319876e+16 9.94185811e-06
1.65346417e+16 9.93524200e-06
1.65372957e+16 9.92862589e-06
1.65399498e+16 9.92200979e-06
1.65426039e+16 9.91539368e-06
1.65452580e+16 9.90877757e-06
1.65479121e+16 9.90216146e-06
1.65505662e+16 9.89554535e-06
1.65532203e+16 9.88892924e-06
1.65558743e+16 9.88231314e-06
1.65585284e+16 9.87569703e-06
1.65611825e+16 9.86908092e-06
1.65638366e+16 9.86246481e-06
1.65664907e+16 9.85584870e-06
1.65691448e+16 9.84923259e-06
1.65717989e+16 9.84261649e-06
1.65744529e+16 9.83600038e-06
1.65771070e+16 9.82938427e-06
1.65797611e+16 9.82276816e-06
1.65824152e+16 9.81615205e-06
1.65850693e+16 9.80953594e-06
1.65877234e+16 9.80291984e-06
1.65903774e+16 9.79630373e-06
1.65930315e+16 9.78968762e-06
1.65956856e+16 9.78307151e-06
1.65983397e+16 9.77645540e-06
1.66009938e+16 9.76983929e-06
1.66036479e+16 9.76322319e-06
1.66063020e+16 9.75660708e-06
1.66089560e+16 9.74999097e-06
1.66116101e+16 9.74337486e-06
1.66142642e+16 9.73675875e-06
1.66169183e+16 9.73014264e-06
1.66195724e+16 9.72352654e-06
1.66222265e+16 9.71691043e-06
1.66248806e+16 9.71029432e-06
1.66275346e+16 9.70367821e-06
1.66301887e+16 9.69706210e-06
1.66328428e+16 9.69044599e-06
1.66354969e+16 9.68382989e-06
1.66381510e+16 9.67721378e-06
1.66408051e+16 9.67059767e-06
1.66434591e+16 9.66398156e-06
1.66461132e+16 9.65736545e-06
1.66487673e+16 9.65074934e-06
1.66514214e+16 9.64413323e-06
1.66540755e+16 9.63751713e-06
1.66567296e+16 9.63090102e-06
1.66593837e+16 9.62428491e-06
1.66620377e+16 9.61766880e-06
1.66646918e+16 9.61105269e-06
1.66673459e+16 9.60443658e-06
1.66700000e+16 9.59782048e-06
1.66726541e+16 9.59120437e-06
1.66753082e+16 9.58458826e-06
1.66779623e+16 9.57797215e-06
1.66806163e+16 9.57135604e-06
1.66832704e+16 9.56473993e-06
1.66859245e+16 9.55812383e-06
1.66885786e+16 9.55150772e-06
1.66912327e+16 9.54489161e-06
1.66938868e+16 9.53827550e-06
1.66965409e+16 9.53165939e-06
1.66991949e+16 9.52504328e-06
1.67018490e+16 9.51842718e-06
1.67045031e+16 9.51181107e-06
1.67071572e+16 9.50519496e-06
1.67098113e+16 9.49857885e-06
1.67124654e+16 9.49196274e-06
1.67151194e+16 9.48534663e-06
1.67177735e+16 9.47873053e-06
1.67204276e+16 9.47211442e-06
1.67230817e+16 9.46549831e-06
1.67257358e+16 9.45888220e-06
1.67283899e+16 9.45226609e-06
1.67310440e+16 9.44564998e-06
1.67336980e+16 9.43903388e-06
1.67363521e+16 9.43241777e-06
1.67390062e+16 9.42580166e-06
1.67416603e+16 9.41918555e-06
1.67443144e+16 9.41256944e-06
1.67469685e+16 9.40595333e-06
1.67496226e+16 9.39933723e-06
1.67522766e+16 9.39272112e-06
1.67549307e+16 9.38610501e-06
1.67575848e+16 9.37948890e-06
1.67602389e+16 9.37287279e-06
1.67628930e+16 9.36625668e-06
1.67655471e+16 9.35964058e-06
1.67682011e+16 9.35302447e-06
1.67708552e+16 9.34640836e-06
1.67735093e+16 9.33979225e-06
1.67761634e+16 9.33317614e-06
1.67788175e+16 9.32656003e-06
1.67814716e+16 9.31994392e-06
1.67841257e+16 9.31332782e-06
1.67867797e+16 9.30671171e-06
1.67894338e+16 9.30009560e-06
1.67920879e+16 9.29347949e-06
1.67947420e+16 9.28686338e-06
1.67973961e+16 9.28024727e-06
1.68000502e+16 9.27363117e-06
1.68027043e+16 9.26701506e-06
1.68053583e+16 9.26039895e-06
1.68080124e+16 9.25378284e-06
1.68106665e+16 9.24716673e-06
1.68133206e+16 9.24055062e-06
1.68159747e+16 9.23393452e-06
1.68186288e+16 9.22731841e-06
1.68212828e+16 9.22070230e-06
1.68239369e+16 9.21408619e-06
1.68265910e+16 9.20747008e-06
1.68292451e+16 9.20085397e-06
1.68318992e+16 9.19423787e-06
1.68345533e+16 9.18762176e-06
1.68372074e+16 9.18100565e-06
1.68398614e+16 9.17438954e-06
1.68425155e+16 9.16777343e-06
1.68451696e+16 9.16115732e-06
1.68478237e+16 9.15454122e-06
1.68504778e+16 9.14792511e-06
1.68531319e+16 9.14130900e-06
1.68557860e+16 9.13469289e-06
1.68584400e+16 9.12807678e-06
1.68610941e+16 9.12146067e-06
1.68637482e+16 9.11484457e-06
1.68664023e+16 9.10822846e-06
1.68690564e+16 9.10161235e-06
1.68717105e+16 9.09499624e-06
1.68743645e+16 9.08838013e-06
1.68770186e+16 9.08176402e-06
1.68796727e+16 9.07514792e-06
1.68823268e+16 9.06853181e-06
1.68849809e+16 9.06191570e-06
1.68876350e+16 9.05529959e-06
1.68902891e+16 9.04868348e-06
1.68929431e+16 9.04206737e-06
1.68955972e+16 9.03545127e-06
1.68982513e+16 9.02883516e-06
1.69009054e+16 9.02221905e-06
1.69035595e+16 9.01560294e-06
1.69062136e+16 9.00898683e-06
1.69088677e+16 9.00237072e-06
1.69115217e+16 8.99575461e-06
1.69141758e+16 8.98913851e-06
1.69168299e+16 8.98252240e-06
1.69194840e+16 8.97590629e-06
1.69221381e+16 8.96929018e-06
1.69247922e+16 8.96267407e-06
1.69274462e+16 8.95605796e-06
1.69301003e+16 8.94944186e-06
1.69327544e+16 8.94282575e-06
1.69354085e+16 8.93620964e-06
1.69380626e+16 8.92959353e-06
1.69407167e+16 8.92297742e-06
1.69433708e+16 8.91636131e-06
1.69460248e+16 8.90974521e-06
1.69486789e+16 8.90312910e-06
1.69513330e+16 8.89651299e-06
1.69539871e+16 8.88989688e-06
1.69566412e+16 8.88328077e-06
1.69592953e+16 8.87666466e-06
1.69619494e+16 8.87004856e-06
1.69646034e+16 8.86343245e-06
1.69672575e+16 8.85681634e-06
1.69699116e+16 8.85020023e-06
1.69725657e+16 8.84358412e-06
1.69752198e+16 8.83696801e-06
1.69778739e+16 8.83035191e-06
1.69805280e+16 8.82373580e-06
1.69831820e+16 8.81711969e-06
1.69858361e+16 8.81050358e-06
1.69884902e+16 8.80388747e-06
1.69911443e+16 8.79727136e-06
1.69937984e+16 8.79065526e-06
1.69964525e+16 8.78403915e-06
1.69991065e+16 8.77742304e-06
1.70017606e+16 8.77080693e-06
1.70044147e+16 8.76419082e-06
1.70070688e+16 8.75757471e-06
1.70097229e+16 8.75095861e-06
1.70123770e+16 8.74434250e-06
1.70150311e+16 8.73772639e-06
1.70176851e+16 8.73111028e-06
1.70203392e+16 8.72449417e-06
1.70229933e+16 8.71787806e-06
1.70256474e+16 8.71126196e-06
1.70283015e+16 8.70464585e-06
1.70309556e+16 8.69802974e-06
1.70336097e+16 8.69141363e-06
1.70362637e+16 8.68479752e-06
1.70389178e+16 8.67818141e-06
1.70415719e+16 8.67156530e-06
1.70442260e+16 8.66494920e-06
1.70468801e+16 8.65833309e-06
1.70495342e+16 8.65171698e-06
1.70521882e+16 8.64510087e-06
1.70548423e+16 8.63848476e-06
1.70574964e+16 8.63186865e-06
1.70601505e+16 8.62525255e-06
1.70628046e+16 8.61863644e-06
1.70654587e+16 8.61202033e-06
1.70681128e+16 8.60540422e-06
1.70707668e+16 8.59878811e-06
1.70734209e+16 8.59217200e-06
1.70760750e+16 8.58555590e-06
1.70787291e+16 8.57893979e-06
1.70813832e+16 8.57232368e-06
1.70840373e+16 8.56570757e-06
1.70866914e+16 8.55909146e-06
1.70893454e+16 8.55247535e-06
1.70919995e+16 8.54585925e-06
1.70946536e+16 8.53924314e-06
1.70973077e+16 8.53262703e-06
1.70999618e+16 8.52601092e-06
1.71026159e+16 8.51939481e-06
1.71052699e+16 8.51277870e-06
1.71079240e+16 8.50616260e-06
1.71105781e+16 8.49954649e-06
1.71132322e+16 8.49293038e-06
1.71158863e+16 8.48631427e-06
1.71185404e+16 8.47969816e-06
1.71211945e+16 8.47308205e-06
1.71238485e+16 8.46646595e-06
1.71265026e+16 8.45984984e-06
1.71291567e+16 8.45323373e-06
1.71318108e+16 8.44661762e-06
1.71344649e+16 8.44000151e-06
1.71371190e+16 8.43338540e-06
1.71397731e+16 8.42676930e-06
1.71424271e+16 8.42015319e-06
1.71450812e+16 8.41353708e-06
1.71477353e+16 8.40692097e-06
1.71503894e+16 8.40030486e-06
1.71530435e+16 8.39368875e-06
1.71556976e+16 8.38707265e-06
1.71583516e+16 8.38045654e-06
1.71610057e+16 8.37384043e-06
1.71636598e+16 8.36722432e-06
1.71663139e+16 8.36060821e-06
1.71689680e+16 8.35399210e-06
1.71716221e+16 8.34737599e-06
1.71742762e+16 8.34075989e-06
1.71769302e+16 8.33414378e-06
1.71795843e+16 8.32752767e-06
1.71822384e+16 8.32091156e-06
1.71848925e+16 8.31429545e-06
1.71875466e+16 8.30767934e-06
1.71902007e+16 8.30106324e-06
1.71928548e+16 8.29444713e-06
1.71955088e+16 8.28783102e-06
1.71981629e+16 8.28121491e-06
1.72008170e+16 8.27459880e-06
1.72034711e+16 8.26798269e-06
1.72061252e+16 8.26136659e-06
1.72087793e+16 8.25475048e-06
1.72114333e+16 8.24813437e-06
1.72140874e+16 8.24151826e-06
1.72167415e+16 8.23490215e-06
1.72193956e+16 8.22828604e-06
1.72220497e+16 8.22166994e-06
1.72247038e+16 8.21505383e-06
1.72273579e+16 8.20843772e-06
1.72300119e+16 8.20182161e-06
1.72326660e+16 8.19520550e-06
1.72353201e+16 8.18858939e-06
1.72379742e+16 8.18197329e-06
1.72406283e+16 8.17535718e-06
1.72432824e+16 8.16874107e-06
1.72459365e+16 8.16212496e-06
1.72485905e+16 8.15550885e-06
1.72512446e+16 8.14889274e-06
1.72538987e+16 8.14227664e-06
1.72565528e+16 8.13566053e-06
1.72592069e+16 8.12904442e-06
1.72618610e+16 8.12242831e-06
1.72645151e+16 8.11581220e-06
1.72671691e+16 8.10919609e-06
1.72698232e+16 8.10257999e-06
1.72724773e+16 8.09596388e-06
1.72751314e+16 8.08934777e-06
1.72777855e+16 8.08273166e-06
1.72804396e+16 8.07611555e-06
1.72830936e+16 8.06949944e-06
1.72857477e+16 8.06288334e-06
1.72884018e+16 8.05626723e-06
1.72910559e+16 8.04965112e-06
1.72937100e+16 8.04303501e-06
1.72963641e+16 8.03641890e-06
1.72990182e+16 8.02980279e-06
1.73016722e+16 8.02318668e-06
1.73043263e+16 8.01657058e-06
1.73069804e+16 8.00995447e-06
1.73096345e+16 8.00333836e-06
1.73122886e+16 7.99672225e-06
1.73149427e+16 7.99010614e-06
1.73175968e+16 7.98349003e-06
1.73202508e+16 7.97687393e-06
1.73229049e+16 7.97025782e-06
1.73255590e+16 7.96364171e-06
1.73282131e+16 7.95702560e-06
1.73308672e+16 7.95040949e-06
1.73335213e+16 7.94379338e-06
1.73361753e+16 7.93717728e-06
1.73388294e+16 7.93056117e-06
1.73414835e+16 7.92394506e-06
1.73441376e+16 7.91732895e-06
1.73467917e+16 7.91229480e-06
1.73494458e+16 7.90732802e-06
1.73520999e+16 7.90236123e-06
1.73547539e+16 7.89739444e-06
1.73574080e+16 7.89242766e-06
1.73600621e+16 7.88746087e-06
1.73627162e+16 7.88249408e-06
1.73653703e+16 7.87752730e-06
1.73680244e+16 7.87256051e-06
1.73706785e+16 7.86759373e-06
1.73733325e+16 7.86262694e-06
1.73759866e+16 7.85766015e-06
1.73786407e+16 7.85269337e-06
1.73812948e+16 7.84772658e-06
1.73839489e+16 7.84275979e-06
1.73866030e+16 7.83779301e-06
1.73892570e+16 7.83282622e-06
1.73919111e+16 7.82785943e-06
1.73945652e+16 7.82289265e-06
1.73972193e+16 7.81792586e-06
1.73998734e+16 7.81295907e-06
1.74025275e+16 7.80799229e-06
1.74051816e+16 7.80302550e-06
1.74078356e+16 7.79805872e-06
1.74104897e+16 7.79309193e-06
1.74131438e+16 7.78812514e-06
1.74157979e+16 7.78315836e-06
1.74184520e+16 7.77819157e-06
1.74211061e+16 7.77322478e-06
1.74237602e+16 7.76825800e-06
1.74264142e+16 7.76329121e-06
1.74290683e+16 7.75832442e-06
1.74317224e+16 7.75335764e-06
1.74343765e+16 7.74839085e-06
1.74370306e+16 7.74342406e-06
1.74396847e+16 7.73845728e-06
1.74423387e+16 7.73349049e-06
1.74449928e+16 7.72852371e-06
1.74476469e+16 7.72355692e-06
1.74503010e+16 7.71859013e-06
1.74529551e+16 7.71362335e-06
1.74556092e+16 7.70865656e-06
1.74582633e+16 7.70368977e-06
1.74609173e+16 7.69872299e-06
1.74635714e+16 7.69375620e-06
1.74662255e+16 7.68878941e-06
1.74688796e+16 7.68382263e-06
1.74715337e+16 7.67885584e-06
1.74741878e+16 7.67388905e-06
1.74768419e+16 7.66892227e-06
1.74794959e+16 7.66395548e-06
1.74821500e+16 7.65898870e-06
1.74848041e+16 7.65402191e-06
1.74874582e+16 7.64905512e-06
1.74901123e+16 7.64408834e-06
1.74927664e+16 7.63912155e-06
1.74954204e+16 7.63415476e-06
1.74980745e+16 7.62918798e-06
1.75007286e+16 7.62422119e-06
1.75033827e+16 7.61925440e-06
1.75060368e+16 7.61428762e-06
1.75086909e+16 7.60932083e-06
1.75113450e+16 7.60435405e-06
1.75139990e+16 7.59938726e-06
1.75166531e+16 7.59442047e-06
1.75193072e+16 7.58945369e-06
1.75219613e+16 7.58448690e-06
1.75246154e+16 7.57952011e-06
1.75272695e+16 7.57455333e-06
1.75299236e+16 7.56958654e-06
1.75325776e+16 7.56461975e-06
1.75352317e+16 7.55965297e-06
1.75378858e+16 7.55468618e-06
1.75405399e+16 7.54971939e-06
1.75431940e+16 7.54475261e-06
1.75458481e+16 7.53978582e-06
1.75485022e+16 7.53481904e-06
1.75511562e+16 7.52985225e-06
1.75538103e+16 7.52488546e-06
1.75564644e+16 7.51991868e-06
1.75591185e+16 7.51495189e-06
1.75617726e+16 7.50998510e-06
1.75644267e+16 7.50501832e-06
1.75670807e+16 7.50005153e-06
1.75697348e+16 7.49508474e-06
1.75723889e+16 7.49011796e-06
1.75750430e+16 7.48515117e-06
1.75776971e+16 7.48018438e-06
1.75803512e+16 7.47521760e-06
1.75830053e+16 7.47025081e-06
1.75856593e+16 7.46528403e-06
1.75883134e+16 7.46031724e-06
1.75909675e+16 7.45535045e-06
1.75936216e+16 7.45038367e-06
1.75962757e+16 7.44541688e-06
1.75989298e+16 7.44045009e-06
1.76015839e+16 7.43548331e-06
1.76042379e+16 7.43051652e-06
1.76068920e+16 7.42554973e-06
1.76095461e+16 7.42058295e-06
1.76122002e+16 7.41561616e-06
1.76148543e+16 7.41064938e-06
1.76175084e+16 7.40568259e-06
1.76201624e+16 7.40071580e-06
1.76228165e+16 7.39574902e-06
1.76254706e+16 7.39078223e-06
1.76281247e+16 7.38581544e-06
1.76307788e+16 7.38084866e-06
1.76334329e+16 7.37588187e-06
1.76360870e+16 7.37091508e-06
1.76387410e+16 7.36594830e-06
1.76413951e+16 7.36098151e-06
1.76440492e+16 7.35601472e-06
1.76467033e+16 7.35104794e-06
1.76493574e+16 7.34608115e-06
1.76520115e+16 7.34111437e-06
1.76546656e+16 7.33614758e-06
1.76573196e+16 7.33118079e-06
1.76599737e+16 7.32621401e-06
1.76626278e+16 7.32124722e-06
1.76652819e+16 7.31628043e-06
1.76679360e+16 7.31131365e-06
1.76705901e+16 7.30634686e-06
1.76732441e+16 7.30138007e-06
1.76758982e+16 7.29641329e-06
1.76785523e+16 7.29144650e-06
1.76812064e+16 7.28647971e-06
1.76838605e+16 7.28151293e-06
1.76865146e+16 7.27654614e-06
1.76891687e+16 7.27157936e-06
1.76918227e+16 7.26661257e-06
1.76944768e+16 7.26164578e-06
1.76971309e+16 7.25667900e-06
1.76997850e+16 7.25171221e-06
1.77024391e+16 7.24674542e-06
1.77050932e+16 7.24177864e-06
1.77077473e+16 7.23681185e-06
1.77104013e+16 7.23184506e-06
1.77130554e+16 7.22687828e-06
1.77157095e+16 7.22191149e-06
1.77183636e+16 7.21694470e-06
1.77210177e+16 7.21197792e-06
1.77236718e+16 7.20701113e-06
1.77263258e+16 7.20204435e-06
1.77289799e+16 7.19707756e-06
1.77316340e+16 7.19211077e-06
1.77342881e+16 7.18714399e-06
1.77369422e+16 7.18217720e-06
1.77395963e+16 7.17721041e-06
1.77422504e+16 7.17224363e-06
1.77449044e+16 7.16727684e-06
1.77475585e+16 7.16231005e-06
1.77502126e+16 7.15734327e-06
1.77528667e+16 7.15237648e-06
1.77555208e+16 7.14740970e-06
1.77581749e+16 7.14244291e-06
1.77608290e+16 7.13747612e-06
1.77634830e+16 7.13250934e-06
1.77661371e+16 7.12754255e-06
1.77687912e+16 7.12257576e-06
1.77714453e+16 7.11760898e-06
1.77740994e+16 7.11264219e-06
1.77767535e+16 7.10767540e-06
1.77794075e+16 7.10270862e-06
1.77820616e+16 7.09774183e-06
1.77847157e+16 7.09277504e-06
1.77873698e+16 7.08780826e-06
1.77900239e+16 7.08284147e-06
1.77926780e+16 7.07787469e-06
1.77953321e+16 7.07290790e-06
1.77979861e+16 7.06794111e-06
1.78006402e+16 7.06297433e-06
1.78032943e+16 7.05800754e-06
1.78059484e+16 7.05304075e-06
1.78086025e+16 7.04807397e-06
1.78112566e+16 7.04310718e-06
1.78139107e+16 7.03814039e-06
1.78165647e+16 7.03317361e-06
1.78192188e+16 7.02820682e-06
1.78218729e+16 7.02324003e-06
1.78245270e+16 7.01827325e-06
1.78271811e+16 7.01330646e-06
1.78298352e+16 7.00833968e-06
1.78324892e+16 7.00337289e-06
1.78351433e+16 6.99840610e-06
1.78377974e+16 6.99343932e-06
1.78404515e+16 6.98847253e-06
1.78431056e+16 6.98350574e-06
1.78457597e+16 6.97853896e-06
1.78484138e+16 6.97357217e-06
1.78510678e+16 6.96860538e-06
1.78537219e+16 6.96363860e-06
1.78563760e+16 6.95867181e-06
1.78590301e+16 6.95370503e-06
1.78616842e+16 6.94873824e-06
1.78643383e+16 6.94377145e-06
1.78669924e+16 6.93880467e-06
1.78696464e+16 6.93383788e-06
1.78723005e+16 6.92887109e-06
1.78749546e+16 6.92390431e-06
1.78776087e+16 6.91893752e-06
1.78802628e+16 6.91397073e-06
1.78829169e+16 6.90900395e-06
1.78855710e+16 6.90403716e-06
1.78882250e+16 6.89907037e-06
1.78908791e+16 6.89410359e-06
1.78935332e+16 6.88913680e-06
1.78961873e+16 6.88417002e-06
1.78988414e+16 6.87920323e-06
1.79014955e+16 6.87423644e-06
1.79041495e+16 6.86926966e-06
1.79068036e+16 6.86430287e-06
1.79094577e+16 6.85933608e-06
1.79121118e+16 6.85436930e-06
1.79147659e+16 6.84940251e-06
1.79174200e+16 6.84443572e-06
1.79200741e+16 6.83946894e-06
1.79227281e+16 6.83450215e-06
1.79253822e+16 6.82953536e-06
1.79280363e+16 6.82456858e-06
1.79306904e+16 6.81960179e-06
1.79333445e+16 6.81463501e-06
1.79359986e+16 6.80966822e-06
1.79386527e+16 6.80470143e-06
1.79413067e+16 6.79973465e-06
1.79439608e+16 6.79476786e-06
1.79466149e+16 6.78980107e-06
1.79492690e+16 6.78483429e-06
1.79519231e+16 6.77986750e-06
1.79545772e+16 6.77490071e-06
1.79572312e+16 6.76993393e-06
1.79598853e+16 6.76496714e-06
1.79625394e+16 6.76000035e-06
1.79651935e+16 6.75503357e-06
1.79678476e+16 6.75006678e-06
1.79705017e+16 6.74510000e-06
1.79731558e+16 6.74013321e-06
1.79758098e+16 6.73516642e-06
1.79784639e+16 6.73019964e-06
1.79811180e+16 6.72523285e-06
1.79837721e+16 6.72026606e-06
1.79864262e+16 6.71529928e-06
1.79890803e+16 6.71033249e-06
1.79917344e+16 6.70536570e-06
1.79943884e+16 6.70039892e-06
1.79970425e+16 6.69543213e-06
1.79996966e+16 6.69046535e-06
1.80023507e+16 6.68549856e-06
1.80050048e+16 6.68053177e-06
1.80076589e+16 6.67556499e-06
1.80103129e+16 6.67059820e-06
1.80129670e+16 6.66563141e-06
1.80156211e+16 6.66066463e-06
1.80182752e+16 6.65569784e-06
1.80209293e+16 6.65073105e-06
1.80235834e+16 6.64576427e-06
1.80262375e+16 6.64079748e-06
1.80288915e+16 6.63583069e-06
1.80315456e+16 6.63086391e-06
1.80341997e+16 6.62589712e-06
1.80368538e+16 6.62093034e-06
1.80395079e+16 6.61596355e-06
1.80421620e+16 6.61099676e-06
1.80448161e+16 6.60602998e-06
1.80474701e+16 6.60106319e-06
1.80501242e+16 6.59609640e-06
1.80527783e+16 6.59112962e-06
1.80554324e+16 6.58616283e-06
1.80580865e+16 6.58119604e-06
1.80607406e+16 6.57622926e-06
1.80633946e+16 6.57126247e-06
1.80660487e+16 6.56629568e-06
1.80687028e+16 6.56132890e-06
1.80713569e+16 6.55636211e-06
1.80740110e+16 6.55139533e-06
1.80766651e+16 6.54642854e-06
1.80793192e+16 6.54146175e-06
1.80819732e+16 6.53649497e-06
1.80846273e+16 6.53152818e-06
1.80872814e+16 6.52656139e-06
1.80899355e+16 6.52159461e-06
1.80925896e+16 6.51662782e-06
1.80952437e+16 6.51166103e-06
1.80978978e+16 6.50669425e-06
1.81005518e+16 6.50172746e-06
1.81032059e+16 6.49676068e-06
1.81058600e+16 6.49179389e-06
1.81085141e+16 6.48682710e-06
1.81111682e+16 6.48186032e-06
1.81138223e+16 6.47689353e-06
1.81164763e+16 6.47192674e-06
1.81191304e+16 6.46695996e-06
1.81217845e+16 6.46199317e-06
1.81244386e+16 6.45702638e-06
1.81270927e+16 6.45205960e-06
1.81297468e+16 6.44709281e-06
1.81324009e+16 6.44212602e-06
1.81350549e+16 6.43715924e-06
1.81377090e+16 6.43219245e-06
1.81403631e+16 6.42722567e-06
1.81430172e+16 6.42225888e-06
1.81456713e+16 6.41729209e-06
1.81483254e+16 6.41232531e-06
1.81509795e+16 6.40735852e-06
1.81536335e+16 6.40239173e-06
1.81562876e+16 6.39742495e-06
1.81589417e+16 6.39245816e-06
1.81615958e+16 6.38749137e-06
1.81642499e+16 6.38252459e-06
1.81669040e+16 6.37755780e-06
1.81695581e+16 6.37259101e-06
1.81722121e+16 6.36762423e-06
1.81748662e+16 6.36265744e-06
1.81775203e+16 6.35769066e-06
1.81801744e+16 6.35272387e-06
1.81828285e+16 6.34832181e-06
1.81854826e+16 6.34454886e-06
1.81881366e+16 6.34077591e-06
1.81907907e+16 6.33700296e-06
1.81934448e+16 6.33323001e-06
1.81960989e+16 6.32945706e-06
1.81987530e+16 6.32568411e-06
1.82014071e+16 6.32191116e-06
1.82040612e+16 6.31813821e-06
1.82067152e+16 6.31436526e-06
1.82093693e+16 6.31059231e-06
1.82120234e+16 6.30681936e-06
1.82146775e+16 6.30304641e-06
1.82173316e+16 6.29927346e-06
1.82199857e+16 6.29550051e-06
1.82226398e+16 6.29172756e-06
1.82252938e+16 6.28795461e-06
1.82279479e+16 6.28418166e-06
1.82306020e+16 6.28040871e-06
1.82332561e+16 6.27663576e-06
1.82359102e+16 6.27286281e-06
1.82385643e+16 6.26908986e-06
1.82412183e+16 6.26531691e-06
1.82438724e+16 6.26154396e-06
1.82465265e+16 6.25777101e-06
1.82491806e+16 6.25399806e-06
1.82518347e+16 6.25022511e-06
1.82544888e+16 6.24645216e-06
1.82571429e+16 6.24267921e-06
1.82597969e+16 6.23890626e-06
1.82624510e+16 6.23513331e-06
1.82651051e+16 6.23136036e-06
1.82677592e+16 6.22758741e-06
1.82704133e+16 6.22381446e-06
1.82730674e+16 6.22004151e-06
1.82757215e+16 6.21626856e-06
1.82783755e+16 6.21249561e-06
1.82810296e+16 6.20872266e-06
1.82836837e+16 6.20494971e-06
1.82863378e+16 6.20117676e-06
1.82889919e+16 6.19740381e-06
1.82916460e+16 6.19363086e-06
1.82943000e+16 6.18985791e-06
1.82969541e+16 6.18608496e-06
1.82996082e+16 6.18231201e-06
1.83022623e+16 6.17853906e-06
1.83049164e+16 6.17476611e-06
1.83075705e+16 6.17099316e-06
1.83102246e+16 6.16722021e-06
1.83128786e+16 6.16344726e-06
1.83155327e+16 6.15967431e-06
1.83181868e+16 6.15590136e-06
1.83208409e+16 6.15212841e-06
1.83234950e+16 6.14835546e-06
1.83261491e+16 6.14458251e-06
1.83288032e+16 6.14080956e-06
1.83314572e+16 6.13703661e-06
1.83341113e+16 6.13326366e-06
1.83367654e+16 6.12949071e-06
1.83394195e+16 6.12571776e-06
1.83420736e+16 6.12194481e-06
1.83447277e+16 6.11817186e-06
1.83473817e+16 6.11439891e-06
1.83500358e+16 6.11062596e-06
1.83526899e+16 6.10685301e-06
1.83553440e+16 6.10308006e-06
1.83579981e+16 6.09930711e-06
1.83606522e+16 6.09553416e-06
1.83633063e+16 6.09176121e-06
1.83659603e+16 6.08798826e-06
1.83686144e+16 6.08421531e-06
1.83712685e+16 6.08044236e-06
1.83739226e+16 6.07666941e-06
1.83765767e+16 6.07289646e-06
1.83792308e+16 6.06912351e-06
1.83818849e+16 6.06535056e-06
1.83845389e+16 6.06157761e-06
1.83871930e+16 6.05780466e-06
1.83898471e+16 6.05403171e-06
1.83925012e+16 6.05025876e-06
1.83951553e+16 6.04648581e-06
1.83978094e+16 6.04271286e-06
1.84004634e+16 6.03893991e-06
1.84031175e+16 6.03516696e-06
1.84057716e+16 6.03139401e-06
1.84084257e+16 6.02762106e-06
1.84110798e+16 6.02384811e-06
1.84137339e+16 6.02007516e-06
1.84163880e+16 6.01630221e-06
1.84190420e+16 6.01252926e-06
1.84216961e+16 6.00875631e-06
1.84243502e+16 6.00498336e-06
1.84270043e+16 6.00121041e-06
1.84296584e+16 5.99743746e-06
1.84323125e+16 5.99366451e-06
1.84349666e+16 5.98989156e-06
1.84376206e+16 5.98611861e-06
1.84402747e+16 5.98234566e-06
1.84429288e+16 5.97857271e-06
1.84455829e+16 5.97479976e-06
1.84482370e+16 5.97102681e-06
1.84508911e+16 5.96725386e-06
1.84535452e+16 5.96348091e-06
1.84561992e+16 5.95970796e-06
1.84588533e+16 5.95593501e-06
1.84615074e+16 5.95216206e-06
1.84641615e+16 5.94838911e-06
1.84668156e+16 5.94461616e-06
1.84694697e+16 5.94084321e-06
1.84721237e+16 5.93707026e-06
1.84747778e+16 5.93329731e-06
1.84774319e+16 5.92952436e-06
1.84800860e+16 5.92575141e-06
1.84827401e+16 5.92197846e-06
1.84853942e+16 5.91820551e-06
1.84880483e+16 5.91443256e-06
1.84907023e+16 5.91065961e-06
1.84933564e+16 5.90688666e-06
1.84960105e+16 5.90311371e-06
1.84986646e+16 5.89934076e-06
1.85013187e+16 5.89556781e-06
1.85039728e+16 5.89179486e-06
1.85066269e+16 5.88802191e-06
1.85092809e+16 5.88424896e-06
1.85119350e+16 5.88047601e-06
1.85145891e+16 5.87670306e-06
1.85172432e+16 5.87293011e-06
1.85198973e+16 5.86915716e-06
1.85225514e+16 5.86538421e-06
1.85252054e+16 5.86161126e-06
1.85278595e+16 5.85783831e-06
1.85305136e+16 5.85406536e-06
1.85331677e+16 5.85029241e-06
1.85358218e+16 5.84651946e-06
1.85384759e+16 5.84274651e-06
1.85411300e+16 5.83897356e-06
1.85437840e+16 5.83520061e-06
1.85464381e+16 5.83142766e-06
1.85490922e+16 5.82765471e-06
1.85517463e+16 5.82388176e-06
1.85544004e+16 5.82010881e-06
1.85570545e+16 5.81633586e-06
1.85597086e+16 5.81256291e-06
1.85623626e+16 5.80878996e-06
1.85650167e+16 5.80501701e-06
1.85676708e+16 5.80124406e-06
1.85703249e+16 5.79747111e-06
1.85729790e+16 5.79369817e-06
1.85756331e+16 5.78992522e-06
1.85782871e+16 5.78615227e-06
1.85809412e+16 5.78237932e-06
1.85835953e+16 5.77860637e-06
1.85862494e+16 5.77483342e-06
1.85889035e+16 5.77106047e-06
1.85915576e+16 5.76728752e-06
1.85942117e+16 5.76351457e-06
1.85968657e+16 5.75974162e-06
1.85995198e+16 5.75596867e-06
1.86021739e+16 5.75219572e-06
1.86048280e+16 5.74842277e-06
1.86074821e+16 5.74464982e-06
1.86101362e+16 5.74087687e-06
1.86127903e+16 5.73710392e-06
1.86154443e+16 5.73333097e-06
1.86180984e+16 5.72955802e-06
1.86207525e+16 5.72578507e-06
1.86234066e+16 5.72201212e-06
1.86260607e+16 5.71823917e-06
1.86287148e+16 5.71446622e-06
1.86313688e+16 5.71069327e-06
1.86340229e+16 5.70692032e-06
1.86366770e+16 5.70314737e-06
1.86393311e+16 5.69937442e-06
1.86419852e+16 5.69560147e-06
1.86446393e+16 5.69182852e-06
1.86472934e+16 5.68805557e-06
1.86499474e+16 5.68428262e-06
1.86526015e+16 5.68050967e-06
1.86552556e+16 5.67673672e-06
1.86579097e+16 5.67296377e-06
1.86605638e+16 5.66919082e-06
1.86632179e+16 5.66541787e-06
1.86658720e+16 5.66164492e-06
1.86685260e+16 5.65787197e-06
1.86711801e+16 5.65409902e-06
1.86738342e+16 5.65032607e-06
1.86764883e+16 5.64655312e-06
1.86791424e+16 5.64278017e-06
1.86817965e+16 5.63900722e-06
1.86844505e+16 5.63523427e-06
1.86871046e+16 5.63146132e-06
1.86897587e+16 5.62768837e-06
1.86924128e+16 5.62391542e-06
1.86950669e+16 5.62014247e-06
1.86977210e+16 5.61636952e-06
1.87003751e+16 5.61259657e-06
1.87030291e+16 5.60882362e-06
1.87056832e+16 5.60505067e-06
1.87083373e+16 5.60127772e-06
1.87109914e+16 5.59750477e-06
1.87136455e+16 5.59373182e-06
1.87162996e+16 5.58995887e-06
1.87189537e+16 5.58618592e-06
1.87216077e+16 5.58241297e-06
1.87242618e+16 5.57864002e-06
1.87269159e+16 5.57486707e-06
1.87295700e+16 5.57109412e-06
1.87322241e+16 5.56732117e-06
1.87348782e+16 5.56354822e-06
1.87375323e+16 5.55977527e-06
1.87401863e+16 5.55600232e-06
1.87428404e+16 5.55222937e-06
1.87454945e+16 5.54845642e-06
1.87481486e+16 5.54468347e-06
1.87508027e+16 5.54091052e-06
1.87534568e+16 5.53713757e-06
1.87561108e+16 5.53336462e-06
1.87587649e+16 5.52959167e-06
1.87614190e+16 5.52581872e-06
1.87640731e+16 5.52204577e-06
1.87667272e+16 5.51827282e-06
1.87693813e+16 5.51449987e-06
1.87720354e+16 5.51072692e-06
1.87746894e+16 5.50695397e-06
1.87773435e+16 5.50318102e-06
1.87799976e+16 5.49940807e-06
1.87826517e+16 5.49563512e-06
1.87853058e+16 5.49186217e-06
1.87879599e+16 5.48808922e-06
1.87906140e+16 5.48431627e-06
1.87932680e+16 5.48054332e-06
1.87959221e+16 5.47677037e-06
1.87985762e+16 5.47299742e-06
1.88012303e+16 5.46922447e-06
1.88038844e+16 5.46545152e-06
1.88065385e+16 5.46167857e-06
1.88091925e+16 5.45790562e-06
1.88118466e+16 5.45413267e-06
1.88145007e+16 5.45035972e-06
1.88171548e+16 5.44658677e-06
1.88198089e+16 5.44281382e-06
1.88224630e+16 5.43904087e-06
1.88251171e+16 5.43526792e-06
1.88277711e+16 5.43149497e-06
1.88304252e+16 5.42772202e-06
1.88330793e+16 5.42394907e-06
1.88357334e+16 5.42017612e-06
1.88383875e+16 5.41640317e-06
1.88410416e+16 5.41263022e-06
1.88436957e+16 5.40885727e-06
1.88463497e+16 5.40508432e-06
1.88490038e+16 5.40131137e-06
1.88516579e+16 5.39753842e-06
1.88543120e+16 5.39376547e-06
1.88569661e+16 5.38999252e-06
1.88596202e+16 5.38621957e-06
1.88622742e+16 5.38244662e-06
1.88649283e+16 5.37867367e-06
1.88675824e+16 5.37490072e-06
1.88702365e+16 5.37112777e-06
1.88728906e+16 5.36735482e-06
1.88755447e+16 5.36358187e-06
1.88781988e+16 5.35980892e-06
1.88808528e+16 5.35603597e-06
1.88835069e+16 5.35226302e-06
1.88861610e+16 5.34849007e-06
1.88888151e+16 5.34471712e-06
1.88914692e+16 5.34094417e-06
1.88941233e+16 5.33717122e-06
1.88967774e+16 5.33339827e-06
1.88994314e+16 5.32962532e-06
1.89020855e+16 5.32585237e-06
1.89047396e+16 5.32207942e-06
1.89073937e+16 5.31830647e-06
1.89100478e+16 5.31453352e-06
1.89127019e+16 5.31076057e-06
1.89153559e+16 5.30698762e-06
1.89180100e+16 5.30321467e-06
1.89206641e+16 5.29944172e-06
1.89233182e+16 5.29566877e-06
1.89259723e+16 5.29189582e-06
1.89286264e+16 5.28812287e-06
1.89312805e+16 5.28434992e-06
1.89339345e+16 5.28057697e-06
1.89365886e+16 5.27680402e-06
1.89392427e+16 5.27303107e-06
1.89418968e+16 5.26925812e-06
1.89445509e+16 5.26548517e-06
1.89472050e+16 5.26171222e-06
1.89498591e+16 5.25793927e-06
1.89525131e+16 5.25416632e-06
1.89551672e+16 5.25039337e-06
1.89578213e+16 5.24662042e-06
1.89604754e+16 5.24284747e-06
1.89631295e+16 5.23907452e-06
1.89657836e+16 5.23530157e-06
1.89684376e+16 5.23152862e-06
1.89710917e+16 5.22775567e-06
1.89737458e+16 5.22398272e-06
1.89763999e+16 5.22020977e-06
1.89790540e+16 5.21643682e-06
1.89817081e+16 5.21266387e-06
1.89843622e+16 5.20889092e-06
1.89870162e+16 5.20511797e-06
1.89896703e+16 5.20134502e-06
1.89923244e+16 5.19757207e-06
1.89949785e+16 5.19379912e-06
1.89976326e+16 5.19002617e-06
1.90002867e+16 5.18625322e-06
1.90029408e+16 5.18248027e-06
1.90055948e+16 5.17870732e-06
1.90082489e+16 5.17493437e-06
1.90109030e+16 5.17116142e-06
1.90135571e+16 5.16738847e-06
1.90162112e+16 5.16361552e-06
1.90188653e+16 5.15984257e-06
1.90215194e+16 5.15692739e-06
1.90241734e+16 5.15402358e-06
1.90268275e+16 5.15111977e-06
1.90294816e+16 5.14821596e-06
1.90321357e+16 5.14531215e-06
1.90347898e+16 5.14240834e-06
1.90374439e+16 5.13950453e-06
1.90400979e+16 5.13660073e-06
1.90427520e+16 5.13369692e-06
1.90454061e+16 5.13079311e-06
1.90480602e+16 5.12788930e-06
1.90507143e+16 5.12498549e-06
1.90533684e+16 5.12208168e-06
1.90560225e+16 5.11917787e-06
1.90586765e+16 5.11627406e-06
1.90613306e+16 5.11337026e-06
1.90639847e+16 5.11046645e-06
1.90666388e+16 5.10756264e-06
1.90692929e+16 5.10465883e-06
1.90719470e+16 5.10175502e-06
1.90746011e+16 5.09885121e-06
1.90772551e+16 5.09594740e-06
1.90799092e+16 5.09304359e-06
1.90825633e+16 5.09013979e-06
1.90852174e+16 5.08723598e-06
1.90878715e+16 5.08433217e-06
1.90905256e+16 5.08142836e-06
1.90931796e+16 5.07852455e-06
1.90958337e+16 5.07562074e-06
1.90984878e+16 5.07271693e-06
1.91011419e+16 5.06981312e-06
1.91037960e+16 5.06690931e-06
1.91064501e+16 5.06400551e-06
1.91091042e+16 5.06110170e-06
1.91117582e+16 5.05819789e-06
1.91144123e+16 5.05529408e-06
1.91170664e+16 5.05239027e-06
1.91197205e+16 5.04948646e-06
1.91223746e+16 5.04658265e-06
1.91250287e+16 5.04367884e-06
1.91276828e+16 5.04077504e-06
1.91303368e+16 5.03787123e-06
1.91329909e+16 5.03496742e-06
1.91356450e+16 5.03206361e-06
1.91382991e+16 5.02915980e-06
1.91409532e+16 5.02625599e-06
1.91436073e+16 5.02335218e-06
1.91462613e+16 5.02044837e-06
1.91489154e+16 5.01754456e-06
1.91515695e+16 5.01464076e-06
1.91542236e+16 5.01173695e-06
1.91568777e+16 5.00883314e-06
1.91595318e+16 5.00592933e-06
1.91621859e+16 5.00302552e-06
1.91648399e+16 5.00012171e-06
1.91674940e+16 4.99721790e-06
1.91701481e+16 4.99431409e-06
1.91728022e+16 4.99141029e-06
1.91754563e+16 4.98850648e-06
1.91781104e+16 4.98560267e-06
1.91807645e+16 4.98269886e-06
1.91834185e+16 4.97979505e-06
1.91860726e+16 4.97689124e-06
1.91887267e+16 4.97398743e-06
1.91913808e+16 4.97108362e-06
1.91940349e+16 4.96817982e-06
1.91966890e+16 4.96527601e-06
1.91993430e+16 4.96237220e-06
1.92019971e+16 4.95946839e-06
1.92046512e+16 4.95656458e-06
1.92073053e+16 4.95366077e-06
1.92099594e+16 4.95075696e-06
1.92126135e+16 4.94785315e-06
1.92152676e+16 4.94494934e-06
1.92179216e+16 4.94204554e-06
1.92205757e+16 4.93914173e-06
1.92232298e+16 4.93623792e-06
1.92258839e+16 4.93333411e-06
1.92285380e+16 4.93043030e-06
1.92311921e+16 4.92752649e-06
1.92338462e+16 4.92462268e-06
1.92365002e+16 4.92171887e-06
1.92391543e+16 4.91881507e-06
1.92418084e+16 4.91591126e-06
1.92444625e+16 4.91300745e-06
1.92471166e+16 4.91010364e-06
1.92497707e+16 4.90719983e-06
1.92524247e+16 4.90429602e-06
1.92550788e+16 4.90139221e-06
1.92577329e+16 4.89848840e-06
1.92603870e+16 4.89558459e-06
1.92630411e+16 4.89268079e-06
1.92656952e+16 4.88977698e-06
1.92683493e+16 4.88687317e-06
1.92710033e+16 4.88396936e-06
1.92736574e+16 4.88106555e-06
1.92763115e+16 4.87816174e-06
1.92789656e+16 4.87525793e-06
1.92816197e+16 4.87235412e-06
1.92842738e+16 4.86945032e-06
1.92869279e+16 4.86654651e-06
1.92895819e+16 4.86364270e-06
1.92922360e+16 4.86073889e-06
1.92948901e+16 4.85783508e-06
1.92975442e+16 4.85493127e-06
1.93001983e+16 4.85202746e-06
1.93028524e+16 4.84912365e-06
1.93055065e+16 4.84621985e-06
1.93081605e+16 4.84331604e-06
1.93108146e+16 4.84041223e-06
1.93134687e+16 4.83750842e-06
1.93161228e+16 4.83460461e-06
1.93187769e+16 4.83170080e-06
1.93214310e+16 4.82879699e-06
1.93240850e+16 4.82589318e-06
1.93267391e+16 4.82298937e-06
1.93293932e+16 4.82008557e-06
1.93320473e+16 4.81718176e-06
1.93347014e+16 4.81427795e-06
1.93373555e+16 4.81137414e-06
1.93400096e+16 4.80847033e-06
1.93426636e+16 4.80556652e-06
1.93453177e+16 4.80266271e-06
1.93479718e+16 4.79975890e-06
1.93506259e+16 4.79685510e-06
1.93532800e+16 4.79395129e-06
1.93559341e+16 4.79104748e-06
1.93585882e+16 4.78814367e-06
1.93612422e+16 4.78523986e-06
1.93638963e+16 4.78233605e-06
1.93665504e+16 4.77943224e-06
1.93692045e+16 4.77652843e-06
1.93718586e+16 4.77362462e-06
1.93745127e+16 4.77072082e-06
1.93771667e+16 4.76781701e-06
1.93798208e+16 4.76491320e-06
1.93824749e+16 4.76200939e-06
1.93851290e+16 4.75910558e-06
1.93877831e+16 4.75620177e-06
1.93904372e+16 4.75329796e-06
1.93930913e+16 4.75039415e-06
1.93957453e+16 4.74749035e-06
1.93983994e+16 4.74458654e-06
1.94010535e+16 4.74168273e-06
1.94037076e+16 4.73877892e-06
1.94063617e+16 4.73587511e-06
1.94090158e+16 4.73297130e-06
1.94116699e+16 4.73006749e-06
1.94143239e+16 4.72716368e-06
1.94169780e+16 4.72425987e-06
1.94196321e+16 4.72135607e-06
1.94222862e+16 4.71845226e-06
1.94249403e+16 4.71554845e-06
1.94275944e+16 4.71264464e-06
1.94302484e+16 4.70974083e-06
1.94329025e+16 4.70683702e-06
1.94355566e+16 4.70393321e-06
1.94382107e+16 4.70102940e-06
1.94408648e+16 4.69812560e-06
1.94435189e+16 4.69522179e-06
1.94461730e+16 4.69231798e-06
1.94488270e+16 4.68941417e-06
1.94514811e+16 4.68651036e-06
1.94541352e+16 4.68360655e-06
1.94567893e+16 4.68070274e-06
1.94594434e+16 4.67779893e-06
1.94620975e+16 4.67489513e-06
1.94647516e+16 4.67199132e-06
1.94674056e+16 4.66908751e-06
1.94700597e+16 4.66618370e-06
1.94727138e+16 4.66327989e-06
1.94753679e+16 4.66037608e-06
1.94780220e+16 4.65747227e-06
1.94806761e+16 4.65456846e-06
1.94833301e+16 4.65166465e-06
1.94859842e+16 4.64876085e-06
1.94886383e+16 4.64585704e-06
1.94912924e+16 4.64295323e-06
1.94939465e+16 4.64004942e-06
1.94966006e+16 4.63714561e-06
1.94992547e+16 4.63424180e-06
1.95019087e+16 4.63133799e-06
1.95045628e+16 4.62843418e-06
1.95072169e+16 4.62553038e-06
1.95098710e+16 4.62262657e-06
1.95125251e+16 4.61972276e-06
1.95151792e+16 4.61681895e-06
1.95178333e+16 4.61391514e-06
1.95204873e+16 4.61101133e-06
1.95231414e+16 4.60810752e-06
1.95257955e+16 4.60520371e-06
1.95284496e+16 4.60229990e-06
1.95311037e+16 4.59939610e-06
1.95337578e+16 4.59649229e-06
1.95364118e+16 4.59358848e-06
1.95390659e+16 4.59068467e-06
1.95417200e+16 4.58778086e-06
1.95443741e+16 4.58487705e-06
1.95470282e+16 4.58197324e-06
1.95496823e+16 4.57906943e-06
1.95523364e+16 4.57616563e-06
1.95549904e+16 4.57326182e-06
1.95576445e+16 4.57035801e-06
1.95602986e+16 4.56745420e-06
1.95629527e+16 4.56455039e-06
1.95656068e+16 4.56164658e-06
1.95682609e+16 4.55874277e-06
1.95709150e+16 4.55583896e-06
1.95735690e+16 4.55293516e-06
1.95762231e+16 4.55003135e-06
1.95788772e+16 4.54712754e-06
1.95815313e+16 4.54422373e-06
1.95841854e+16 4.54131992e-06
1.95868395e+16 4.53841611e-06
1.95894935e+16 4.53551230e-06
1.95921476e+16 4.53260849e-06
1.95948017e+16 4.52970468e-06
1.95974558e+16 4.52680088e-06
1.96001099e+16 4.52389707e-06
1.96027640e+16 4.52099326e-06
1.96054181e+16 4.51808945e-06
1.96080721e+16 4.51518564e-06
1.96107262e+16 4.51228183e-06
1.96133803e+16 4.50937802e-06
1.96160344e+16 4.50647421e-06
1.96186885e+16 4.50357041e-06
1.96213426e+16 4.50066660e-06
1.96239967e+16 4.49776279e-06
1.96266507e+16 4.49485898e-06
1.96293048e+16 4.49195517e-06
1.96319589e+16 4.48905136e-06
1.96346130e+16 4.48614755e-06
1.96372671e+16 4.48324374e-06
1.96399212e+16 4.48033993e-06
1.96425753e+16 4.47743613e-06
1.96452293e+16 4.47453232e-06
1.96478834e+16 4.47162851e-06
1.96505375e+16 4.46872470e-06
1.96531916e+16 4.46582089e-06
1.96558457e+16 4.46291708e-06
1.96584998e+16 4.46001327e-06
1.96611538e+16 4.45710946e-06
1.96638079e+16 4.45420566e-06
1.96664620e+16 4.45130185e-06
1.96691161e+16 4.44839804e-06
1.96717702e+16 4.44549423e-06
1.96744243e+16 4.44259042e-06
1.96770784e+16 4.43968661e-06
1.96797324e+16 4.43678280e-06
1.96823865e+16 4.43387899e-06
1.96850406e+16 4.43097518e-06
1.96876947e+16 4.42807138e-06
1.96903488e+16 4.42516757e-06
1.96930029e+16 4.42226376e-06
1.96956570e+16 4.41935995e-06
1.96983110e+16 4.41645614e-06
1.97009651e+16 4.41355233e-06
1.97036192e+16 4.41064852e-06
1.97062733e+16 4.40774471e-06
1.97089274e+16 4.40484091e-06
1.97115815e+16 4.40193710e-06
1.97142355e+16 4.39903329e-06
1.97168896e+16 4.39612948e-06
1.97195437e+16 4.39322567e-06
1.97221978e+16 4.39032186e-06
1.97248519e+16 4.38741805e-06
1.97275060e+16 4.38451424e-06
1.97301601e+16 4.38161044e-06
1.97328141e+16 4.37870663e-06
1.97354682e+16 4.37580282e-06
1.97381223e+16 4.37289901e-06
1.97407764e+16 4.36999520e-06
1.97434305e+16 4.36709139e-06
1.97460846e+16 4.36418758e-06
1.97487387e+16 4.36128377e-06
1.97513927e+16 4.35837996e-06
1.97540468e+16 4.35547616e-06
1.97567009e+16 4.35257235e-06
1.97593550e+16 4.34966854e-06
1.97620091e+16 4.34676473e-06
1.97646632e+16 4.34386092e-06
1.97673172e+16 4.34095711e-06
1.97699713e+16 4.33805330e-06
1.97726254e+16 4.33514949e-06
1.97752795e+16 4.33224569e-06
1.97779336e+16 4.32934188e-06
1.97805877e+16 4.32643807e-06
1.97832418e+16 4.32353426e-06
1.97858958e+16 4.32063045e-06
1.97885499e+16 4.31772664e-06
1.97912040e+16 4.31482283e-06
1.97938581e+16 4.31191902e-06
1.97965122e+16 4.30901521e-06
1.97991663e+16 4.30611141e-06
1.98018204e+16 4.30320760e-06
1.98044744e+16 4.30030379e-06
1.98071285e+16 4.29739998e-06
1.98097826e+16 4.29449617e-06
1.98124367e+16 4.29159236e-06
1.98150908e+16 4.28868855e-06
1.98177449e+16 4.28578474e-06
1.98203989e+16 4.28288094e-06
1.98230530e+16 4.27997713e-06
1.98257071e+16 4.27707332e-06
1.98283612e+16 4.27416951e-06
1.98310153e+16 4.27126570e-06
1.98336694e+16 4.26836189e-06
1.98363235e+16 4.26545808e-06
1.98389775e+16 4.26255427e-06
1.98416316e+16 4.25965047e-06
1.98442857e+16 4.25674666e-06
1.98469398e+16 4.25384285e-06
1.98495939e+16 4.25093904e-06
1.98522480e+16 4.24803523e-06
1.98549021e+16 4.24513142e-06
1.98575561e+16 4.24254743e-06
1.98602102e+16 4.24028229e-06
1.98628643e+16 4.23801714e-06
1.98655184e+16 4.23575200e-06
1.98681725e+16 4.23348686e-06
1.98708266e+16 4.23122172e-06
1.98734806e+16 4.22895658e-06
1.98761347e+16 4.22669144e-06
1.98787888e+16 4.22442629e-06
1.98814429e+16 4.22216115e-06
1.98840970e+16 4.21989601e-06
1.98867511e+16 4.21763087e-06
1.98894052e+16 4.21536573e-06
1.98920592e+16 4.21310059e-06
1.98947133e+16 4.21083545e-06
1.98973674e+16 4.20857030e-06
1.99000215e+16 4.20630516e-06
1.99026756e+16 4.20404002e-06
1.99053297e+16 4.20177488e-06
1.99079838e+16 4.19950974e-06
1.99106378e+16 4.19724460e-06
1.99132919e+16 4.19497946e-06
1.99159460e+16 4.19271431e-06
1.99186001e+16 4.19044917e-06
1.99212542e+16 4.18818403e-06
1.99239083e+16 4.18591889e-06
1.99265624e+16 4.18365375e-06
1.99292164e+16 4.18138861e-06
1.99318705e+16 4.17912347e-06
1.99345246e+16 4.17685832e-06
1.99371787e+16 4.17459318e-06
1.99398328e+16 4.17232804e-06
1.99424869e+16 4.17006290e-06
1.99451409e+16 4.16779776e-06
1.99477950e+16 4.16553262e-06
1.99504491e+16 4.16326748e-06
1.99531032e+16 4.16100233e-06
1.99557573e+16 4.15873719e-06
1.99584114e+16 4.15647205e-06
1.99610655e+16 4.15420691e-06
1.99637195e+16 4.15194177e-06
1.99663736e+16 4.14967663e-06
1.99690277e+16 4.14741149e-06
1.99716818e+16 4.14514634e-06
1.99743359e+16 4.14288120e-06
1.99769900e+16 4.14061606e-06
1.99796441e+16 4.13835092e-06
1.99822981e+16 4.13608578e-06
1.99849522e+16 4.13382064e-06
1.99876063e+16 4.13155550e-06
1.99902604e+16 4.12929035e-06
1.99929145e+16 4.12702521e-06
1.99955686e+16 4.12476007e-06
1.99982226e+16 4.12249493e-06
2.00008767e+16 4.12022979e-06
2.00035308e+16 4.11796465e-06
2.00061849e+16 4.11569951e-06
2.00088390e+16 4.11343436e-06
2.00114931e+16 4.11116922e-06
2.00141472e+16 4.10890408e-06
2.00168012e+16 4.10663894e-06
2.00194553e+16 4.10437380e-06
2.00221094e+16 4.10210866e-06
2.00247635e+16 4.09984351e-06
2.00274176e+16 4.09757837e-06
2.00300717e+16 4.09531323e-06
2.00327258e+16 4.09304809e-06
2.00353798e+16 4.09078295e-06
2.00380339e+16 4.08851781e-06
2.00406880e+16 4.08625267e-06
2.00433421e+16 4.08398752e-06
2.00459962e+16 4.08172238e-06
2.00486503e+16 4.07945724e-06
2.00513043e+16 4.07719210e-06
2.00539584e+16 4.07492696e-06
2.00566125e+16 4.07266182e-06
2.00592666e+16 4.07039668e-06
2.00619207e+16 4.06813153e-06
2.00645748e+16 4.06586639e-06
2.00672289e+16 4.06360125e-06
2.00698829e+16 4.06133611e-06
2.00725370e+16 4.05907097e-06
2.00751911e+16 4.05680583e-06
2.00778452e+16 4.05454069e-06
2.00804993e+16 4.05227554e-06
2.00831534e+16 4.05001040e-06
2.00858075e+16 4.04774526e-06
2.00884615e+16 4.04548012e-06
2.00911156e+16 4.04321498e-06
2.00937697e+16 4.04094984e-06
2.00964238e+16 4.03868470e-06
2.00990779e+16 4.03641955e-06
2.01017320e+16 4.03415441e-06
2.01043860e+16 4.03188927e-06
2.01070401e+16 4.02962413e-06
2.01096942e+16 4.02735899e-06
2.01123483e+16 4.02509385e-06
2.01150024e+16 4.02282871e-06
2.01176565e+16 4.02056356e-06
2.01203106e+16 4.01829842e-06
2.01229646e+16 4.01603328e-06
2.01256187e+16 4.01376814e-06
2.01282728e+16 4.01150300e-06
2.01309269e+16 4.00923786e-06
2.01335810e+16 4.00697272e-06
2.01362351e+16 4.00470757e-06
2.01388892e+16 4.00244243e-06
2.01415432e+16 4.00017729e-06
2.01441973e+16 3.99791215e-06
2.01468514e+16 3.99564701e-06
2.01495055e+16 3.99338187e-06
2.01521596e+16 3.99111673e-06
2.01548137e+16 3.98885158e-06
2.01574677e+16 3.98658644e-06
2.01601218e+16 3.98432130e-06
2.01627759e+16 3.98205616e-06
2.01654300e+16 3.97979102e-06
2.01680841e+16 3.97752588e-06
2.01707382e+16 3.97526074e-06
2.01733923e+16 3.97299559e-06
2.01760463e+16 3.97073045e-06
2.01787004e+16 3.96846531e-06
2.01813545e+16 3.96620017e-06
2.01840086e+16 3.96393503e-06
2.01866627e+16 3.96166989e-06
2.01893168e+16 3.95940474e-06
2.01919709e+16 3.95713960e-06
2.01946249e+16 3.95487446e-06
2.01972790e+16 3.95260932e-06
2.01999331e+16 3.95034418e-06
2.02025872e+16 3.94807904e-06
2.02052413e+16 3.94581390e-06
2.02078954e+16 3.94354875e-06
2.02105495e+16 3.94128361e-06
2.02132035e+16 3.93901847e-06
2.02158576e+16 3.93675333e-06
2.02185117e+16 3.93448819e-06
2.02211658e+16 3.93222305e-06
2.02238199e+16 3.92995791e-06
2.02264740e+16 3.92769276e-06
2.02291280e+16 3.92542762e-06
2.02317821e+16 3.92316248e-06
2.02344362e+16 3.92089734e-06
2.02370903e+16 3.91863220e-06
2.02397444e+16 3.91636706e-06
2.02423985e+16 3.91410192e-06
2.02450526e+16 3.91183677e-06
2.02477066e+16 3.90957163e-06
2.02503607e+16 3.90730649e-06
2.02530148e+16 3.90504135e-06
2.02556689e+16 3.90277621e-06
2.02583230e+16 3.90051107e-06
2.02609771e+16 3.89824593e-06
2.02636312e+16 3.89598078e-06
2.02662852e+16 3.89371564e-06
2.02689393e+16 3.89145050e-06
2.02715934e+16 3.88918536e-06
2.02742475e+16 3.88692022e-06
2.02769016e+16 3.88465508e-06
2.02795557e+16 3.88238994e-06
2.02822097e+16 3.88012479e-06
2.02848638e+16 3.87785965e-06
2.02875179e+16 3.87559451e-06
2.02901720e+16 3.87332937e-06
2.02928261e+16 3.87106423e-06
2.02954802e+16 3.86879909e-06
2.02981343e+16 3.86653395e-06
2.03007883e+16 3.86426880e-06
2.03034424e+16 3.86200366e-06
2.03060965e+16 3.85973852e-06
2.03087506e+16 3.85747338e-06
2.03114047e+16 3.85520824e-06
2.03140588e+16 3.85294310e-06
2.03167129e+16 3.85067796e-06
2.03193669e+16 3.84841281e-06
2.03220210e+16 3.84614767e-06
2.03246751e+16 3.84388253e-06
2.03273292e+16 3.84161739e-06
2.03299833e+16 3.83935225e-06
2.03326374e+16 3.83708711e-06
2.03352914e+16 3.83482197e-06
2.03379455e+16 3.83255682e-06
2.03405996e+16 3.83029168e-06
2.03432537e+16 3.82802654e-06
2.03459078e+16 3.82576140e-06
2.03485619e+16 3.82349626e-06
2.03512160e+16 3.82123112e-06
2.03538700e+16 3.81896597e-06
2.03565241e+16 3.81670083e-06
2.03591782e+16 3.81443569e-06
2.03618323e+16 3.81217055e-06
2.03644864e+16 3.80990541e-06
2.03671405e+16 3.80764027e-06
2.03697946e+16 3.80537513e-06
2.03724486e+16 3.80310998e-06
2.03751027e+16 3.80084484e-06
2.03777568e+16 3.79857970e-06
2.03804109e+16 3.79631456e-06
2.03830650e+16 3.79404942e-06
2.03857191e+16 3.79178428e-06
2.03883731e+16 3.78951914e-06
2.03910272e+16 3.78725399e-06
2.03936813e+16 3.78498885e-06
2.03963354e+16 3.78272371e-06
2.03989895e+16 3.78045857e-06
2.04016436e+16 3.77819343e-06
2.04042977e+16 3.77592829e-06
2.04069517e+16 3.77366315e-06
2.04096058e+16 3.77139800e-06
2.04122599e+16 3.76913286e-06
2.04149140e+16 3.76686772e-06
2.04175681e+16 3.76460258e-06
2.04202222e+16 3.76233744e-06
2.04228763e+16 3.76007230e-06
2.04255303e+16 3.75780716e-06
2.04281844e+16 3.75554201e-06
2.04308385e+16 3.75327687e-06
2.04334926e+16 3.75101173e-06
2.04361467e+16 3.74874659e-06
2.04388008e+16 3.74648145e-06
2.04414548e+16 3.74421631e-06
2.04441089e+16 3.74195117e-06
2.04467630e+16 3.73968602e-06
2.04494171e+16 3.73742088e-06
2.04520712e+16 3.73515574e-06
2.04547253e+16 3.73289060e-06
2.04573794e+16 3.73062546e-06
2.04600334e+16 3.72836032e-06
2.04626875e+16 3.72609518e-06
2.04653416e+16 3.72383003e-06
2.04679957e+16 3.72156489e-06
2.04706498e+16 3.71929975e-06
2.04733039e+16 3.71703461e-06
2.04759580e+16 3.71476947e-06
2.04786120e+16 3.71250433e-06
2.04812661e+16 3.71023919e-06
2.04839202e+16 3.70797404e-06
2.04865743e+16 3.70570890e-06
2.04892284e+16 3.70344376e-06
2.04918825e+16 3.70117862e-06
2.04945366e+16 3.69891348e-06
2.04971906e+16 3.69664834e-06
2.04998447e+16 3.69438320e-06
2.05024988e+16 3.69211805e-06
2.05051529e+16 3.68985291e-06
2.05078070e+16 3.68758777e-06
2.05104611e+16 3.68532263e-06
2.05131151e+16 3.68305749e-06
2.05157692e+16 3.68079235e-06
2.05184233e+16 3.67852720e-06
2.05210774e+16 3.67626206e-06
2.05237315e+16 3.67399692e-06
2.05263856e+16 3.67173178e-06
2.05290397e+16 3.66946664e-06
2.05316937e+16 3.66720150e-06
2.05343478e+16 3.66493636e-06
2.05370019e+16 3.66267121e-06
2.05396560e+16 3.66040607e-06
2.05423101e+16 3.65814093e-06
2.05449642e+16 3.65587579e-06
2.05476183e+16 3.65361065e-06
2.05502723e+16 3.65134551e-06
2.05529264e+16 3.64908037e-06
2.05555805e+16 3.64681522e-06
2.05582346e+16 3.64455008e-06
2.05608887e+16 3.64228494e-06
2.05635428e+16 3.64001980e-06
2.05661968e+16 3.63775466e-06
2.05688509e+16 3.63548952e-06
2.05715050e+16 3.63322438e-06
2.05741591e+16 3.63095923e-06
2.05768132e+16 3.62869409e-06
2.05794673e+16 3.62642895e-06
2.05821214e+16 3.62416381e-06
2.05847754e+16 3.62189867e-06
2.05874295e+16 3.61963353e-06
2.05900836e+16 3.61736839e-06
2.05927377e+16 3.61510324e-06
2.05953918e+16 3.61283810e-06
2.05980459e+16 3.61057296e-06
2.06007000e+16 3.60830782e-06
2.06033540e+16 3.60604268e-06
2.06060081e+16 3.60377754e-06
2.06086622e+16 3.60151240e-06
2.06113163e+16 3.59924725e-06
2.06139704e+16 3.59698211e-06
2.06166245e+16 3.59471697e-06
2.06192785e+16 3.59245183e-06
2.06219326e+16 3.59018669e-06
2.06245867e+16 3.58792155e-06
2.06272408e+16 3.58565641e-06
2.06298949e+16 3.58339126e-06
2.06325490e+16 3.58112612e-06
2.06352031e+16 3.57886098e-06
2.06378571e+16 3.57659584e-06
2.06405112e+16 3.57433070e-06
2.06431653e+16 3.57206556e-06
2.06458194e+16 3.56980042e-06
2.06484735e+16 3.56753527e-06
2.06511276e+16 3.56527013e-06
2.06537817e+16 3.56300499e-06
2.06564357e+16 3.56073985e-06
2.06590898e+16 3.55847471e-06
2.06617439e+16 3.55620957e-06
2.06643980e+16 3.55394443e-06
2.06670521e+16 3.55167928e-06
2.06697062e+16 3.54941414e-06
2.06723602e+16 3.54714900e-06
2.06750143e+16 3.54488386e-06
2.06776684e+16 3.54261872e-06
2.06803225e+16 3.54035358e-06
2.06829766e+16 3.53808843e-06
2.06856307e+16 3.53582329e-06
2.06882848e+16 3.53355815e-06
2.06909388e+16 3.53129301e-06
2.06935929e+16 3.52903480e-06
2.06962470e+16 3.52724353e-06
2.06989011e+16 3.52545225e-06
2.07015552e+16 3.52366097e-06
2.07042093e+16 3.52186970e-06
2.07068634e+16 3.52007842e-06
2.07095174e+16 3.51828714e-06
2.07121715e+16 3.51649587e-06
2.07148256e+16 3.51470459e-06
2.07174797e+16 3.51291332e-06
2.07201338e+16 3.51112204e-06
2.07227879e+16 3.50933076e-06
2.07254419e+16 3.50753949e-06
2.07280960e+16 3.50574821e-06
2.07307501e+16 3.50395693e-06
2.07334042e+16 3.50216566e-06
2.07360583e+16 3.50037438e-06
2.07387124e+16 3.49858310e-06
2.07413665e+16 3.49679183e-06
2.07440205e+16 3.49500055e-06
2.07466746e+16 3.49320928e-06
2.07493287e+16 3.49141800e-06
2.07519828e+16 3.48962672e-06
2.07546369e+16 3.48783545e-06
2.07572910e+16 3.48604417e-06
2.07599451e+16 3.48425289e-06
2.07625991e+16 3.48246162e-06
2.07652532e+16 3.48067034e-06
2.07679073e+16 3.47887907e-06
2.07705614e+16 3.47708779e-06
2.07732155e+16 3.47529651e-06
2.07758696e+16 3.47350524e-06
2.07785237e+16 3.47171396e-06
2.07811777e+16 3.46992268e-06
2.07838318e+16 3.46813141e-06
2.07864859e+16 3.46634013e-06
2.07891400e+16 3.46454885e-06
2.07917941e+16 3.46275758e-06
2.07944482e+16 3.46096630e-06
2.07971022e+16 3.45917503e-06
2.07997563e+16 3.45738375e-06
2.08024104e+16 3.45559247e-06
2.08050645e+16 3.45380120e-06
2.08077186e+16 3.45200992e-06
2.08103727e+16 3.45021864e-06
2.08130268e+16 3.44842737e-06
2.08156808e+16 3.44663609e-06
2.08183349e+16 3.44484482e-06
2.08209890e+16 3.44305354e-06
2.08236431e+16 3.44126226e-06
2.08262972e+16 3.43947099e-06
2.08289513e+16 3.43767971e-06
2.08316054e+16 3.43588843e-06
2.08342594e+16 3.43409716e-06
2.08369135e+16 3.43230588e-06
2.08395676e+16 3.43051461e-06
2.08422217e+16 3.42872333e-06
2.08448758e+16 3.42693205e-06
2.08475299e+16 3.42514078e-06
2.08501839e+16 3.42334950e-06
2.08528380e+16 3.42155822e-06
2.08554921e+16 3.41976695e-06
2.08581462e+16 3.41797567e-06
2.08608003e+16 3.41618439e-06
2.08634544e+16 3.41439312e-06
2.08661085e+16 3.41260184e-06
2.08687625e+16 3.41081057e-06
2.08714166e+16 3.40901929e-06
2.08740707e+16 3.40722801e-06
2.08767248e+16 3.40543674e-06
2.08793789e+16 3.40364546e-06
2.08820330e+16 3.40185418e-06
2.08846871e+16 3.40006291e-06
2.08873411e+16 3.39827163e-06
2.08899952e+16 3.39648036e-06
2.08926493e+16 3.39468908e-06
2.08953034e+16 3.39289780e-06
2.08979575e+16 3.39110653e-06
2.09006116e+16 3.38931525e-06
2.09032656e+16 3.38752397e-06
2.09059197e+16 3.38573270e-06
2.09085738e+16 3.38394142e-06
2.09112279e+16 3.38215015e-06
2.09138820e+16 3.38035887e-06
2.09165361e+16 3.37856759e-06
2.09191902e+16 3.37677632e-06
2.09218442e+16 3.37498504e-06
2.09244983e+16 3.37319376e-06
2.09271524e+16 3.37140249e-06
2.09298065e+16 3.36961121e-06
2.09324606e+16 3.36781993e-06
2.09351147e+16 3.36602866e-06
2.09377688e+16 3.36423738e-06
2.09404228e+16 3.36244611e-06
2.09430769e+16 3.36065483e-06
2.09457310e+16 3.35886355e-06
2.09483851e+16 3.35707228e-06
2.09510392e+16 3.35528100e-06
2.09536933e+16 3.35348972e-06
2.09563473e+16 3.35169845e-06
2.09590014e+16 3.34990717e-06
2.09616555e+16 3.34811590e-06
2.09643096e+16 3.34632462e-06
2.09669637e+16 3.34453334e-06
2.09696178e+16 3.34274207e-06
2.09722719e+16 3.34095079e-06
2.09749259e+16 3.33915951e-06
2.09775800e+16 3.33736824e-06
2.09802341e+16 3.33557696e-06
2.09828882e+16 3.33378568e-06
2.09855423e+16 3.33199441e-06
2.09881964e+16 3.33020313e-06
2.09908505e+16 3.32841186e-06
2.09935045e+16 3.32662058e-06
2.09961586e+16 3.32482930e-06
2.09988127e+16 3.32303803e-06
2.10014668e+16 3.32124675e-06
2.10041209e+16 3.31945547e-06
2.10067750e+16 3.31766420e-06
2.10094290e+16 3.31587292e-06
2.10120831e+16 3.31408165e-06
2.10147372e+16 3.31229037e-06
2.10173913e+16 3.31049909e-06
2.10200454e+16 3.30870782e-06
2.10226995e+16 3.30691654e-06
2.10253536e+16 3.30512526e-06
2.10280076e+16 3.30333399e-06
2.10306617e+16 3.30154271e-06
2.10333158e+16 3.29975144e-06
2.10359699e+16 3.29796016e-06
2.10386240e+16 3.29616888e-06
2.10412781e+16 3.29437761e-06
2.10439322e+16 3.29258633e-06
2.10465862e+16 3.29079505e-06
2.10492403e+16 3.28900378e-06
2.10518944e+16 3.28721250e-06
2.10545485e+16 3.28542122e-06
2.10572026e+16 3.28362995e-06
2.10598567e+16 3.28183867e-06
2.10625108e+16 3.28004740e-06
2.10651648e+16 3.27825612e-06
2.10678189e+16 3.27646484e-06
2.10704730e+16 3.27467357e-06
2.10731271e+16 3.27288229e-06
2.10757812e+16 3.27109101e-06
2.10784353e+16 3.26929974e-06
2.10810893e+16 3.26750846e-06
2.10837434e+16 3.26571719e-06
2.10863975e+16 3.26392591e-06
2.10890516e+16 3.26213463e-06
2.10917057e+16 3.26034336e-06
2.10943598e+16 3.25855208e-06
2.10970139e+16 3.25676080e-06
2.10996679e+16 3.25496953e-06
2.11023220e+16 3.25317825e-06
2.11049761e+16 3.25138698e-06
2.11076302e+16 3.24959570e-06
2.11102843e+16 3.24780442e-06
2.11129384e+16 3.24601315e-06
2.11155925e+16 3.24422187e-06
2.11182465e+16 3.24243059e-06
2.11209006e+16 3.24063932e-06
2.11235547e+16 3.23884804e-06
2.11262088e+16 3.23705676e-06
2.11288629e+16 3.23526549e-06
2.11315170e+16 3.23347421e-06
2.11341710e+16 3.23168294e-06
2.11368251e+16 3.22989166e-06
2.11394792e+16 3.22810038e-06
2.11421333e+16 3.22630911e-06
2.11447874e+16 3.22451783e-06
2.11474415e+16 3.22272655e-06
2.11500956e+16 3.22093528e-06
2.11527496e+16 3.21914400e-06
2.11554037e+16 3.21735273e-06
2.11580578e+16 3.21556145e-06
2.11607119e+16 3.21377017e-06
2.11633660e+16 3.21197890e-06
2.11660201e+16 3.21018762e-06
2.11686742e+16 3.20839634e-06
2.11713282e+16 3.20660507e-06
2.11739823e+16 3.20481379e-06
2.11766364e+16 3.20302252e-06
2.11792905e+16 3.20123124e-06
2.11819446e+16 3.19943996e-06
2.11845987e+16 3.19764869e-06
2.11872527e+16 3.19585741e-06
2.11899068e+16 3.19406613e-06
2.11925609e+16 3.19227486e-06
2.11952150e+16 3.19048358e-06
2.11978691e+16 3.18869230e-06
2.12005232e+16 3.18690103e-06
2.12031773e+16 3.18510975e-06
2.12058313e+16 3.18331848e-06
2.12084854e+16 3.18152720e-06
2.12111395e+16 3.17973592e-06
2.12137936e+16 3.17794465e-06
2.12164477e+16 3.17615337e-06
2.12191018e+16 3.17436209e-06
2.12217559e+16 3.17257082e-06
2.12244099e+16 3.17077954e-06
2.12270640e+16 3.16898827e-06
2.12297181e+16 3.16719699e-06
2.12323722e+16 3.16540571e-06
2.12350263e+16 3.16361444e-06
2.12376804e+16 3.16182316e-06
2.12403344e+16 3.16003188e-06
2.12429885e+16 3.15824061e-06
2.12456426e+16 3.15644933e-06
2.12482967e+16 3.15465805e-06
2.12509508e+16 3.15286678e-06
2.12536049e+16 3.15107550e-06
2.12562590e+16 3.14928423e-06
2.12589130e+16 3.14749295e-06
2.12615671e+16 3.14570167e-06
2.12642212e+16 3.14391040e-06
2.12668753e+16 3.14211912e-06
2.12695294e+16 3.14032784e-06
2.12721835e+16 3.13853657e-06
2.12748376e+16 3.13674529e-06
2.12774916e+16 3.13495402e-06
2.12801457e+16 3.13316274e-06
2.12827998e+16 3.13137146e-06
2.12854539e+16 3.12958019e-06
2.12881080e+16 3.12778891e-06
2.12907621e+16 3.12599763e-06
2.12934161e+16 3.12420636e-06
2.12960702e+16 3.12241508e-06
2.12987243e+16 3.12062381e-06
2.13013784e+16 3.11883253e-06
2.13040325e+16 3.11704125e-06
2.13066866e+16 3.11524998e-06
2.13093407e+16 3.11345870e-06
2.13119947e+16 3.11166742e-06
2.13146488e+16 3.10987615e-06
2.13173029e+16 3.10808487e-06
2.13199570e+16 3.10629359e-06
2.13226111e+16 3.10450232e-06
2.13252652e+16 3.10271104e-06
2.13279193e+16 3.10091977e-06
2.13305733e+16 3.09912849e-06
2.13332274e+16 3.09733721e-06
2.13358815e+16 3.09554594e-06
2.13385356e+16 3.09375466e-06
2.13411897e+16 3.09196338e-06
2.13438438e+16 3.09017211e-06
2.13464978e+16 3.08838083e-06
2.13491519e+16 3.08658956e-06
2.13518060e+16 3.08479828e-06
2.13544601e+16 3.08300700e-06
2.13571142e+16 3.08121573e-06
2.13597683e+16 3.07942445e-06
2.13624224e+16 3.07763317e-06
2.13650764e+16 3.07584190e-06
2.13677305e+16 3.07405062e-06
2.13703846e+16 3.07225935e-06
2.13730387e+16 3.07046807e-06
2.13756928e+16 3.06867679e-06
2.13783469e+16 3.06688552e-06
2.13810010e+16 3.06509424e-06
2.13836550e+16 3.06330296e-06
2.13863091e+16 3.06151169e-06
2.13889632e+16 3.05972041e-06
2.13916173e+16 3.05792913e-06
2.13942714e+16 3.05613786e-06
2.13969255e+16 3.05434658e-06
2.13995796e+16 3.05255531e-06
2.14022336e+16 3.05076403e-06
2.14048877e+16 3.04897275e-06
2.14075418e+16 3.04718148e-06
2.14101959e+16 3.04539020e-06
2.14128500e+16 3.04359892e-06
2.14155041e+16 3.04180765e-06
2.14181581e+16 3.04001637e-06
2.14208122e+16 3.03822510e-06
2.14234663e+16 3.03643382e-06
2.14261204e+16 3.03464254e-06
2.14287745e+16 3.03285127e-06
2.14314286e+16 3.03105999e-06
2.14340827e+16 3.02926871e-06
2.14367367e+16 3.02747744e-06
2.14393908e+16 3.02568616e-06
2.14420449e+16 3.02389488e-06
2.14446990e+16 3.02210361e-06
2.14473531e+16 3.02031233e-06
2.14500072e+16 3.01852106e-06
2.14526613e+16 3.01672978e-06
2.14553153e+16 3.01493850e-06
2.14579694e+16 3.01314723e-06
2.14606235e+16 3.01135595e-06
2.14632776e+16 3.00956467e-06
2.14659317e+16 3.00777340e-06
2.14685858e+16 3.00598212e-06
2.14712398e+16 3.00419085e-06
2.14738939e+16 3.00239957e-06
2.14765480e+16 3.00060829e-06
2.14792021e+16 2.99881702e-06
2.14818562e+16 2.99702574e-06
2.14845103e+16 2.99523446e-06
2.14871644e+16 2.99344319e-06
2.14898184e+16 2.99165191e-06
2.14924725e+16 2.98986064e-06
2.14951266e+16 2.98806936e-06
2.14977807e+16 2.98627808e-06
2.15004348e+16 2.98448681e-06
2.15030889e+16 2.98269553e-06
2.15057430e+16 2.98090425e-06
2.15083970e+16 2.97911298e-06
2.15110511e+16 2.97732170e-06
2.15137052e+16 2.97553042e-06
2.15163593e+16 2.97373915e-06
2.15190134e+16 2.97194787e-06
2.15216675e+16 2.97015660e-06
2.15243215e+16 2.96836532e-06
2.15269756e+16 2.96657404e-06
2.15296297e+16 2.96478277e-06
2.15322838e+16 2.96317963e-06
2.15349379e+16 2.96174434e-06
2.15375920e+16 2.96030904e-06
2.15402461e+16 2.95887375e-06
2.15429001e+16 2.95743846e-06
2.15455542e+16 2.95600317e-06
2.15482083e+16 2.95456787e-06
2.15508624e+16 2.95313258e-06
2.15535165e+16 2.95169729e-06
2.15561706e+16 2.95026199e-06
2.15588247e+16 2.94882670e-06
2.15614787e+16 2.94739141e-06
2.15641328e+16 2.94595612e-06
2.15667869e+16 2.94452082e-06
2.15694410e+16 2.94308553e-06
2.15720951e+16 2.94165024e-06
2.15747492e+16 2.94021494e-06
2.15774032e+16 2.93877965e-06
2.15800573e+16 2.93734436e-06
2.15827114e+16 2.93590907e-06
2.15853655e+16 2.93447377e-06
2.15880196e+16 2.93303848e-06
2.15906737e+16 2.93160319e-06
2.15933278e+16 2.93016789e-06
2.15959818e+16 2.92873260e-06
2.15986359e+16 2.92729731e-06
2.16012900e+16 2.92586201e-06
2.16039441e+16 2.92442672e-06
2.16065982e+16 2.92299143e-06
2.16092523e+16 2.92155614e-06
2.16119064e+16 2.92012084e-06
2.16145604e+16 2.91868555e-06
2.16172145e+16 2.91725026e-06
2.16198686e+16 2.91581496e-06
2.16225227e+16 2.91437967e-06
2.16251768e+16 2.91294438e-06
2.16278309e+16 2.91150909e-06
2.16304849e+16 2.91007379e-06
2.16331390e+16 2.90863850e-06
2.16357931e+16 2.90720321e-06
2.16384472e+16 2.90576791e-06
2.16411013e+16 2.90433262e-06
2.16437554e+16 2.90289733e-06
2.16464095e+16 2.90146204e-06
2.16490635e+16 2.90002674e-06
2.16517176e+16 2.89859145e-06
2.16543717e+16 2.89715616e-06
2.16570258e+16 2.89572086e-06
2.16596799e+16 2.89428557e-06
2.16623340e+16 2.89285028e-06
2.16649881e+16 2.89141498e-06
2.16676421e+16 2.88997969e-06
2.16702962e+16 2.88854440e-06
2.16729503e+16 2.88710911e-06
2.16756044e+16 2.88567381e-06
2.16782585e+16 2.88423852e-06
2.16809126e+16 2.88280323e-06
2.16835667e+16 2.88136793e-06
2.16862207e+16 2.87993264e-06
2.16888748e+16 2.87849735e-06
2.16915289e+16 2.87706206e-06
2.16941830e+16 2.87562676e-06
2.16968371e+16 2.87419147e-06
2.16994912e+16 2.87275618e-06
2.17021452e+16 2.87132088e-06
2.17047993e+16 2.86988559e-06
2.17074534e+16 2.86845030e-06
2.17101075e+16 2.86701501e-06
2.17127616e+16 2.86557971e-06
2.17154157e+16 2.86414442e-06
2.17180698e+16 2.86270913e-06
2.17207238e+16 2.86127383e-06
2.17233779e+16 2.85983854e-06
2.17260320e+16 2.85840325e-06
2.17286861e+16 2.85696795e-06
2.17313402e+16 2.85553266e-06
2.17339943e+16 2.85409737e-06
2.17366484e+16 2.85266208e-06
2.17393024e+16 2.85122678e-06
2.17419565e+16 2.84979149e-06
2.17446106e+16 2.84835620e-06
2.17472647e+16 2.84692090e-06
2.17499188e+16 2.84548561e-06
2.17525729e+16 2.84405032e-06
2.17552269e+16 2.84261503e-06
2.17578810e+16 2.84117973e-06
2.17605351e+16 2.83974444e-06
2.17631892e+16 2.83830915e-06
2.17658433e+16 2.83687385e-06
2.17684974e+16 2.83543856e-06
2.17711515e+16 2.83400327e-06
2.17738055e+16 2.83256798e-06
2.17764596e+16 2.83113268e-06
2.17791137e+16 2.82969739e-06
2.17817678e+16 2.82826210e-06
2.17844219e+16 2.82682680e-06
2.17870760e+16 2.82539151e-06
2.17897301e+16 2.82395622e-06
2.17923841e+16 2.82252092e-06
2.17950382e+16 2.82108563e-06
2.17976923e+16 2.81965034e-06
2.18003464e+16 2.81821505e-06
2.18030005e+16 2.81677975e-06
2.18056546e+16 2.81534446e-06
2.18083086e+16 2.81390917e-06
2.18109627e+16 2.81247387e-06
2.18136168e+16 2.81103858e-06
2.18162709e+16 2.80960329e-06
2.18189250e+16 2.80816800e-06
2.18215791e+16 2.80673270e-06
2.18242332e+16 2.80529741e-06
2.18268872e+16 2.80386212e-06
2.18295413e+16 2.80242682e-06
2.18321954e+16 2.80099153e-06
2.18348495e+16 2.79955624e-06
2.18375036e+16 2.79812095e-06
2.18401577e+16 2.79668565e-06
2.18428118e+16 2.79525036e-06
2.18454658e+16 2.79381507e-06
2.18481199e+16 2.79237977e-06
2.18507740e+16 2.79094448e-06
2.18534281e+16 2.78950919e-06
2.18560822e+16 2.78807390e-06
2.18587363e+16 2.78663860e-06
2.18613903e+16 2.78520331e-06
2.18640444e+16 2.78376802e-06
2.18666985e+16 2.78233272e-06
2.18693526e+16 2.78089743e-06
2.18720067e+16 2.77946214e-06
2.18746608e+16 2.77802684e-06
2.18773149e+16 2.77659155e-06
2.18799689e+16 2.77515626e-06
2.18826230e+16 2.77372097e-06
2.18852771e+16 2.77228567e-06
2.18879312e+16 2.77085038e-06
2.18905853e+16 2.76941509e-06
2.18932394e+16 2.76797979e-06
2.18958935e+16 2.76654450e-06
2.18985475e+16 2.76510921e-06
2.19012016e+16 2.76367392e-06
2.19038557e+16 2.76223862e-06
2.19065098e+16 2.76080333e-06
2.19091639e+16 2.75936804e-06
2.19118180e+16 2.75793274e-06
2.19144720e+16 2.75649745e-06
2.19171261e+16 2.75506216e-06
2.19197802e+16 2.75362687e-06
2.19224343e+16 2.75219157e-06
2.19250884e+16 2.75075628e-06
2.19277425e+16 2.74932099e-06
2.19303966e+16 2.74788569e-06
2.19330506e+16 2.74645040e-06
2.19357047e+16 2.74501511e-06
2.19383588e+16 2.74357981e-06
2.19410129e+16 2.74214452e-06
2.19436670e+16 2.74070923e-06
2.19463211e+16 2.73927394e-06
2.19489752e+16 2.73783864e-06
2.19516292e+16 2.73640335e-06
2.19542833e+16 2.73496806e-06
2.19569374e+16 2.73353276e-06
2.19595915e+16 2.73209747e-06
2.19622456e+16 2.73066218e-06
2.19648997e+16 2.72922689e-06
2.19675538e+16 2.72779159e-06
2.19702078e+16 2.72635630e-06
2.19728619e+16 2.72492101e-06
2.19755160e+16 2.72348571e-06
2.19781701e+16 2.72205042e-06
2.19808242e+16 2.72061513e-06
2.19834783e+16 2.71917984e-06
2.19861323e+16 2.71774454e-06
2.19887864e+16 2.71630925e-06
2.19914405e+16 2.71487396e-06
2.19940946e+16 2.71343866e-06
2.19967487e+16 2.71200337e-06
2.19994028e+16 2.71056808e-06
2.20020569e+16 2.70913278e-06
2.20047109e+16 2.70769749e-06
2.20073650e+16 2.70626220e-06
2.20100191e+16 2.70482691e-06
2.20126732e+16 2.70339161e-06
2.20153273e+16 2.70195632e-06
2.20179814e+16 2.70052103e-06
2.20206355e+16 2.69908573e-06
2.20232895e+16 2.69765044e-06
2.20259436e+16 2.69621515e-06
2.20285977e+16 2.69477986e-06
2.20312518e+16 2.69334456e-06
2.20339059e+16 2.69190927e-06
2.20365600e+16 2.69047398e-06
2.20392140e+16 2.68903868e-06
2.20418681e+16 2.68760339e-06
2.20445222e+16 2.68616810e-06
2.20471763e+16 2.68473281e-06
2.20498304e+16 2.68329751e-06
2.20524845e+16 2.68186222e-06
2.20551386e+16 2.68042693e-06
2.20577926e+16 2.67899163e-06
2.20604467e+16 2.67755634e-06
2.20631008e+16 2.67612105e-06
2.20657549e+16 2.67468575e-06
2.20684090e+16 2.67325046e-06
2.20710631e+16 2.67181517e-06
2.20737172e+16 2.67037988e-06
2.20763712e+16 2.66894458e-06
2.20790253e+16 2.66750929e-06
2.20816794e+16 2.66607400e-06
2.20843335e+16 2.66463870e-06
2.20869876e+16 2.66320341e-06
2.20896417e+16 2.66176812e-06
2.20922957e+16 2.66033283e-06
2.20949498e+16 2.65889753e-06
2.20976039e+16 2.65746224e-06
2.21002580e+16 2.65602695e-06
2.21029121e+16 2.65459165e-06
2.21055662e+16 2.65315636e-06
2.21082203e+16 2.65172107e-06
2.21108743e+16 2.65028578e-06
2.21135284e+16 2.64885048e-06
2.21161825e+16 2.64741519e-06
2.21188366e+16 2.64597990e-06
2.21214907e+16 2.64454460e-06
2.21241448e+16 2.64310931e-06
2.21267989e+16 2.64167402e-06
2.21294529e+16 2.64023872e-06
2.21321070e+16 2.63880343e-06
2.21347611e+16 2.63736814e-06
2.21374152e+16 2.63593285e-06
2.21400693e+16 2.63449755e-06
2.21427234e+16 2.63306226e-06
2.21453774e+16 2.63162697e-06
2.21480315e+16 2.63019167e-06
2.21506856e+16 2.62875638e-06
2.21533397e+16 2.62732109e-06
2.21559938e+16 2.62588580e-06
2.21586479e+16 2.62445050e-06
2.21613020e+16 2.62301521e-06
2.21639560e+16 2.62157992e-06
2.21666101e+16 2.62014462e-06
2.21692642e+16 2.61870933e-06
2.21719183e+16 2.61727404e-06
2.21745724e+16 2.61583875e-06
2.21772265e+16 2.61440345e-06
2.21798806e+16 2.61296816e-06
2.21825346e+16 2.61153287e-06
2.21851887e+16 2.61009757e-06
2.21878428e+16 2.60866228e-06
2.21904969e+16 2.60722699e-06
2.21931510e+16 2.60579169e-06
2.21958051e+16 2.60435640e-06
2.21984591e+16 2.60292111e-06
2.22011132e+16 2.60148582e-06
2.22037673e+16 2.60005052e-06
2.22064214e+16 2.59861523e-06
2.22090755e+16 2.59717994e-06
2.22117296e+16 2.59574464e-06
2.22143837e+16 2.59430935e-06
2.22170377e+16 2.59287406e-06
2.22196918e+16 2.59143877e-06
2.22223459e+16 2.59000347e-06
2.22250000e+16 2.58856818e-06
2.22276541e+16 2.58713289e-06
2.22303082e+16 2.58569759e-06
2.22329623e+16 2.58426230e-06
2.22356163e+16 2.58282701e-06
2.22382704e+16 2.58139172e-06
2.22409245e+16 2.57995642e-06
2.22435786e+16 2.57852113e-06
2.22462327e+16 2.57708584e-06
2.22488868e+16 2.57565054e-06
2.22515409e+16 2.57421525e-06
2.22541949e+16 2.57277996e-06
2.22568490e+16 2.57134466e-06
2.22595031e+16 2.56990937e-06
2.22621572e+16 2.56847408e-06
2.22648113e+16 2.56703879e-06
2.22674654e+16 2.56560349e-06
2.22701194e+16 2.56416820e-06
2.22727735e+16 2.56273291e-06
2.22754276e+16 2.56129761e-06
2.22780817e+16 2.55986232e-06
2.22807358e+16 2.55842703e-06
2.22833899e+16 2.55699174e-06
2.22860440e+16 2.55555644e-06
2.22886980e+16 2.55412115e-06
2.22913521e+16 2.55268586e-06
2.22940062e+16 2.55125056e-06
2.22966603e+16 2.54981527e-06
2.22993144e+16 2.54837998e-06
2.23019685e+16 2.54694469e-06
2.23046226e+16 2.54550939e-06
2.23072766e+16 2.54407410e-06
2.23099307e+16 2.54263881e-06
2.23125848e+16 2.54120351e-06
2.23152389e+16 2.53976822e-06
2.23178930e+16 2.53833293e-06
2.23205471e+16 2.53689764e-06
2.23232011e+16 2.53546234e-06
2.23258552e+16 2.53402705e-06
2.23285093e+16 2.53259176e-06
2.23311634e+16 2.53115646e-06
2.23338175e+16 2.52972117e-06
2.23364716e+16 2.52828588e-06
2.23391257e+16 2.52685058e-06
2.23417797e+16 2.52541529e-06
2.23444338e+16 2.52398000e-06
2.23470879e+16 2.52254471e-06
2.23497420e+16 2.52110941e-06
2.23523961e+16 2.51967412e-06
2.23550502e+16 2.51823883e-06
2.23577043e+16 2.51680353e-06
2.23603583e+16 2.51536824e-06
2.23630124e+16 2.51393295e-06
2.23656665e+16 2.51249766e-06
2.23683206e+16 2.51108199e-06
2.23709747e+16 2.51010981e-06
2.23736288e+16 2.50913763e-06
2.23762828e+16 2.50816545e-06
2.23789369e+16 2.50719327e-06
2.23815910e+16 2.50622109e-06
2.23842451e+16 2.50524890e-06
2.23868992e+16 2.50427672e-06
2.23895533e+16 2.50330454e-06
2.23922074e+16 2.50233236e-06
2.23948614e+16 2.50136018e-06
2.23975155e+16 2.50038800e-06
2.24001696e+16 2.49941582e-06
2.24028237e+16 2.49844364e-06
2.24054778e+16 2.49747146e-06
2.24081319e+16 2.49649927e-06
2.24107860e+16 2.49552709e-06
2.24134400e+16 2.49455491e-06
2.24160941e+16 2.49358273e-06
2.24187482e+16 2.49261055e-06
2.24214023e+16 2.49163837e-06
2.24240564e+16 2.49066619e-06
2.24267105e+16 2.48969401e-06
2.24293645e+16 2.48872183e-06
2.24320186e+16 2.48774964e-06
2.24346727e+16 2.48677746e-06
2.24373268e+16 2.48580528e-06
2.24399809e+16 2.48483310e-06
2.24426350e+16 2.48386092e-06
2.24452891e+16 2.48288874e-06
2.24479431e+16 2.48191656e-06
2.24505972e+16 2.48094438e-06
2.24532513e+16 2.47997220e-06
2.24559054e+16 2.47900001e-06
2.24585595e+16 2.47802783e-06
2.24612136e+16 2.47705565e-06
2.24638677e+16 2.47608347e-06
2.24665217e+16 2.47511129e-06
2.24691758e+16 2.47413911e-06
2.24718299e+16 2.47316693e-06
2.24744840e+16 2.47219475e-06
2.24771381e+16 2.47122257e-06
2.24797922e+16 2.47025038e-06
2.24824462e+16 2.46927820e-06
2.24851003e+16 2.46830602e-06
2.24877544e+16 2.46733384e-06
2.24904085e+16 2.46636166e-06
2.24930626e+16 2.46538948e-06
2.24957167e+16 2.46441730e-06
2.24983708e+16 2.46344512e-06
2.25010248e+16 2.46247294e-06
2.25036789e+16 2.46150075e-06
2.25063330e+16 2.46052857e-06
2.25089871e+16 2.45955639e-06
2.25116412e+16 2.45858421e-06
2.25142953e+16 2.45761203e-06
2.25169494e+16 2.45663985e-06
2.25196034e+16 2.45566767e-06
2.25222575e+16 2.45469549e-06
2.25249116e+16 2.45372331e-06
2.25275657e+16 2.45275112e-06
2.25302198e+16 2.45177894e-06
2.25328739e+16 2.45080676e-06
2.25355280e+16 2.44983458e-06
2.25381820e+16 2.44886240e-06
2.25408361e+16 2.44789022e-06
2.25434902e+16 2.44691804e-06
2.25461443e+16 2.44594586e-06
2.25487984e+16 2.44497368e-06
2.25514525e+16 2.44400149e-06
2.25541065e+16 2.44302931e-06
2.25567606e+16 2.44205713e-06
2.25594147e+16 2.44108495e-06
2.25620688e+16 2.44011277e-06
2.25647229e+16 2.43914059e-06
2.25673770e+16 2.43816841e-06
2.25700311e+16 2.43719623e-06
2.25726851e+16 2.43622405e-06
2.25753392e+16 2.43525186e-06
2.25779933e+16 2.43427968e-06
2.25806474e+16 2.43330750e-06
2.25833015e+16 2.43233532e-06
2.25859556e+16 2.43136314e-06
2.25886097e+16 2.43039096e-06
2.25912637e+16 2.42941878e-06
2.25939178e+16 2.42844660e-06
2.25965719e+16 2.42747442e-06
2.25992260e+16 2.42650223e-06
2.26018801e+16 2.42553005e-06
2.26045342e+16 2.42455787e-06
2.26071882e+16 2.42358569e-06
2.26098423e+16 2.42261351e-06
2.26124964e+16 2.42164133e-06
2.26151505e+16 2.42066915e-06
2.26178046e+16 2.41969697e-06
2.26204587e+16 2.41872479e-06
2.26231128e+16 2.41775260e-06
2.26257668e+16 2.41678042e-06
2.26284209e+16 2.41580824e-06
2.26310750e+16 2.41483606e-06
2.26337291e+16 2.41386388e-06
2.26363832e+16 2.41289170e-06
2.26390373e+16 2.41191952e-06
2.26416914e+16 2.41094734e-06
2.26443454e+16 2.40997516e-06
2.26469995e+16 2.40900297e-06
2.26496536e+16 2.40803079e-06
2.26523077e+16 2.40705861e-06
2.26549618e+16 2.40608643e-06
2.26576159e+16 2.40511425e-06
2.26602699e+16 2.40414207e-06
2.26629240e+16 2.40316989e-06
2.26655781e+16 2.40219771e-06
2.26682322e+16 2.40122553e-06
2.26708863e+16 2.40025334e-06
2.26735404e+16 2.39928116e-06
2.26761945e+16 2.39830898e-06
2.26788485e+16 2.39733680e-06
2.26815026e+16 2.39636462e-06
2.26841567e+16 2.39539244e-06
2.26868108e+16 2.39442026e-06
2.26894649e+16 2.39344808e-06
2.26921190e+16 2.39247590e-06
2.26947731e+16 2.39150371e-06
2.26974271e+16 2.39053153e-06
2.27000812e+16 2.38955935e-06
2.27027353e+16 2.38858717e-06
2.27053894e+16 2.38761499e-06
2.27080435e+16 2.38664281e-06
2.27106976e+16 2.38567063e-06
2.27133516e+16 2.38469845e-06
2.27160057e+16 2.38372627e-06
2.27186598e+16 2.38275408e-06
2.27213139e+16 2.38178190e-06
2.27239680e+16 2.38080972e-06
2.27266221e+16 2.37983754e-06
2.27292762e+16 2.37886536e-06
2.27319302e+16 2.37789318e-06
2.27345843e+16 2.37692100e-06
2.27372384e+16 2.37594882e-06
2.27398925e+16 2.37497664e-06
2.27425466e+16 2.37400445e-06
2.27452007e+16 2.37303227e-06
2.27478548e+16 2.37206009e-06
2.27505088e+16 2.37108791e-06
2.27531629e+16 2.37011573e-06
2.27558170e+16 2.36914355e-06
2.27584711e+16 2.36817137e-06
2.27611252e+16 2.36719919e-06
2.27637793e+16 2.36622700e-06
2.27664333e+16 2.36525482e-06
2.27690874e+16 2.36428264e-06
2.27717415e+16 2.36331046e-06
2.27743956e+16 2.36233828e-06
2.27770497e+16 2.36136610e-06
2.27797038e+16 2.36039392e-06
2.27823579e+16 2.35942174e-06
2.27850119e+16 2.35844956e-06
2.27876660e+16 2.35747737e-06
2.27903201e+16 2.35650519e-06
2.27929742e+16 2.35553301e-06
2.27956283e+16 2.35456083e-06
2.27982824e+16 2.35358865e-06
2.28009365e+16 2.35261647e-06
2.28035905e+16 2.35164429e-06
2.28062446e+16 2.35067211e-06
2.28088987e+16 2.34969993e-06
2.28115528e+16 2.34872774e-06
2.28142069e+16 2.34775556e-06
2.28168610e+16 2.34678338e-06
2.28195151e+16 2.34581120e-06
2.28221691e+16 2.34483902e-06
2.28248232e+16 2.34386684e-06
2.28274773e+16 2.34289466e-06
2.28301314e+16 2.34192248e-06
2.28327855e+16 2.34095030e-06
2.28354396e+16 2.33997811e-06
2.28380936e+16 2.33900593e-06
2.28407477e+16 2.33803375e-06
2.28434018e+16 2.33706157e-06
2.28460559e+16 2.33608939e-06
2.28487100e+16 2.33511721e-06
2.28513641e+16 2.33414503e-06
2.28540182e+16 2.33317285e-06
2.28566722e+16 2.33220067e-06
2.28593263e+16 2.33122848e-06
2.28619804e+16 2.33025630e-06
2.28646345e+16 2.32928412e-06
2.28672886e+16 2.32831194e-06
2.28699427e+16 2.32733976e-06
2.28725968e+16 2.32636758e-06
2.28752508e+16 2.32539540e-06
2.28779049e+16 2.32442322e-06
2.28805590e+16 2.32345104e-06
2.28832131e+16 2.32247885e-06
2.28858672e+16 2.32150667e-06
2.28885213e+16 2.32053449e-06
2.28911753e+16 2.31956231e-06
2.28938294e+16 2.31859013e-06
2.28964835e+16 2.31761795e-06
2.28991376e+16 2.31664577e-06
2.29017917e+16 2.31567359e-06
2.29044458e+16 2.31470141e-06
2.29070999e+16 2.31372922e-06
2.29097539e+16 2.31275704e-06
2.29124080e+16 2.31178486e-06
2.29150621e+16 2.31081268e-06
2.29177162e+16 2.30984050e-06
2.29203703e+16 2.30886832e-06
2.29230244e+16 2.30789614e-06
2.29256785e+16 2.30692396e-06
2.29283325e+16 2.30595178e-06
2.29309866e+16 2.30497959e-06
2.29336407e+16 2.30400741e-06
2.29362948e+16 2.30303523e-06
2.29389489e+16 2.30206305e-06
2.29416030e+16 2.30109087e-06
2.29442570e+16 2.30011869e-06
2.29469111e+16 2.29914651e-06
2.29495652e+16 2.29817433e-06
2.29522193e+16 2.29720215e-06
2.29548734e+16 2.29622996e-06
2.29575275e+16 2.29525778e-06
2.29601816e+16 2.29428560e-06
2.29628356e+16 2.29331342e-06
2.29654897e+16 2.29234124e-06
2.29681438e+16 2.29136906e-06
2.29707979e+16 2.29039688e-06
2.29734520e+16 2.28942470e-06
2.29761061e+16 2.28845252e-06
2.29787602e+16 2.28748033e-06
2.29814142e+16 2.28650815e-06
2.29840683e+16 2.28553597e-06
2.29867224e+16 2.28456379e-06
2.29893765e+16 2.28359161e-06
2.29920306e+16 2.28261943e-06
2.29946847e+16 2.28164725e-06
2.29973387e+16 2.28067507e-06
2.29999928e+16 2.27970289e-06
2.30026469e+16 2.27873070e-06
2.30053010e+16 2.27775852e-06
2.30079551e+16 2.27678634e-06
2.30106092e+16 2.27581416e-06
2.30132633e+16 2.27484198e-06
2.30159173e+16 2.27386980e-06
2.30185714e+16 2.27289762e-06
2.30212255e+16 2.27192544e-06
2.30238796e+16 2.27095326e-06
2.30265337e+16 2.26998107e-06
2.30291878e+16 2.26900889e-06
2.30318419e+16 2.26803671e-06
2.30344959e+16 2.26706453e-06
2.30371500e+16 2.26609235e-06
2.30398041e+16 2.26512017e-06
2.30424582e+16 2.26414799e-06
2.30451123e+16 2.26317581e-06
2.30477664e+16 2.26220363e-06
2.30504204e+16 2.26123144e-06
2.30530745e+16 2.26025926e-06
2.30557286e+16 2.25928708e-06
2.30583827e+16 2.25831490e-06
2.30610368e+16 2.25734272e-06
2.30636909e+16 2.25637054e-06
2.30663450e+16 2.25539836e-06
2.30689990e+16 2.25442618e-06
2.30716531e+16 2.25345400e-06
2.30743072e+16 2.25248181e-06
2.30769613e+16 2.25150963e-06
2.30796154e+16 2.25053745e-06
2.30822695e+16 2.24956527e-06
2.30849236e+16 2.24859309e-06
2.30875776e+16 2.24762091e-06
2.30902317e+16 2.24664873e-06
2.30928858e+16 2.24567655e-06
2.30955399e+16 2.24470437e-06
2.30981940e+16 2.24373218e-06
2.31008481e+16 2.24276000e-06
2.31035022e+16 2.24178782e-06
2.31061562e+16 2.24081564e-06
2.31088103e+16 2.23984346e-06
2.31114644e+16 2.23887128e-06
2.31141185e+16 2.23789910e-06
2.31167726e+16 2.23692692e-06
2.31194267e+16 2.23595474e-06
2.31220807e+16 2.23498255e-06
2.31247348e+16 2.23401037e-06
2.31273889e+16 2.23303819e-06
2.31300430e+16 2.23206601e-06
2.31326971e+16 2.23109383e-06
2.31353512e+16 2.23012165e-06
2.31380053e+16 2.22914947e-06
2.31406593e+16 2.22817729e-06
2.31433134e+16 2.22720511e-06
2.31459675e+16 2.22623292e-06
2.31486216e+16 2.22526074e-06
2.31512757e+16 2.22428856e-06
2.31539298e+16 2.22331638e-06
2.31565839e+16 2.22234420e-06
2.31592379e+16 2.22137202e-06
2.31618920e+16 2.22039984e-06
2.31645461e+16 2.21942766e-06
2.31672002e+16 2.21845548e-06
2.31698543e+16 2.21748329e-06
2.31725084e+16 2.21651111e-06
2.31751624e+16 2.21553893e-06
2.31778165e+16 2.21456675e-06
2.31804706e+16 2.21359457e-06
2.31831247e+16 2.21262239e-06
2.31857788e+16 2.21165021e-06
2.31884329e+16 2.21067803e-06
2.31910870e+16 2.20970585e-06
2.31937410e+16 2.20873366e-06
2.31963951e+16 2.20776148e-06
2.31990492e+16 2.20678930e-06
2.32017033e+16 2.20581712e-06
2.32043574e+16 2.20484494e-06
2.32070115e+16 2.20387276e-06
2.32096656e+16 2.20290058e-06
2.32123196e+16 2.20192840e-06
2.32149737e+16 2.20095622e-06
2.32176278e+16 2.19998403e-06
2.32202819e+16 2.19901185e-06
2.32229360e+16 2.19803967e-06
2.32255901e+16 2.19706749e-06
2.32282441e+16 2.19609531e-06
2.32308982e+16 2.19512313e-06
2.32335523e+16 2.19415095e-06
2.32362064e+16 2.19317877e-06
2.32388605e+16 2.19220659e-06
2.32415146e+16 2.19123440e-06
2.32441687e+16 2.19026222e-06
2.32468227e+16 2.18929004e-06
2.32494768e+16 2.18831786e-06
2.32521309e+16 2.18734568e-06
2.32547850e+16 2.18637350e-06
2.32574391e+16 2.18540132e-06
2.32600932e+16 2.18442914e-06
2.32627473e+16 2.18345695e-06
2.32654013e+16 2.18248477e-06
2.32680554e+16 2.18151259e-06
2.32707095e+16 2.18054041e-06
2.32733636e+16 2.17956823e-06
2.32760177e+16 2.17859605e-06
2.32786718e+16 2.17762387e-06
2.32813258e+16 2.17665169e-06
2.32839799e+16 2.17567951e-06
2.32866340e+16 2.17470732e-06
2.32892881e+16 2.17373514e-06
2.32919422e+16 2.17276296e-06
2.32945963e+16 2.17179078e-06
2.32972504e+16 2.17081860e-06
2.32999044e+16 2.16984642e-06
2.33025585e+16 2.16887424e-06
2.33052126e+16 2.16790206e-06
2.33078667e+16 2.16692988e-06
2.33105208e+16 2.16595769e-06
2.33131749e+16 2.16498551e-06
2.33158290e+16 2.16401333e-06
2.33184830e+16 2.16304115e-06
2.33211371e+16 2.16206897e-06
2.33237912e+16 2.16109679e-06
2.33264453e+16 2.16012461e-06
2.33290994e+16 2.15915243e-06
2.33317535e+16 2.15818025e-06
2.33344075e+16 2.15720806e-06
2.33370616e+16 2.15623588e-06
2.33397157e+16 2.15526370e-06
2.33423698e+16 2.15429152e-06
2.33450239e+16 2.15331934e-06
2.33476780e+16 2.15234716e-06
2.33503321e+16 2.15137498e-06
2.33529861e+16 2.15040280e-06
2.33556402e+16 2.14943062e-06
2.33582943e+16 2.14845843e-06
2.33609484e+16 2.14748625e-06
2.33636025e+16 2.14651407e-06
2.33662566e+16 2.14554189e-06
2.33689107e+16 2.14456971e-06
2.33715647e+16 2.14359753e-06
2.33742188e+16 2.14262535e-06
2.33768729e+16 2.14165317e-06
2.33795270e+16 2.14068099e-06
2.33821811e+16 2.13970880e-06
2.33848352e+16 2.13873662e-06
2.33874892e+16 2.13776444e-06
2.33901433e+16 2.13679226e-06
2.33927974e+16 2.13582008e-06
2.33954515e+16 2.13484790e-06
2.33981056e+16 2.13387572e-06
2.34007597e+16 2.13290354e-06
2.34034138e+16 2.13193136e-06
2.34060678e+16 2.13095917e-06
2.34087219e+16 2.12998699e-06
2.34113760e+16 2.12901481e-06
2.34140301e+16 2.12804263e-06
2.34166842e+16 2.12707045e-06
2.34193383e+16 2.12609827e-06
2.34219924e+16 2.12512609e-06
2.34246464e+16 2.12415391e-06
2.34273005e+16 2.12318173e-06
2.34299546e+16 2.12220954e-06
2.34326087e+16 2.12123736e-06
2.34352628e+16 2.12026518e-06
2.34379169e+16 2.11929300e-06
2.34405710e+16 2.11832082e-06
2.34432250e+16 2.11734864e-06
2.34458791e+16 2.11637646e-06
2.34485332e+16 2.11540428e-06
2.34511873e+16 2.11443210e-06
2.34538414e+16 2.11345991e-06
2.34564955e+16 2.11248773e-06
2.34591495e+16 2.11151555e-06
2.34618036e+16 2.11054337e-06
2.34644577e+16 2.10957119e-06
2.34671118e+16 2.10859901e-06
2.34697659e+16 2.10762683e-06
2.34724200e+16 2.10665465e-06
2.34750741e+16 2.10568247e-06
2.34777281e+16 2.10471028e-06
2.34803822e+16 2.10373810e-06
2.34830363e+16 2.10276592e-06
2.34856904e+16 2.10179374e-06
2.34883445e+16 2.10082156e-06
2.34909986e+16 2.09984938e-06
2.34936527e+16 2.09887720e-06
2.34963067e+16 2.09790502e-06
2.34989608e+16 2.09693284e-06
2.35016149e+16 2.09596065e-06
2.35042690e+16 2.09498847e-06
2.35069231e+16 2.09401629e-06
2.35095772e+16 2.09304411e-06
2.35122312e+16 2.09207193e-06
2.35148853e+16 2.09109975e-06
2.35175394e+16 2.09012757e-06
2.35201935e+16 2.08915539e-06
2.35228476e+16 2.08818321e-06
2.35255017e+16 2.08721102e-06
2.35281558e+16 2.08623884e-06
2.35308098e+16 2.08526666e-06
2.35334639e+16 2.08429448e-06
2.35361180e+16 2.08332230e-06
2.35387721e+16 2.08235012e-06
2.35414262e+16 2.08137794e-06
2.35440803e+16 2.08040576e-06
2.35467344e+16 2.07943358e-06
2.35493884e+16 2.07846139e-06
2.35520425e+16 2.07748921e-06
2.35546966e+16 2.07651703e-06
2.35573507e+16 2.07554485e-06
2.35600048e+16 2.07457267e-06
2.35626589e+16 2.07360049e-06
2.35653129e+16 2.07262831e-06
2.35679670e+16 2.07165613e-06
2.35706211e+16 2.07068395e-06
2.35732752e+16 2.06971176e-06
2.35759293e+16 2.06873958e-06
2.35785834e+16 2.06776740e-06
2.35812375e+16 2.06679522e-06
2.35838915e+16 2.06582304e-06
2.35865456e+16 2.06485086e-06
2.35891997e+16 2.06387868e-06
2.35918538e+16 2.06290650e-06
2.35945079e+16 2.06193432e-06
2.35971620e+16 2.06096213e-06
2.35998161e+16 2.05998995e-06
2.36024701e+16 2.05901777e-06
2.36051242e+16 2.05804559e-06
2.36077783e+16 2.05707341e-06
2.36104324e+16 2.05610123e-06
2.36130865e+16 2.05512905e-06
2.36157406e+16 2.05415687e-06
2.36183946e+16 2.05318469e-06
2.36210487e+16 2.05221250e-06
2.36237028e+16 2.05124032e-06
2.36263569e+16 2.05026814e-06
2.36290110e+16 2.04929596e-06
2.36316651e+16 2.04832378e-06
2.36343192e+16 2.04735160e-06
2.36369732e+16 2.04637942e-06
2.36396273e+16 2.04540724e-06
2.36422814e+16 2.04443506e-06
2.36449355e+16 2.04346287e-06
2.36475896e+16 2.04249069e-06
2.36502437e+16 2.04151851e-06
2.36528978e+16 2.04054633e-06
2.36555518e+16 2.03957415e-06
2.36582059e+16 2.03860197e-06
2.36608600e+16 2.03762979e-06
2.36635141e+16 2.03665761e-06
2.36661682e+16 2.03568543e-06
2.36688223e+16 2.03471324e-06
2.36714763e+16 2.03374106e-06
2.36741304e+16 2.03276888e-06
2.36767845e+16 2.03179670e-06
2.36794386e+16 2.03082452e-06
2.36820927e+16 2.02985234e-06
2.36847468e+16 2.02888016e-06
2.36874009e+16 2.02790798e-06
2.36900549e+16 2.02693580e-06
2.36927090e+16 2.02596361e-06
2.36953631e+16 2.02499143e-06
2.36980172e+16 2.02401925e-06
2.37006713e+16 2.02304707e-06
2.37033254e+16 2.02207489e-06
2.37059795e+16 2.02110271e-06
2.37086335e+16 2.02013053e-06
2.37112876e+16 2.01915835e-06
2.37139417e+16 2.01818617e-06
2.37165958e+16 2.01721398e-06
2.37192499e+16 2.01624180e-06
2.37219040e+16 2.01526962e-06
2.37245581e+16 2.01429744e-06
2.37272121e+16 2.01332526e-06
2.37298662e+16 2.01235308e-06
2.37325203e+16 2.01138090e-06
2.37351744e+16 2.01040872e-06
2.37378285e+16 2.00943654e-06
2.37404826e+16 2.00846435e-06
2.37431366e+16 2.00749217e-06
2.37457907e+16 2.00651999e-06
2.37484448e+16 2.00554781e-06
2.37510989e+16 2.00457563e-06
2.37537530e+16 2.00360345e-06
2.37564071e+16 2.00263127e-06
2.37590612e+16 2.00165909e-06
2.37617152e+16 2.00068691e-06
2.37643693e+16 1.99971472e-06
2.37670234e+16 1.99874254e-06
2.37696775e+16 1.99777036e-06
2.37723316e+16 1.99679818e-06
2.37749857e+16 1.99582600e-06
2.37776398e+16 1.99485382e-06
2.37802938e+16 1.99388164e-06
2.37829479e+16 1.99290946e-06
2.37856020e+16 1.99193727e-06
2.37882561e+16 1.99096509e-06
2.37909102e+16 1.98999291e-06
2.37935643e+16 1.98902073e-06
2.37962183e+16 1.98804855e-06
2.37988724e+16 1.98707637e-06
2.38015265e+16 1.98610419e-06
2.38041806e+16 1.98513201e-06
2.38068347e+16 1.98415983e-06
2.38094888e+16 1.98318764e-06
2.38121429e+16 1.98221546e-06
2.38147969e+16 1.98124328e-06
2.38174510e+16 1.98027110e-06
2.38201051e+16 1.97929892e-06
2.38227592e+16 1.97832674e-06
2.38254133e+16 1.97735456e-06
2.38280674e+16 1.97638238e-06
2.38307215e+16 1.97541020e-06
2.38333755e+16 1.97443801e-06
2.38360296e+16 1.97346583e-06
2.38386837e+16 1.97249365e-06
2.38413378e+16 1.97152147e-06
2.38439919e+16 1.97054929e-06
2.38466460e+16 1.96957711e-06
2.38493000e+16 1.96860493e-06
2.38519541e+16 1.96763275e-06
2.38546082e+16 1.96666057e-06
2.38572623e+16 1.96568838e-06
2.38599164e+16 1.96471620e-06
2.38625705e+16 1.96374402e-06
2.38652246e+16 1.96277184e-06
2.38678786e+16 1.96179966e-06
2.38705327e+16 1.96082748e-06
2.38731868e+16 1.95985530e-06
2.38758409e+16 1.95888312e-06
2.38784950e+16 1.95791094e-06
2.38811491e+16 1.95693875e-06
2.38838032e+16 1.95596657e-06
2.38864572e+16 1.95499439e-06
2.38891113e+16 1.95402221e-06
2.38917654e+16 1.95305003e-06
2.38944195e+16 1.95207785e-06
2.38970736e+16 1.95110567e-06
2.38997277e+16 1.95013349e-06
2.39023817e+16 1.94916131e-06
2.39050358e+16 1.94818912e-06
2.39076899e+16 1.94721694e-06
2.39103440e+16 1.94624476e-06
2.39129981e+16 1.94527258e-06
2.39156522e+16 1.94430040e-06
2.39183063e+16 1.94332822e-06
2.39209603e+16 1.94235604e-06
2.39236144e+16 1.94138386e-06
2.39262685e+16 1.94041168e-06
2.39289226e+16 1.93943949e-06
2.39315767e+16 1.93846731e-06
2.39342308e+16 1.93749513e-06
2.39368849e+16 1.93652295e-06
2.39395389e+16 1.93555077e-06
2.39421930e+16 1.93457859e-06
2.39448471e+16 1.93360641e-06
2.39475012e+16 1.93263423e-06
2.39501553e+16 1.93166205e-06
2.39528094e+16 1.93068986e-06
2.39554634e+16 1.92971768e-06
2.39581175e+16 1.92874550e-06
2.39607716e+16 1.92777332e-06
2.39634257e+16 1.92680114e-06
2.39660798e+16 1.92582896e-06
2.39687339e+16 1.92485678e-06
2.39713880e+16 1.92388460e-06
2.39740420e+16 1.92291242e-06
2.39766961e+16 1.92194023e-06
2.39793502e+16 1.92096805e-06
2.39820043e+16 1.91999587e-06
2.39846584e+16 1.91902369e-06
2.39873125e+16 1.91805151e-06
2.39899666e+16 1.91707933e-06
2.39926206e+16 1.91610715e-06
2.39952747e+16 1.91513497e-06
2.39979288e+16 1.91416279e-06
2.40005829e+16 1.91319060e-06
2.40032370e+16 1.91221842e-06
2.40058911e+16 1.91124624e-06
2.40085452e+16 1.91027406e-06
2.40111992e+16 1.90930188e-06
2.40138533e+16 1.90832970e-06
2.40165074e+16 1.90735752e-06
2.40191615e+16 1.90638534e-06
2.40218156e+16 1.90541316e-06
2.40244697e+16 1.90444097e-06
2.40271237e+16 1.90346879e-06
2.40297778e+16 1.90249661e-06
2.40324319e+16 1.90152443e-06
2.40350860e+16 1.90055225e-06
2.40377401e+16 1.89958007e-06
2.40403942e+16 1.89860789e-06
2.40430483e+16 1.89763571e-06
2.40457023e+16 1.89666353e-06
2.40483564e+16 1.89569134e-06
2.40510105e+16 1.89471916e-06
2.40536646e+16 1.89374698e-06
2.40563187e+16 1.89277480e-06
2.40589728e+16 1.89180262e-06
2.40616269e+16 1.89083044e-06
2.40642809e+16 1.88985826e-06
2.40669350e+16 1.88888608e-06
2.40695891e+16 1.88791390e-06
2.40722432e+16 1.88694171e-06
2.40748973e+16 1.88596953e-06
2.40775514e+16 1.88499735e-06
2.40802054e+16 1.88402517e-06
2.40828595e+16 1.88305299e-06
2.40855136e+16 1.88208081e-06
2.40881677e+16 1.88110863e-06
2.40908218e+16 1.88013645e-06
2.40934759e+16 1.87916427e-06
2.40961300e+16 1.87819208e-06
2.40987840e+16 1.87721990e-06
2.41014381e+16 1.87624772e-06
2.41040922e+16 1.87527554e-06
2.41067463e+16 1.87430336e-06
2.41094004e+16 1.87333118e-06
2.41120545e+16 1.87235900e-06
2.41147086e+16 1.87138682e-06
2.41173626e+16 1.87041464e-06
2.41200167e+16 1.86944245e-06
2.41226708e+16 1.86847027e-06
2.41253249e+16 1.86749809e-06
2.41279790e+16 1.86652591e-06
2.41306331e+16 1.86555373e-06
2.41332871e+16 1.86458155e-06
2.41359412e+16 1.86360937e-06
2.41385953e+16 1.86263719e-06
2.41412494e+16 1.86166501e-06
2.41439035e+16 1.86069282e-06
2.41465576e+16 1.85972064e-06
2.41492117e+16 1.85874846e-06
2.41518657e+16 1.85777628e-06
2.41545198e+16 1.85680410e-06
2.41571739e+16 1.85583192e-06
2.41598280e+16 1.85485974e-06
2.41624821e+16 1.85388756e-06
2.41651362e+16 1.85291538e-06
2.41677903e+16 1.85194319e-06
2.41704443e+16 1.85097101e-06
2.41730984e+16 1.84999883e-06
2.41757525e+16 1.84902665e-06
2.41784066e+16 1.84805447e-06
2.41810607e+16 1.84708229e-06
2.41837148e+16 1.84611011e-06
2.41863688e+16 1.84513793e-06
2.41890229e+16 1.84416575e-06
2.41916770e+16 1.84319356e-06
2.41943311e+16 1.84222138e-06
2.41969852e+16 1.84124920e-06
2.41996393e+16 1.84027702e-06
2.42022934e+16 1.83930484e-06
2.42049474e+16 1.83833266e-06
2.42076015e+16 1.83736048e-06
2.42102556e+16 1.83638830e-06
2.42129097e+16 1.83541612e-06
2.42155638e+16 1.83444393e-06
2.42182179e+16 1.83347175e-06
2.42208720e+16 1.83249957e-06
2.42235260e+16 1.83152739e-06
2.42261801e+16 1.83055521e-06
2.42288342e+16 1.82958303e-06
2.42314883e+16 1.82861085e-06
2.42341424e+16 1.82763867e-06
2.42367965e+16 1.82666649e-06
2.42394505e+16 1.82569430e-06
2.42421046e+16 1.82472212e-06
2.42447587e+16 1.82374994e-06
2.42474128e+16 1.82277776e-06
2.42500669e+16 1.82180558e-06
2.42527210e+16 1.82083340e-06
2.42553751e+16 1.81986122e-06
2.42580291e+16 1.81888904e-06
2.42606832e+16 1.81791686e-06
2.42633373e+16 1.81694467e-06
2.42659914e+16 1.81597249e-06
2.42686455e+16 1.81500031e-06
2.42712996e+16 1.81402813e-06
2.42739537e+16 1.81305595e-06
2.42766077e+16 1.81208377e-06
2.42792618e+16 1.81111159e-06
2.42819159e+16 1.81013941e-06
2.42845700e+16 1.80916722e-06
2.42872241e+16 1.80819504e-06
2.42898782e+16 1.80722286e-06
2.42925323e+16 1.80625068e-06
2.42951863e+16 1.80527850e-06
2.42978404e+16 1.80430632e-06
2.43004945e+16 1.80333414e-06
2.43031486e+16 1.80236196e-06
2.43058027e+16 1.80138978e-06
2.43084568e+16 1.80041759e-06
2.43111108e+16 1.79944541e-06
2.43137649e+16 1.79847323e-06
2.43164190e+16 1.79750105e-06
2.43190731e+16 1.79652887e-06
2.43217272e+16 1.79555669e-06
2.43243813e+16 1.79458451e-06
2.43270354e+16 1.79361233e-06
2.43296894e+16 1.79264015e-06
2.43323435e+16 1.79166796e-06
2.43349976e+16 1.79069578e-06
2.43376517e+16 1.78972360e-06
2.43403058e+16 1.78875142e-06
2.43429599e+16 1.78777924e-06
2.43456140e+16 1.78680706e-06
2.43482680e+16 1.78583488e-06
2.43509221e+16 1.78486270e-06
2.43535762e+16 1.78389052e-06
2.43562303e+16 1.78291833e-06
2.43588844e+16 1.78194615e-06
2.43615385e+16 1.78097397e-06
2.43641925e+16 1.78000179e-06
2.43668466e+16 1.77902961e-06
2.43695007e+16 1.77805743e-06
2.43721548e+16 1.77708525e-06
2.43748089e+16 1.77611307e-06
2.43774630e+16 1.77514089e-06
2.43801171e+16 1.77416870e-06
2.43827711e+16 1.77319652e-06
2.43854252e+16 1.77222434e-06
2.43880793e+16 1.77125216e-06
2.43907334e+16 1.77027998e-06
2.43933875e+16 1.76930780e-06
2.43960416e+16 1.76833562e-06
2.43986957e+16 1.76736344e-06
2.44013497e+16 1.76639126e-06
2.44040038e+16 1.76541907e-06
2.44066579e+16 1.76444689e-06
2.44093120e+16 1.76347471e-06
2.44119661e+16 1.76250253e-06
2.44146202e+16 1.76153035e-06
2.44172742e+16 1.76055817e-06
2.44199283e+16 1.75958599e-06
2.44225824e+16 1.75861381e-06
2.44252365e+16 1.75764163e-06
2.44278906e+16 1.75666944e-06
2.44305447e+16 1.75569726e-06
2.44331988e+16 1.75472508e-06
2.44358528e+16 1.75375290e-06
2.44385069e+16 1.75278072e-06
2.44411610e+16 1.75180854e-06
2.44438151e+16 1.75083636e-06
2.44464692e+16 1.74986418e-06
2.44491233e+16 1.74889200e-06
2.44517774e+16 1.74791981e-06
2.44544314e+16 1.74694763e-06
2.44570855e+16 1.74597545e-06
2.44597396e+16 1.74500327e-06
2.44623937e+16 1.74403109e-06
2.44650478e+16 1.74305891e-06
2.44677019e+16 1.74208673e-06
2.44703559e+16 1.74111455e-06
2.44730100e+16 1.74014237e-06
2.44756641e+16 1.73917018e-06
2.44783182e+16 1.73819800e-06
2.44809723e+16 1.73722582e-06
2.44836264e+16 1.73625364e-06
2.44862805e+16 1.73528146e-06
2.44889345e+16 1.73430928e-06
2.44915886e+16 1.73333710e-06
2.44942427e+16 1.73236492e-06
2.44968968e+16 1.73139274e-06
2.44995509e+16 1.73042055e-06
2.45022050e+16 1.72944837e-06
2.45048591e+16 1.72847619e-06
2.45075131e+16 1.72750401e-06
2.45101672e+16 1.72653183e-06
2.45128213e+16 1.72555965e-06
2.45154754e+16 1.72458747e-06
2.45181295e+16 1.72361529e-06
2.45207836e+16 1.72264311e-06
2.45234376e+16 1.72167092e-06
2.45260917e+16 1.72069874e-06
2.45287458e+16 1.71972656e-06
2.45313999e+16 1.71875438e-06
2.45340540e+16 1.71778220e-06
2.45367081e+16 1.71681002e-06
2.45393622e+16 1.71583784e-06
2.45420162e+16 1.71486566e-06
2.45446703e+16 1.71389348e-06
2.45473244e+16 1.71292129e-06
2.45499785e+16 1.71194911e-06
2.45526326e+16 1.71097693e-06
2.45552867e+16 1.71000475e-06
2.45579408e+16 1.70903257e-06
2.45605948e+16 1.70806039e-06
2.45632489e+16 1.70708821e-06
2.45659030e+16 1.70611603e-06
2.45685571e+16 1.70514385e-06
2.45712112e+16 1.70417166e-06
2.45738653e+16 1.70319948e-06
2.45765194e+16 1.70222730e-06
2.45791734e+16 1.70125512e-06
2.45818275e+16 1.70028294e-06
2.45844816e+16 1.69931076e-06
2.45871357e+16 1.69833858e-06
2.45897898e+16 1.69736640e-06
2.45924439e+16 1.69639422e-06
2.45950979e+16 1.69542203e-06
2.45977520e+16 1.69444985e-06
2.46004061e+16 1.69347767e-06
2.46030602e+16 1.69250549e-06
2.46057143e+16 1.69153331e-06
2.46083684e+16 1.69056113e-06
2.46110225e+16 1.68958895e-06
2.46136765e+16 1.68861677e-06
2.46163306e+16 1.68764459e-06
2.46189847e+16 1.68667240e-06
2.46216388e+16 1.68570022e-06
2.46242929e+16 1.68472804e-06
2.46269470e+16 1.68375586e-06
2.46296011e+16 1.68278368e-06
2.46322551e+16 1.68181150e-06
2.46349092e+16 1.68083932e-06
2.46375633e+16 1.67986714e-06
2.46402174e+16 1.67889496e-06
2.46428715e+16 1.67792277e-06
2.46455256e+16 1.67695059e-06
2.46481796e+16 1.67597841e-06
2.46508337e+16 1.67500623e-06
2.46534878e+16 1.67403405e-06
2.46561419e+16 1.67306187e-06
2.46587960e+16 1.67208969e-06
2.46614501e+16 1.67111751e-06
2.46641042e+16 1.67014533e-06
2.46667582e+16 1.66917314e-06
2.46694123e+16 1.66820096e-06
2.46720664e+16 1.66722878e-06
2.46747205e+16 1.66625660e-06
2.46773746e+16 1.66528442e-06
2.46800287e+16 1.66431224e-06
2.46826828e+16 1.66334006e-06
2.46853368e+16 1.66236788e-06
2.46879909e+16 1.66139570e-06
2.46906450e+16 1.66042351e-06
2.46932991e+16 1.65945133e-06
2.46959532e+16 1.65847915e-06
2.46986073e+16 1.65750697e-06
2.47012613e+16 1.65653479e-06
2.47039154e+16 1.65556261e-06
2.47065695e+16 1.65459043e-06
2.47092236e+16 1.65361825e-06
2.47118777e+16 1.65264607e-06
2.47145318e+16 1.65167388e-06
2.47171859e+16 1.65070170e-06
2.47198399e+16 1.64972952e-06
2.47224940e+16 1.64875734e-06
2.47251481e+16 1.64778516e-06
2.47278022e+16 1.64681298e-06
2.47304563e+16 1.64584080e-06
2.47331104e+16 1.64486862e-06
2.47357645e+16 1.64389644e-06
2.47384185e+16 1.64292425e-06
2.47410726e+16 1.64195207e-06
2.47437267e+16 1.64097989e-06
2.47463808e+16 1.64000771e-06
2.47490349e+16 1.63903553e-06
2.47516890e+16 1.63806335e-06
2.47543430e+16 1.63709117e-06
2.47569971e+16 1.63611899e-06
2.47596512e+16 1.63514681e-06
2.47623053e+16 1.63417462e-06
2.47649594e+16 1.63320244e-06
2.47676135e+16 1.63223026e-06
2.47702676e+16 1.63125808e-06
2.47729216e+16 1.63028590e-06
2.47755757e+16 1.62931372e-06
2.47782298e+16 1.62834154e-06
2.47808839e+16 1.62736936e-06
2.47835380e+16 1.62639717e-06
2.47861921e+16 1.62542499e-06
2.47888462e+16 1.62445281e-06
2.47915002e+16 1.62348063e-06
2.47941543e+16 1.62250845e-06
2.47968084e+16 1.62153627e-06
2.47994625e+16 1.62056409e-06
2.48021166e+16 1.61959191e-06
2.48047707e+16 1.61861973e-06
2.48074247e+16 1.61764754e-06
2.48100788e+16 1.61667536e-06
2.48127329e+16 1.61570318e-06
2.48153870e+16 1.61473100e-06
2.48180411e+16 1.61375882e-06
2.48206952e+16 1.61278664e-06
2.48233493e+16 1.61181446e-06
2.48260033e+16 1.61084228e-06
2.48286574e+16 1.60987010e-06
2.48313115e+16 1.60889791e-06
2.48339656e+16 1.60792573e-06
2.48366197e+16 1.60695355e-06
2.48392738e+16 1.60598137e-06
2.48419279e+16 1.60500919e-06
2.48445819e+16 1.60403701e-06
2.48472360e+16 1.60306483e-06
2.48498901e+16 1.60209265e-06
2.48525442e+16 1.60112047e-06
2.48551983e+16 1.60014828e-06
2.48578524e+16 1.59917610e-06
2.48605065e+16 1.59820392e-06
2.48631605e+16 1.59723174e-06
2.48658146e+16 1.59625956e-06
2.48684687e+16 1.59528738e-06
2.48711228e+16 1.59431520e-06
2.48737769e+16 1.59334302e-06
2.48764310e+16 1.59237084e-06
2.48790850e+16 1.59139865e-06
2.48817391e+16 1.59066240e-06
2.48843932e+16 1.59009421e-06
2.48870473e+16 1.58952602e-06
2.48897014e+16 1.58895783e-06
2.48923555e+16 1.58838964e-06
2.48950096e+16 1.58782146e-06
2.48976636e+16 1.58725327e-06
2.49003177e+16 1.58668508e-06
2.49029718e+16 1.58611689e-06
2.49056259e+16 1.58554870e-06
2.49082800e+16 1.58498051e-06
2.49109341e+16 1.58441233e-06
2.49135882e+16 1.58384414e-06
2.49162422e+16 1.58327595e-06
2.49188963e+16 1.58270776e-06
2.49215504e+16 1.58213957e-06
2.49242045e+16 1.58157139e-06
2.49268586e+16 1.58100320e-06
2.49295127e+16 1.58043501e-06
2.49321667e+16 1.57986682e-06
2.49348208e+16 1.57929863e-06
2.49374749e+16 1.57873044e-06
2.49401290e+16 1.57816226e-06
2.49427831e+16 1.57759407e-06
2.49454372e+16 1.57702588e-06
2.49480913e+16 1.57645769e-06
2.49507453e+16 1.57588950e-06
2.49533994e+16 1.57532132e-06
2.49560535e+16 1.57475313e-06
2.49587076e+16 1.57418494e-06
2.49613617e+16 1.57361675e-06
2.49640158e+16 1.57304856e-06
2.49666699e+16 1.57248037e-06
2.49693239e+16 1.57191219e-06
2.49719780e+16 1.57134400e-06
2.49746321e+16 1.57077581e-06
2.49772862e+16 1.57020762e-06
2.49799403e+16 1.56963943e-06
2.49825944e+16 1.56907124e-06
2.49852484e+16 1.56850306e-06
2.49879025e+16 1.56793487e-06
2.49905566e+16 1.56736668e-06
2.49932107e+16 1.56679849e-06
2.49958648e+16 1.56623030e-06
2.49985189e+16 1.56566212e-06
2.50011730e+16 1.56509393e-06
2.50038270e+16 1.56452574e-06
2.50064811e+16 1.56395755e-06
2.50091352e+16 1.56338936e-06
2.50117893e+16 1.56282117e-06
2.50144434e+16 1.56225299e-06
2.50170975e+16 1.56168480e-06
2.50197516e+16 1.56111661e-06
2.50224056e+16 1.56054842e-06
2.50250597e+16 1.55998023e-06
2.50277138e+16 1.55941205e-06
2.50303679e+16 1.55884386e-06
2.50330220e+16 1.55827567e-06
2.50356761e+16 1.55770748e-06
2.50383301e+16 1.55713929e-06
2.50409842e+16 1.55657110e-06
2.50436383e+16 1.55600292e-06
2.50462924e+16 1.55543473e-06
2.50489465e+16 1.55486654e-06
2.50516006e+16 1.55429835e-06
2.50542547e+16 1.55373016e-06
2.50569087e+16 1.55316197e-06
2.50595628e+16 1.55259379e-06
2.50622169e+16 1.55202560e-06
2.50648710e+16 1.55145741e-06
2.50675251e+16 1.55088922e-06
2.50701792e+16 1.55032103e-06
2.50728333e+16 1.54975285e-06
2.50754873e+16 1.54918466e-06
2.50781414e+16 1.54861647e-06
2.50807955e+16 1.54804828e-06
2.50834496e+16 1.54748009e-06
2.50861037e+16 1.54691190e-06
2.50887578e+16 1.54634372e-06
2.50914118e+16 1.54577553e-06
2.50940659e+16 1.54520734e-06
2.50967200e+16 1.54463915e-06
2.50993741e+16 1.54407096e-06
2.51020282e+16 1.54350278e-06
2.51046823e+16 1.54293459e-06
2.51073364e+16 1.54236640e-06
2.51099904e+16 1.54179821e-06
2.51126445e+16 1.54123002e-06
2.51152986e+16 1.54066183e-06
2.51179527e+16 1.54009365e-06
2.51206068e+16 1.53952546e-06
2.51232609e+16 1.53895727e-06
2.51259150e+16 1.53838908e-06
2.51285690e+16 1.53782089e-06
2.51312231e+16 1.53725270e-06
2.51338772e+16 1.53668452e-06
2.51365313e+16 1.53611633e-06
2.51391854e+16 1.53554814e-06
2.51418395e+16 1.53497995e-06
2.51444935e+16 1.53441176e-06
2.51471476e+16 1.53384358e-06
2.51498017e+16 1.53327539e-06
2.51524558e+16 1.53270720e-06
2.51551099e+16 1.53213901e-06
2.51577640e+16 1.53157082e-06
2.51604181e+16 1.53100263e-06
2.51630721e+16 1.53043445e-06
2.51657262e+16 1.52986626e-06
2.51683803e+16 1.52929807e-06
2.51710344e+16 1.52872988e-06
2.51736885e+16 1.52816169e-06
2.51763426e+16 1.52759351e-06
2.51789967e+16 1.52702532e-06
2.51816507e+16 1.52645713e-06
2.51843048e+16 1.52588894e-06
2.51869589e+16 1.52532075e-06
2.51896130e+16 1.52475256e-06
2.51922671e+16 1.52418438e-06
2.51949212e+16 1.52361619e-06
2.51975753e+16 1.52304800e-06
2.52002293e+16 1.52247981e-06
2.52028834e+16 1.52191162e-06
2.52055375e+16 1.52134343e-06
2.52081916e+16 1.52077525e-06
2.52108457e+16 1.52020706e-06
2.52134998e+16 1.51963887e-06
2.52161538e+16 1.51907068e-06
2.52188079e+16 1.51850249e-06
2.52214620e+16 1.51793431e-06
2.52241161e+16 1.51736612e-06
2.52267702e+16 1.51679793e-06
2.52294243e+16 1.51622974e-06
2.52320784e+16 1.51566155e-06
2.52347324e+16 1.51509336e-06
2.52373865e+16 1.51452518e-06
2.52400406e+16 1.51395699e-06
2.52426947e+16 1.51338880e-06
2.52453488e+16 1.51282061e-06
2.52480029e+16 1.51225242e-06
2.52506570e+16 1.51168424e-06
2.52533110e+16 1.51111605e-06
2.52559651e+16 1.51054786e-06
2.52586192e+16 1.50997967e-06
2.52612733e+16 1.50941148e-06
2.52639274e+16 1.50884329e-06
2.52665815e+16 1.50827511e-06
2.52692355e+16 1.50770692e-06
2.52718896e+16 1.50713873e-06
2.52745437e+16 1.50657054e-06
2.52771978e+16 1.50600235e-06
2.52798519e+16 1.50543416e-06
2.52825060e+16 1.50486598e-06
2.52851601e+16 1.50429779e-06
2.52878141e+16 1.50372960e-06
2.52904682e+16 1.50316141e-06
2.52931223e+16 1.50259322e-06
2.52957764e+16 1.50202504e-06
2.52984305e+16 1.50145685e-06
2.53010846e+16 1.50088866e-06
2.53037387e+16 1.50032047e-06
2.53063927e+16 1.49975228e-06
2.53090468e+16 1.49918409e-06
2.53117009e+16 1.49861591e-06
2.53143550e+16 1.49804772e-06
2.53170091e+16 1.49747953e-06
2.53196632e+16 1.49691134e-06
2.53223172e+16 1.49634315e-06
2.53249713e+16 1.49577497e-06
2.53276254e+16 1.49520678e-06
2.53302795e+16 1.49463859e-06
2.53329336e+16 1.49407040e-06
2.53355877e+16 1.49350221e-06
2.53382418e+16 1.49293402e-06
2.53408958e+16 1.49236584e-06
2.53435499e+16 1.49179765e-06
2.53462040e+16 1.49122946e-06
2.53488581e+16 1.49066127e-06
2.53515122e+16 1.49009308e-06
2.53541663e+16 1.48952489e-06
2.53568204e+16 1.48895671e-06
2.53594744e+16 1.48838852e-06
2.53621285e+16 1.48782033e-06
2.53647826e+16 1.48725214e-06
2.53674367e+16 1.48668395e-06
2.53700908e+16 1.48611577e-06
2.53727449e+16 1.48554758e-06
2.53753989e+16 1.48497939e-06
2.53780530e+16 1.48441120e-06
2.53807071e+16 1.48384301e-06
2.53833612e+16 1.48327482e-06
2.53860153e+16 1.48270664e-06
2.53886694e+16 1.48213845e-06
2.53913235e+16 1.48157026e-06
2.53939775e+16 1.48100207e-06
2.53966316e+16 1.48043388e-06
2.53992857e+16 1.47986570e-06
2.54019398e+16 1.47929751e-06
2.54045939e+16 1.47872932e-06
2.54072480e+16 1.47816113e-06
2.54099021e+16 1.47759294e-06
2.54125561e+16 1.47702475e-06
2.54152102e+16 1.47645657e-06
2.54178643e+16 1.47588838e-06
2.54205184e+16 1.47532019e-06
2.54231725e+16 1.47475200e-06
2.54258266e+16 1.47418381e-06
2.54284806e+16 1.47361562e-06
2.54311347e+16 1.47304744e-06
2.54337888e+16 1.47247925e-06
2.54364429e+16 1.47191106e-06
2.54390970e+16 1.47134287e-06
2.54417511e+16 1.47077468e-06
2.54444052e+16 1.47020650e-06
2.54470592e+16 1.46963831e-06
2.54497133e+16 1.46907012e-06
2.54523674e+16 1.46850193e-06
2.54550215e+16 1.46793374e-06
2.54576756e+16 1.46736555e-06
2.54603297e+16 1.46679737e-06
2.54629838e+16 1.46622918e-06
2.54656378e+16 1.46566099e-06
2.54682919e+16 1.46509280e-06
2.54709460e+16 1.46452461e-06
2.54736001e+16 1.46395643e-06
2.54762542e+16 1.46338824e-06
2.54789083e+16 1.46282005e-06
2.54815624e+16 1.46225186e-06
2.54842164e+16 1.46168367e-06
2.54868705e+16 1.46111548e-06
2.54895246e+16 1.46054730e-06
2.54921787e+16 1.45997911e-06
2.54948328e+16 1.45941092e-06
2.54974869e+16 1.45884273e-06
2.55001409e+16 1.45827454e-06
2.55027950e+16 1.45770635e-06
2.55054491e+16 1.45713817e-06
2.55081032e+16 1.45656998e-06
2.55107573e+16 1.45600179e-06
2.55134114e+16 1.45543360e-06
2.55160655e+16 1.45486541e-06
2.55187195e+16 1.45429723e-06
2.55213736e+16 1.45372904e-06
2.55240277e+16 1.45316085e-06
2.55266818e+16 1.45259266e-06
2.55293359e+16 1.45202447e-06
2.55319900e+16 1.45145628e-06
2.55346441e+16 1.45088810e-06
2.55372981e+16 1.45031991e-06
2.55399522e+16 1.44975172e-06
2.55426063e+16 1.44918353e-06
2.55452604e+16 1.44861534e-06
2.55479145e+16 1.44804716e-06
2.55505686e+16 1.44747897e-06
2.55532226e+16 1.44691078e-06
2.55558767e+16 1.44634259e-06
2.55585308e+16 1.44577440e-06
2.55611849e+16 1.44520621e-06
2.55638390e+16 1.44463803e-06
2.55664931e+16 1.44406984e-06
2.55691472e+16 1.44350165e-06
2.55718012e+16 1.44293346e-06
2.55744553e+16 1.44236527e-06
2.55771094e+16 1.44179708e-06
2.55797635e+16 1.44122890e-06
2.55824176e+16 1.44066071e-06
2.55850717e+16 1.44009252e-06
2.55877258e+16 1.43952433e-06
2.55903798e+16 1.43895614e-06
2.55930339e+16 1.43838796e-06
2.55956880e+16 1.43781977e-06
2.55983421e+16 1.43725158e-06
2.56009962e+16 1.43668339e-06
2.56036503e+16 1.43611520e-06
2.56063043e+16 1.43554701e-06
2.56089584e+16 1.43497883e-06
2.56116125e+16 1.43441064e-06
2.56142666e+16 1.43384245e-06
2.56169207e+16 1.43327426e-06
2.56195748e+16 1.43270607e-06
2.56222289e+16 1.43213789e-06
2.56248829e+16 1.43156970e-06
2.56275370e+16 1.43100151e-06
2.56301911e+16 1.43043332e-06
2.56328452e+16 1.42986513e-06
2.56354993e+16 1.42929694e-06
2.56381534e+16 1.42872876e-06
2.56408075e+16 1.42816057e-06
2.56434615e+16 1.42759238e-06
2.56461156e+16 1.42702419e-06
2.56487697e+16 1.42645600e-06
2.56514238e+16 1.42588781e-06
2.56540779e+16 1.42531963e-06
2.56567320e+16 1.42475144e-06
2.56593860e+16 1.42418325e-06
2.56620401e+16 1.42361506e-06
2.56646942e+16 1.42304687e-06
2.56673483e+16 1.42247869e-06
2.56700024e+16 1.42191050e-06
2.56726565e+16 1.42134231e-06
2.56753106e+16 1.42077412e-06
2.56779646e+16 1.42020593e-06
2.56806187e+16 1.41963774e-06
2.56832728e+16 1.41906956e-06
2.56859269e+16 1.41850137e-06
2.56885810e+16 1.41793318e-06
2.56912351e+16 1.41736499e-06
2.56938892e+16 1.41679680e-06
2.56965432e+16 1.41622862e-06
2.56991973e+16 1.41566043e-06
2.57018514e+16 1.41509224e-06
2.57045055e+16 1.41452405e-06
2.57071596e+16 1.41395586e-06
2.57098137e+16 1.41338767e-06
2.57124677e+16 1.41281949e-06
2.57151218e+16 1.41225130e-06
2.57177759e+16 1.41168311e-06
2.57204300e+16 1.41111492e-06
2.57230841e+16 1.41054673e-06
2.57257382e+16 1.40997854e-06
2.57283923e+16 1.40941036e-06
2.57310463e+16 1.40884217e-06
2.57337004e+16 1.40827398e-06
2.57363545e+16 1.40770579e-06
2.57390086e+16 1.40713760e-06
2.57416627e+16 1.40656942e-06
2.57443168e+16 1.40600123e-06
2.57469709e+16 1.40543304e-06
2.57496249e+16 1.40486485e-06
2.57522790e+16 1.40429666e-06
2.57549331e+16 1.40372847e-06
2.57575872e+16 1.40316029e-06
2.57602413e+16 1.40259210e-06
2.57628954e+16 1.40202391e-06
2.57655495e+16 1.40145572e-06
2.57682035e+16 1.40088753e-06
2.57708576e+16 1.40031935e-06
2.57735117e+16 1.39975116e-06
2.57761658e+16 1.39918297e-06
2.57788199e+16 1.39861478e-06
2.57814740e+16 1.39804659e-06
2.57841280e+16 1.39747840e-06
2.57867821e+16 1.39691022e-06
2.57894362e+16 1.39634203e-06
2.57920903e+16 1.39577384e-06
2.57947444e+16 1.39520565e-06
2.57973985e+16 1.39463746e-06
2.58000526e+16 1.39406927e-06
2.58027066e+16 1.39350109e-06
2.58053607e+16 1.39293290e-06
2.58080148e+16 1.39236471e-06
2.58106689e+16 1.39179652e-06
2.58133230e+16 1.39122833e-06
2.58159771e+16 1.39066015e-06
2.58186312e+16 1.39009196e-06
2.58212852e+16 1.38952377e-06
2.58239393e+16 1.38895558e-06
2.58265934e+16 1.38838739e-06
2.58292475e+16 1.38781920e-06
2.58319016e+16 1.38725102e-06
2.58345557e+16 1.38668283e-06
2.58372097e+16 1.38611464e-06
2.58398638e+16 1.38554645e-06
2.58425179e+16 1.38497826e-06
2.58451720e+16 1.38441008e-06
2.58478261e+16 1.38384189e-06
2.58504802e+16 1.38327370e-06
2.58531343e+16 1.38270551e-06
2.58557883e+16 1.38213732e-06
2.58584424e+16 1.38156913e-06
2.58610965e+16 1.38100095e-06
2.58637506e+16 1.38043276e-06
2.58664047e+16 1.37986457e-06
2.58690588e+16 1.37929638e-06
2.58717129e+16 1.37872819e-06
2.58743669e+16 1.37816000e-06
2.58770210e+16 1.37759182e-06
2.58796751e+16 1.37702363e-06
2.58823292e+16 1.37645544e-06
2.58849833e+16 1.37588725e-06
2.58876374e+16 1.37531906e-06
2.58902914e+16 1.37475088e-06
2.58929455e+16 1.37418269e-06
2.58955996e+16 1.37361450e-06
2.58982537e+16 1.37304631e-06
2.59009078e+16 1.37247812e-06
2.59035619e+16 1.37190993e-06
2.59062160e+16 1.37134175e-06
2.59088700e+16 1.37077356e-06
2.59115241e+16 1.37020537e-06
2.59141782e+16 1.36963718e-06
2.59168323e+16 1.36906899e-06
2.59194864e+16 1.36850080e-06
2.59221405e+16 1.36793262e-06
2.59247946e+16 1.36736443e-06
2.59274486e+16 1.36679624e-06
2.59301027e+16 1.36622805e-06
2.59327568e+16 1.36565986e-06
2.59354109e+16 1.36509168e-06
2.59380650e+16 1.36452349e-06
2.59407191e+16 1.36395530e-06
2.59433731e+16 1.36338711e-06
2.59460272e+16 1.36281892e-06
2.59486813e+16 1.36225073e-06
2.59513354e+16 1.36168255e-06
2.59539895e+16 1.36111436e-06
2.59566436e+16 1.36054617e-06
2.59592977e+16 1.35997798e-06
2.59619517e+16 1.35940979e-06
2.59646058e+16 1.35884161e-06
2.59672599e+16 1.35827342e-06
2.59699140e+16 1.35770523e-06
2.59725681e+16 1.35713704e-06
2.59752222e+16 1.35656885e-06
2.59778763e+16 1.35600066e-06
2.59805303e+16 1.35543248e-06
2.59831844e+16 1.35486429e-06
2.59858385e+16 1.35429610e-06
2.59884926e+16 1.35372791e-06
2.59911467e+16 1.35315972e-06
2.59938008e+16 1.35259153e-06
2.59964548e+16 1.35202335e-06
2.59991089e+16 1.35145516e-06
2.60017630e+16 1.35088697e-06
2.60044171e+16 1.35031878e-06
2.60070712e+16 1.34975059e-06
2.60097253e+16 1.34918241e-06
2.60123794e+16 1.34861422e-06
2.60150334e+16 1.34804603e-06
2.60176875e+16 1.34747784e-06
2.60203416e+16 1.34690965e-06
2.60229957e+16 1.34634146e-06
2.60256498e+16 1.34577328e-06
2.60283039e+16 1.34520509e-06
2.60309580e+16 1.34463690e-06
2.60336120e+16 1.34406871e-06
2.60362661e+16 1.34350052e-06
2.60389202e+16 1.34293234e-06
2.60415743e+16 1.34236415e-06
2.60442284e+16 1.34179596e-06
2.60468825e+16 1.34122777e-06
2.60495366e+16 1.34065958e-06
2.60521906e+16 1.34009139e-06
2.60548447e+16 1.33952321e-06
2.60574988e+16 1.33895502e-06
2.60601529e+16 1.33838683e-06
2.60628070e+16 1.33781864e-06
2.60654611e+16 1.33725045e-06
2.60681151e+16 1.33668226e-06
2.60707692e+16 1.33611408e-06
2.60734233e+16 1.33554589e-06
2.60760774e+16 1.33497770e-06
2.60787315e+16 1.33440951e-06
2.60813856e+16 1.33384132e-06
2.60840397e+16 1.33327314e-06
2.60866937e+16 1.33270495e-06
2.60893478e+16 1.33213676e-06
2.60920019e+16 1.33156857e-06
2.60946560e+16 1.33100038e-06
2.60973101e+16 1.33043219e-06
2.60999642e+16 1.32986401e-06
2.61026183e+16 1.32929582e-06
2.61052723e+16 1.32872763e-06
2.61079264e+16 1.32815944e-06
2.61105805e+16 1.32759125e-06
2.61132346e+16 1.32702307e-06
2.61158887e+16 1.32645488e-06
2.61185428e+16 1.32588669e-06
2.61211968e+16 1.32531850e-06
2.61238509e+16 1.32475031e-06
2.61265050e+16 1.32418212e-06
2.61291591e+16 1.32361394e-06
2.61318132e+16 1.32304575e-06
2.61344673e+16 1.32247756e-06
2.61371214e+16 1.32190937e-06
2.61397754e+16 1.32134118e-06
2.61424295e+16 1.32077299e-06
2.61450836e+16 1.32020481e-06
2.61477377e+16 1.31963662e-06
2.61503918e+16 1.31906843e-06
2.61530459e+16 1.31850024e-06
2.61557000e+16 1.31793205e-06
2.61583540e+16 1.31736387e-06
2.61610081e+16 1.31679568e-06
2.61636622e+16 1.31622749e-06
2.61663163e+16 1.31565930e-06
2.61689704e+16 1.31509111e-06
2.61716245e+16 1.31452292e-06
2.61742785e+16 1.31395474e-06
2.61769326e+16 1.31338655e-06
2.61795867e+16 1.31281836e-06
2.61822408e+16 1.31225017e-06
2.61848949e+16 1.31168198e-06
2.61875490e+16 1.31111380e-06
2.61902031e+16 1.31054561e-06
2.61928571e+16 1.30997742e-06
2.61955112e+16 1.30940923e-06
2.61981653e+16 1.30884104e-06
2.62008194e+16 1.30827285e-06
2.62034735e+16 1.30770467e-06
2.62061276e+16 1.30713648e-06
2.62087817e+16 1.30656829e-06
2.62114357e+16 1.30600010e-06
2.62140898e+16 1.30543191e-06
2.62167439e+16 1.30486372e-06
2.62193980e+16 1.30429554e-06
2.62220521e+16 1.30372735e-06
2.62247062e+16 1.30315916e-06
2.62273602e+16 1.30259097e-06
2.62300143e+16 1.30202278e-06
2.62326684e+16 1.30145460e-06
2.62353225e+16 1.30088641e-06
2.62379766e+16 1.30031822e-06
2.62406307e+16 1.29975003e-06
2.62432848e+16 1.29918184e-06
2.62459388e+16 1.29861365e-06
2.62485929e+16 1.29804547e-06
2.62512470e+16 1.29747728e-06
2.62539011e+16 1.29690909e-06
2.62565552e+16 1.29634090e-06
2.62592093e+16 1.29577271e-06
2.62618634e+16 1.29520453e-06
2.62645174e+16 1.29463634e-06
2.62671715e+16 1.29406815e-06
2.62698256e+16 1.29349996e-06
2.62724797e+16 1.29293177e-06
2.62751338e+16 1.29236358e-06
2.62777879e+16 1.29179540e-06
2.62804419e+16 1.29122721e-06
2.62830960e+16 1.29065902e-06
2.62857501e+16 1.29009083e-06
2.62884042e+16 1.28952264e-06
2.62910583e+16 1.28895445e-06
2.62937124e+16 1.28838627e-06
2.62963665e+16 1.28781808e-06
2.62990205e+16 1.28724989e-06
2.63016746e+16 1.28668170e-06
2.63043287e+16 1.28611351e-06
2.63069828e+16 1.28554533e-06
2.63096369e+16 1.28497714e-06
2.63122910e+16 1.28440895e-06
2.63149451e+16 1.28384076e-06
2.63175991e+16 1.28327257e-06
2.63202532e+16 1.28270438e-06
2.63229073e+16 1.28213620e-06
2.63255614e+16 1.28156801e-06
2.63282155e+16 1.28099982e-06
2.63308696e+16 1.28043163e-06
2.63335237e+16 1.27986344e-06
2.63361777e+16 1.27929526e-06
2.63388318e+16 1.27872707e-06
2.63414859e+16 1.27815888e-06
2.63441400e+16 1.27759069e-06
2.63467941e+16 1.27702250e-06
2.63494482e+16 1.27645431e-06
2.63521022e+16 1.27588613e-06
2.63547563e+16 1.27531794e-06
2.63574104e+16 1.27474975e-06
2.63600645e+16 1.27418156e-06
2.63627186e+16 1.27361337e-06
2.63653727e+16 1.27304518e-06
2.63680268e+16 1.27247700e-06
2.63706808e+16 1.27190881e-06
2.63733349e+16 1.27134062e-06
2.63759890e+16 1.27077243e-06
2.63786431e+16 1.27020424e-06
2.63812972e+16 1.26963606e-06
2.63839513e+16 1.26906787e-06
2.63866054e+16 1.26849968e-06
2.63892594e+16 1.26793149e-06
2.63919135e+16 1.26736330e-06
2.63945676e+16 1.26679511e-06
2.63972217e+16 1.26622693e-06
2.63998758e+16 1.26565874e-06
2.64025299e+16 1.26509055e-06
2.64051839e+16 1.26452236e-06
2.64078380e+16 1.26395417e-06
2.64104921e+16 1.26338599e-06
2.64131462e+16 1.26281780e-06
2.64158003e+16 1.26224961e-06
2.64184544e+16 1.26168142e-06
2.64211085e+16 1.26111323e-06
2.64237625e+16 1.26054504e-06
2.64264166e+16 1.25997686e-06
2.64290707e+16 1.25940867e-06
2.64317248e+16 1.25884048e-06
2.64343789e+16 1.25827229e-06
2.64370330e+16 1.25770410e-06
2.64396871e+16 1.25713591e-06
2.64423411e+16 1.25656773e-06
2.64449952e+16 1.25599954e-06
2.64476493e+16 1.25543135e-06
2.64503034e+16 1.25486316e-06
2.64529575e+16 1.25429497e-06
2.64556116e+16 1.25372679e-06
2.64582656e+16 1.25315860e-06
2.64609197e+16 1.25259041e-06
2.64635738e+16 1.25202222e-06
2.64662279e+16 1.25145403e-06
2.64688820e+16 1.25088584e-06
2.64715361e+16 1.25031766e-06
2.64741902e+16 1.24974947e-06
2.64768442e+16 1.24918128e-06
2.64794983e+16 1.24861309e-06
2.64821524e+16 1.24804490e-06
2.64848065e+16 1.24747672e-06
2.64874606e+16 1.24690853e-06
2.64901147e+16 1.24634034e-06
2.64927688e+16 1.24577215e-06
2.64954228e+16 1.24520396e-06
2.64980769e+16 1.24463577e-06
2.65007310e+16 1.24406759e-06
2.65033851e+16 1.24349940e-06
2.65060392e+16 1.24293121e-06
2.65086933e+16 1.24236302e-06
2.65113473e+16 1.24179483e-06
2.65140014e+16 1.24122664e-06
2.65166555e+16 1.24065846e-06
2.65193096e+16 1.24009027e-06
2.65219637e+16 1.23952208e-06
2.65246178e+16 1.23895389e-06
2.65272719e+16 1.23838570e-06
2.65299259e+16 1.23781752e-06
2.65325800e+16 1.23724933e-06
2.65352341e+16 1.23668114e-06
2.65378882e+16 1.23611295e-06
2.65405423e+16 1.23554476e-06
2.65431964e+16 1.23497657e-06
2.65458505e+16 1.23440839e-06
2.65485045e+16 1.23384020e-06
2.65511586e+16 1.23327201e-06
2.65538127e+16 1.23270382e-06
2.65564668e+16 1.23213563e-06
2.65591209e+16 1.23156745e-06
2.65617750e+16 1.23099926e-06
2.65644290e+16 1.23043107e-06
2.65670831e+16 1.22986288e-06
2.65697372e+16 1.22929469e-06
2.65723913e+16 1.22872650e-06
2.65750454e+16 1.22815832e-06
2.65776995e+16 1.22759013e-06
2.65803536e+16 1.22702194e-06
2.65830076e+16 1.22645375e-06
2.65856617e+16 1.22588556e-06
2.65883158e+16 1.22531737e-06
2.65909699e+16 1.22474919e-06
2.65936240e+16 1.22418100e-06
2.65962781e+16 1.22361281e-06
2.65989322e+16 1.22304462e-06
2.66015862e+16 1.22247643e-06
2.66042403e+16 1.22190825e-06
2.66068944e+16 1.22134006e-06
2.66095485e+16 1.22077187e-06
2.66122026e+16 1.22020368e-06
2.66148567e+16 1.21963549e-06
2.66175108e+16 1.21906730e-06
2.66201648e+16 1.21849912e-06
2.66228189e+16 1.21793093e-06
2.66254730e+16 1.21736274e-06
2.66281271e+16 1.21679455e-06
2.66307812e+16 1.21622636e-06
2.66334353e+16 1.21565818e-06
2.66360893e+16 1.21508999e-06
2.66387434e+16 1.21452180e-06
2.66413975e+16 1.21395361e-06
2.66440516e+16 1.21338542e-06
2.66467057e+16 1.21281723e-06
2.66493598e+16 1.21224905e-06
2.66520139e+16 1.21168086e-06
2.66546679e+16 1.21111267e-06
2.66573220e+16 1.21054448e-06
2.66599761e+16 1.20997629e-06
2.66626302e+16 1.20940810e-06
2.66652843e+16 1.20883992e-06
2.66679384e+16 1.20827173e-06
2.66705925e+16 1.20770354e-06
2.66732465e+16 1.20713535e-06
2.66759006e+16 1.20656716e-06
2.66785547e+16 1.20599898e-06
2.66812088e+16 1.20543079e-06
2.66838629e+16 1.20486260e-06
2.66865170e+16 1.20429441e-06
2.66891710e+16 1.20372622e-06
2.66918251e+16 1.20315803e-06
2.66944792e+16 1.20258985e-06
2.66971333e+16 1.20202166e-06
2.66997874e+16 1.20145347e-06
2.67024415e+16 1.20088528e-06
2.67050956e+16 1.20031709e-06
2.67077496e+16 1.19974891e-06
2.67104037e+16 1.19918072e-06
2.67130578e+16 1.19861253e-06
2.67157119e+16 1.19804434e-06
2.67183660e+16 1.19747615e-06
2.67210201e+16 1.19690796e-06
2.67236742e+16 1.19633978e-06
2.67263282e+16 1.19577159e-06
2.67289823e+16 1.19520340e-06
2.67316364e+16 1.19463521e-06
2.67342905e+16 1.19406702e-06
2.67369446e+16 1.19349883e-06
2.67395987e+16 1.19293065e-06
2.67422527e+16 1.19236246e-06
2.67449068e+16 1.19179427e-06
2.67475609e+16 1.19122608e-06
2.67502150e+16 1.19065789e-06
2.67528691e+16 1.19008971e-06
2.67555232e+16 1.18952152e-06
2.67581773e+16 1.18895333e-06
2.67608313e+16 1.18838514e-06
2.67634854e+16 1.18781695e-06
2.67661395e+16 1.18724876e-06
2.67687936e+16 1.18668058e-06
2.67714477e+16 1.18611239e-06
2.67741018e+16 1.18554420e-06
2.67767559e+16 1.18497601e-06
2.67794099e+16 1.18440782e-06
2.67820640e+16 1.18383964e-06
2.67847181e+16 1.18327145e-06
2.67873722e+16 1.18270326e-06
2.67900263e+16 1.18213507e-06
2.67926804e+16 1.18156688e-06
2.67953344e+16 1.18099869e-06
2.67979885e+16 1.18043051e-06
2.68006426e+16 1.17986232e-06
2.68032967e+16 1.17929413e-06
2.68059508e+16 1.17872594e-06
2.68086049e+16 1.17815775e-06
2.68112590e+16 1.17758956e-06
2.68139130e+16 1.17702138e-06
2.68165671e+16 1.17645319e-06
2.68192212e+16 1.17588500e-06
2.68218753e+16 1.17531681e-06
2.68245294e+16 1.17474862e-06
2.68271835e+16 1.17418044e-06
2.68298376e+16 1.17361225e-06
2.68324916e+16 1.17304406e-06
2.68351457e+16 1.17247587e-06
2.68377998e+16 1.17190768e-06
2.68404539e+16 1.17133949e-06
2.68431080e+16 1.17077131e-06
2.68457621e+16 1.17020312e-06
2.68484161e+16 1.16963493e-06
2.68510702e+16 1.16906674e-06
2.68537243e+16 1.16849855e-06
2.68563784e+16 1.16793037e-06
2.68590325e+16 1.16736218e-06
2.68616866e+16 1.16679399e-06
2.68643407e+16 1.16622580e-06
2.68669947e+16 1.16565761e-06
2.68696488e+16 1.16508942e-06
2.68723029e+16 1.16452124e-06
2.68749570e+16 1.16395305e-06
2.68776111e+16 1.16338486e-06
2.68802652e+16 1.16281667e-06
2.68829193e+16 1.16224848e-06
2.68855733e+16 1.16168029e-06
2.68882274e+16 1.16111211e-06
2.68908815e+16 1.16054392e-06
2.68935356e+16 1.15997573e-06
2.68961897e+16 1.15940754e-06
2.68988438e+16 1.15883935e-06
2.69014978e+16 1.15827117e-06
2.69041519e+16 1.15770298e-06
2.69068060e+16 1.15713479e-06
2.69094601e+16 1.15656660e-06
2.69121142e+16 1.15599841e-06
2.69147683e+16 1.15543022e-06
2.69174224e+16 1.15486204e-06
2.69200764e+16 1.15429385e-06
2.69227305e+16 1.15372566e-06
2.69253846e+16 1.15315747e-06
2.69280387e+16 1.15258928e-06
2.69306928e+16 1.15202109e-06
2.69333469e+16 1.15145291e-06
2.69360010e+16 1.15088472e-06
2.69386550e+16 1.15031653e-06
2.69413091e+16 1.14974834e-06
2.69439632e+16 1.14918015e-06
2.69466173e+16 1.14861197e-06
2.69492714e+16 1.14804378e-06
2.69519255e+16 1.14747559e-06
2.69545796e+16 1.14690740e-06
2.69572336e+16 1.14633921e-06
2.69598877e+16 1.14577102e-06
2.69625418e+16 1.14520284e-06
2.69651959e+16 1.14463465e-06
2.69678500e+16 1.14406646e-06
2.69705041e+16 1.14349827e-06
2.69731581e+16 1.14293008e-06
2.69758122e+16 1.14236190e-06
2.69784663e+16 1.14179371e-06
2.69811204e+16 1.14122552e-06
2.69837745e+16 1.14065733e-06
2.69864286e+16 1.14008914e-06
2.69890827e+16 1.13952095e-06
2.69917367e+16 1.13895277e-06
2.69943908e+16 1.13838458e-06
2.69970449e+16 1.13781639e-06
2.69996990e+16 1.13724820e-06
2.70023531e+16 1.13668001e-06
2.70050072e+16 1.13611182e-06
2.70076613e+16 1.13554364e-06
2.70103153e+16 1.13497545e-06
2.70129694e+16 1.13440726e-06
2.70156235e+16 1.13383907e-06
2.70182776e+16 1.13327088e-06
2.70209317e+16 1.13270270e-06
2.70235858e+16 1.13213451e-06
2.70262398e+16 1.13156632e-06
2.70288939e+16 1.13099813e-06
2.70315480e+16 1.13042994e-06
2.70342021e+16 1.12986175e-06
2.70368562e+16 1.12929357e-06
2.70395103e+16 1.12872538e-06
2.70421644e+16 1.12815719e-06
2.70448184e+16 1.12758900e-06
2.70474725e+16 1.12702081e-06
2.70501266e+16 1.12645263e-06
2.70527807e+16 1.12588444e-06
2.70554348e+16 1.12531625e-06
2.70580889e+16 1.12474806e-06
2.70607430e+16 1.12417987e-06
2.70633970e+16 1.12361168e-06
2.70660511e+16 1.12304350e-06
2.70687052e+16 1.12247531e-06
2.70713593e+16 1.12190712e-06
2.70740134e+16 1.12133893e-06
2.70766675e+16 1.12077074e-06
2.70793215e+16 1.12020255e-06
2.70819756e+16 1.11963437e-06
2.70846297e+16 1.11906618e-06
2.70872838e+16 1.11849799e-06
2.70899379e+16 1.11792980e-06
2.70925920e+16 1.11736161e-06
2.70952461e+16 1.11679343e-06
2.70979001e+16 1.11622524e-06
2.71005542e+16 1.11565705e-06
2.71032083e+16 1.11508886e-06
2.71058624e+16 1.11452067e-06
2.71085165e+16 1.11395248e-06
2.71111706e+16 1.11338430e-06
2.71138247e+16 1.11281611e-06
2.71164787e+16 1.11224792e-06
2.71191328e+16 1.11167973e-06
2.71217869e+16 1.11111154e-06
2.71244410e+16 1.11054336e-06
2.71270951e+16 1.10997517e-06
2.71297492e+16 1.10940698e-06
2.71324032e+16 1.10883879e-06
2.71350573e+16 1.10827060e-06
2.71377114e+16 1.10770241e-06
2.71403655e+16 1.10713423e-06
2.71430196e+16 1.10656604e-06
2.71456737e+16 1.10599785e-06
2.71483278e+16 1.10542966e-06
2.71509818e+16 1.10486147e-06
2.71536359e+16 1.10429328e-06
2.71562900e+16 1.10372510e-06
2.71589441e+16 1.10315691e-06
2.71615982e+16 1.10258872e-06
2.71642523e+16 1.10202053e-06
2.71669064e+16 1.10145234e-06
2.71695604e+16 1.10088416e-06
2.71722145e+16 1.10031597e-06
2.71748686e+16 1.09974778e-06
2.71775227e+16 1.09917959e-06
2.71801768e+16 1.09861140e-06
2.71828309e+16 1.09804321e-06
2.71854849e+16 1.09747503e-06
2.71881390e+16 1.09690684e-06
2.71907931e+16 1.09633865e-06
2.71934472e+16 1.09577046e-06
2.71961013e+16 1.09520227e-06
2.71987554e+16 1.09463409e-06
2.72014095e+16 1.09406590e-06
2.72040635e+16 1.09349771e-06
2.72067176e+16 1.09292952e-06
2.72093717e+16 1.09236133e-06
2.72120258e+16 1.09179314e-06
2.72146799e+16 1.09122496e-06
2.72173340e+16 1.09065677e-06
2.72199881e+16 1.09008858e-06
2.72226421e+16 1.08952039e-06
2.72252962e+16 1.08895220e-06
2.72279503e+16 1.08838401e-06
2.72306044e+16 1.08781583e-06
2.72332585e+16 1.08724764e-06
2.72359126e+16 1.08667945e-06
2.72385667e+16 1.08611126e-06
2.72412207e+16 1.08554307e-06
2.72438748e+16 1.08497489e-06
2.72465289e+16 1.08440670e-06
2.72491830e+16 1.08383851e-06
2.72518371e+16 1.08327032e-06
2.72544912e+16 1.08270213e-06
2.72571452e+16 1.08213394e-06
2.72597993e+16 1.08156576e-06
2.72624534e+16 1.08099757e-06
2.72651075e+16 1.08042938e-06
2.72677616e+16 1.07986119e-06
2.72704157e+16 1.07929300e-06
2.72730698e+16 1.07872482e-06
2.72757238e+16 1.07815663e-06
2.72783779e+16 1.07758844e-06
2.72810320e+16 1.07702025e-06
2.72836861e+16 1.07645206e-06
2.72863402e+16 1.07588387e-06
2.72889943e+16 1.07531569e-06
2.72916484e+16 1.07474750e-06
2.72943024e+16 1.07417931e-06
2.72969565e+16 1.07361112e-06
2.72996106e+16 1.07304293e-06
2.73022647e+16 1.07247474e-06
2.73049188e+16 1.07190656e-06
2.73075729e+16 1.07133837e-06
2.73102269e+16 1.07077018e-06
2.73128810e+16 1.07020199e-06
2.73155351e+16 1.06963380e-06
2.73181892e+16 1.06906562e-06
2.73208433e+16 1.06849743e-06
2.73234974e+16 1.06792924e-06
2.73261515e+16 1.06736105e-06
2.73288055e+16 1.06679286e-06
2.73314596e+16 1.06622467e-06
2.73341137e+16 1.06565649e-06
2.73367678e+16 1.06508830e-06
2.73394219e+16 1.06452011e-06
2.73420760e+16 1.06395192e-06
2.73447301e+16 1.06338373e-06
2.73473841e+16 1.06281555e-06
2.73500382e+16 1.06224736e-06
2.73526923e+16 1.06167917e-06
2.73553464e+16 1.06111098e-06
2.73580005e+16 1.06054279e-06
2.73606546e+16 1.05997460e-06
2.73633086e+16 1.05940642e-06
2.73659627e+16 1.05883823e-06
2.73686168e+16 1.05827004e-06
2.73712709e+16 1.05770185e-06
2.73739250e+16 1.05713366e-06
2.73765791e+16 1.05656547e-06
2.73792332e+16 1.05599729e-06
2.73818872e+16 1.05542910e-06
2.73845413e+16 1.05486091e-06
2.73871954e+16 1.05429272e-06
2.73898495e+16 1.05372453e-06
2.73925036e+16 1.05318327e-06
2.73951577e+16 1.05282953e-06
2.73978118e+16 1.05247579e-06
2.74004658e+16 1.05212205e-06
2.74031199e+16 1.05176831e-06
2.74057740e+16 1.05141456e-06
2.74084281e+16 1.05106082e-06
2.74110822e+16 1.05070708e-06
2.74137363e+16 1.05035334e-06
2.74163903e+16 1.04999959e-06
2.74190444e+16 1.04964585e-06
2.74216985e+16 1.04929211e-06
2.74243526e+16 1.04893837e-06
2.74270067e+16 1.04858463e-06
2.74296608e+16 1.04823088e-06
2.74323149e+16 1.04787714e-06
2.74349689e+16 1.04752340e-06
2.74376230e+16 1.04716966e-06
2.74402771e+16 1.04681592e-06
2.74429312e+16 1.04646217e-06
2.74455853e+16 1.04610843e-06
2.74482394e+16 1.04575469e-06
2.74508935e+16 1.04540095e-06
2.74535475e+16 1.04504720e-06
2.74562016e+16 1.04469346e-06
2.74588557e+16 1.04433972e-06
2.74615098e+16 1.04398598e-06
2.74641639e+16 1.04363224e-06
2.74668180e+16 1.04327849e-06
2.74694720e+16 1.04292475e-06
2.74721261e+16 1.04257101e-06
2.74747802e+16 1.04221727e-06
2.74774343e+16 1.04186353e-06
2.74800884e+16 1.04150978e-06
2.74827425e+16 1.04115604e-06
2.74853966e+16 1.04080230e-06
2.74880506e+16 1.04044856e-06
2.74907047e+16 1.04009481e-06
2.74933588e+16 1.03974107e-06
2.74960129e+16 1.03938733e-06
2.74986670e+16 1.03903359e-06
2.75013211e+16 1.03867985e-06
2.75039752e+16 1.03832610e-06
2.75066292e+16 1.03797236e-06
2.75092833e+16 1.03761862e-06
2.75119374e+16 1.03726488e-06
2.75145915e+16 1.03691114e-06
2.75172456e+16 1.03655739e-06
2.75198997e+16 1.03620365e-06
2.75225538e+16 1.03584991e-06
2.75252078e+16 1.03549617e-06
2.75278619e+16 1.03514242e-06
2.75305160e+16 1.03478868e-06
2.75331701e+16 1.03443494e-06
2.75358242e+16 1.03408120e-06
2.75384783e+16 1.03372746e-06
2.75411323e+16 1.03337371e-06
2.75437864e+16 1.03301997e-06
2.75464405e+16 1.03266623e-06
2.75490946e+16 1.03231249e-06
2.75517487e+16 1.03195875e-06
2.75544028e+16 1.03160500e-06
2.75570569e+16 1.03125126e-06
2.75597109e+16 1.03089752e-06
2.75623650e+16 1.03054378e-06
2.75650191e+16 1.03019003e-06
2.75676732e+16 1.02983629e-06
2.75703273e+16 1.02948255e-06
2.75729814e+16 1.02912881e-06
2.75756355e+16 1.02877507e-06
2.75782895e+16 1.02842132e-06
2.75809436e+16 1.02806758e-06
2.75835977e+16 1.02771384e-06
2.75862518e+16 1.02736010e-06
2.75889059e+16 1.02700636e-06
2.75915600e+16 1.02665261e-06
2.75942140e+16 1.02629887e-06
2.75968681e+16 1.02594513e-06
2.75995222e+16 1.02559139e-06
2.76021763e+16 1.02523764e-06
2.76048304e+16 1.02488390e-06
2.76074845e+16 1.02453016e-06
2.76101386e+16 1.02417642e-06
2.76127926e+16 1.02382268e-06
2.76154467e+16 1.02346893e-06
2.76181008e+16 1.02311519e-06
2.76207549e+16 1.02276145e-06
2.76234090e+16 1.02240771e-06
2.76260631e+16 1.02205397e-06
2.76287172e+16 1.02170022e-06
2.76313712e+16 1.02134648e-06
2.76340253e+16 1.02099274e-06
2.76366794e+16 1.02063900e-06
2.76393335e+16 1.02028525e-06
2.76419876e+16 1.01993151e-06
2.76446417e+16 1.01957777e-06
2.76472957e+16 1.01922403e-06
2.76499498e+16 1.01887029e-06
2.76526039e+16 1.01851654e-06
2.76552580e+16 1.01816280e-06
2.76579121e+16 1.01780906e-06
2.76605662e+16 1.01745532e-06
2.76632203e+16 1.01710157e-06
2.76658743e+16 1.01674783e-06
2.76685284e+16 1.01639409e-06
2.76711825e+16 1.01604035e-06
2.76738366e+16 1.01568661e-06
2.76764907e+16 1.01533286e-06
2.76791448e+16 1.01497912e-06
2.76817989e+16 1.01462538e-06
2.76844529e+16 1.01427164e-06
2.76871070e+16 1.01391790e-06
2.76897611e+16 1.01356415e-06
2.76924152e+16 1.01321041e-06
2.76950693e+16 1.01285667e-06
2.76977234e+16 1.01250293e-06
2.77003774e+16 1.01214918e-06
2.77030315e+16 1.01179544e-06
2.77056856e+16 1.01144170e-06
2.77083397e+16 1.01108796e-06
2.77109938e+16 1.01073422e-06
2.77136479e+16 1.01038047e-06
2.77163020e+16 1.01002673e-06
2.77189560e+16 1.00967299e-06
2.77216101e+16 1.00931925e-06
2.77242642e+16 1.00896551e-06
2.77269183e+16 1.00861176e-06
2.77295724e+16 1.00825802e-06
2.77322265e+16 1.00790428e-06
2.77348806e+16 1.00755054e-06
2.77375346e+16 1.00719679e-06
2.77401887e+16 1.00684305e-06
2.77428428e+16 1.00648931e-06
2.77454969e+16 1.00613557e-06
2.77481510e+16 1.00578183e-06
2.77508051e+16 1.00542808e-06
2.77534591e+16 1.00507434e-06
2.77561132e+16 1.00472060e-06
2.77587673e+16 1.00436686e-06
2.77614214e+16 1.00401312e-06
2.77640755e+16 1.00365937e-06
2.77667296e+16 1.00330563e-06
2.77693837e+16 1.00295189e-06
2.77720377e+16 1.00259815e-06
2.77746918e+16 1.00224440e-06
2.77773459e+16 1.00189066e-06
2.77800000e+16 1.00153692e-06
2.77826541e+16 1.00118318e-06
2.77853082e+16 1.00082944e-06
2.77879623e+16 1.00047569e-06
2.77906163e+16 1.00012195e-06
2.77932704e+16 9.99768210e-07
2.77959245e+16 9.99414467e-07
2.77985786e+16 9.99060725e-07
2.78012327e+16 9.98706983e-07
2.78038868e+16 9.98353241e-07
2.78065409e+16 9.97999499e-07
2.78091949e+16 9.97645757e-07
2.78118490e+16 9.97292014e-07
2.78145031e+16 9.96938272e-07
2.78171572e+16 9.96584530e-07
2.78198113e+16 9.96230788e-07
2.78224654e+16 9.95877046e-07
2.78251194e+16 9.95523304e-07
2.78277735e+16 9.95169562e-07
2.78304276e+16 9.94815819e-07
2.78330817e+16 9.94462077e-07
2.78357358e+16 9.94108335e-07
2.78383899e+16 9.93754593e-07
2.78410440e+16 9.93400851e-07
2.78436980e+16 9.93047109e-07
2.78463521e+16 9.92693367e-07
2.78490062e+16 9.92339624e-07
2.78516603e+16 9.91985882e-07
2.78543144e+16 9.91632140e-07
2.78569685e+16 9.91278398e-07
2.78596226e+16 9.90924656e-07
2.78622766e+16 9.90570914e-07
2.78649307e+16 9.90217171e-07
2.78675848e+16 9.89863429e-07
2.78702389e+16 9.89509687e-07
2.78728930e+16 9.89155945e-07
2.78755471e+16 9.88802203e-07
2.78782011e+16 9.88448461e-07
2.78808552e+16 9.88094719e-07
2.78835093e+16 9.87740976e-07
2.78861634e+16 9.87387234e-07
2.78888175e+16 9.87033492e-07
2.78914716e+16 9.86679750e-07
2.78941257e+16 9.86326008e-07
2.78967797e+16 9.85972266e-07
2.78994338e+16 9.85618524e-07
2.79020879e+16 9.85264781e-07
2.79047420e+16 9.84911039e-07
2.79073961e+16 9.84557297e-07
2.79100502e+16 9.84203555e-07
2.79127043e+16 9.83849813e-07
2.79153583e+16 9.83496071e-07
2.79180124e+16 9.83142328e-07
2.79206665e+16 9.82788586e-07
2.79233206e+16 9.82434844e-07
2.79259747e+16 9.82081102e-07
2.79286288e+16 9.81727360e-07
2.79312828e+16 9.81373618e-07
2.79339369e+16 9.81019876e-07
2.79365910e+16 9.80666133e-07
2.79392451e+16 9.80312391e-07
2.79418992e+16 9.79958649e-07
2.79445533e+16 9.79604907e-07
2.79472074e+16 9.79251165e-07
2.79498614e+16 9.78897423e-07
2.79525155e+16 9.78543680e-07
2.79551696e+16 9.78189938e-07
2.79578237e+16 9.77836196e-07
2.79604778e+16 9.77482454e-07
2.79631319e+16 9.77128712e-07
2.79657860e+16 9.76774970e-07
2.79684400e+16 9.76421228e-07
2.79710941e+16 9.76067485e-07
2.79737482e+16 9.75713743e-07
2.79764023e+16 9.75360001e-07
2.79790564e+16 9.75006259e-07
2.79817105e+16 9.74652517e-07
2.79843645e+16 9.74298775e-07
2.79870186e+16 9.73945033e-07
2.79896727e+16 9.73591290e-07
2.79923268e+16 9.73237548e-07
2.79949809e+16 9.72883806e-07
2.79976350e+16 9.72530064e-07
2.80002891e+16 9.72176322e-07
2.80029431e+16 9.71822580e-07
2.80055972e+16 9.71468837e-07
2.80082513e+16 9.71115095e-07
2.80109054e+16 9.70761353e-07
2.80135595e+16 9.70407611e-07
2.80162136e+16 9.70053869e-07
2.80188677e+16 9.69700127e-07
2.80215217e+16 9.69346385e-07
2.80241758e+16 9.68992642e-07
2.80268299e+16 9.68638900e-07
2.80294840e+16 9.68285158e-07
2.80321381e+16 9.67931416e-07
2.80347922e+16 9.67577674e-07
2.80374462e+16 9.67223932e-07
2.80401003e+16 9.66870190e-07
2.80427544e+16 9.66516447e-07
2.80454085e+16 9.66162705e-07
2.80480626e+16 9.65808963e-07
2.80507167e+16 9.65455221e-07
2.80533708e+16 9.65101479e-07
2.80560248e+16 9.64747737e-07
2.80586789e+16 9.64393994e-07
2.80613330e+16 9.64040252e-07
2.80639871e+16 9.63686510e-07
2.80666412e+16 9.63332768e-07
2.80692953e+16 9.62979026e-07
2.80719494e+16 9.62625284e-07
2.80746034e+16 9.62271542e-07
2.80772575e+16 9.61917799e-07
2.80799116e+16 9.61564057e-07
2.80825657e+16 9.61210315e-07
2.80852198e+16 9.60856573e-07
2.80878739e+16 9.60502831e-07
2.80905280e+16 9.60149089e-07
2.80931820e+16 9.59795347e-07
2.80958361e+16 9.59441604e-07
2.80984902e+16 9.59087862e-07
2.81011443e+16 9.58734120e-07
2.81037984e+16 9.58380378e-07
2.81064525e+16 9.58026636e-07
2.81091065e+16 9.57672894e-07
2.81117606e+16 9.57319151e-07
2.81144147e+16 9.56965409e-07
2.81170688e+16 9.56611667e-07
2.81197229e+16 9.56257925e-07
2.81223770e+16 9.55904183e-07
2.81250311e+16 9.55550441e-07
2.81276851e+16 9.55196699e-07
2.81303392e+16 9.54842956e-07
2.81329933e+16 9.54489214e-07
2.81356474e+16 9.54135472e-07
2.81383015e+16 9.53781730e-07
2.81409556e+16 9.53427988e-07
2.81436097e+16 9.53074246e-07
2.81462637e+16 9.52720503e-07
2.81489178e+16 9.52366761e-07
2.81515719e+16 9.52013019e-07
2.81542260e+16 9.51659277e-07
2.81568801e+16 9.51305535e-07
2.81595342e+16 9.50951793e-07
2.81621882e+16 9.50598051e-07
2.81648423e+16 9.50244308e-07
2.81674964e+16 9.49890566e-07
2.81701505e+16 9.49536824e-07
2.81728046e+16 9.49183082e-07
2.81754587e+16 9.48829340e-07
2.81781128e+16 9.48475598e-07
2.81807668e+16 9.48121856e-07
2.81834209e+16 9.47768113e-07
2.81860750e+16 9.47414371e-07
2.81887291e+16 9.47060629e-07
2.81913832e+16 9.46706887e-07
2.81940373e+16 9.46353145e-07
2.81966914e+16 9.45999403e-07
2.81993454e+16 9.45645660e-07
2.82019995e+16 9.45291918e-07
2.82046536e+16 9.44938176e-07
2.82073077e+16 9.44584434e-07
2.82099618e+16 9.44230692e-07
2.82126159e+16 9.43876950e-07
2.82152699e+16 9.43523208e-07
2.82179240e+16 9.43169465e-07
2.82205781e+16 9.42815723e-07
2.82232322e+16 9.42461981e-07
2.82258863e+16 9.42108239e-07
2.82285404e+16 9.41754497e-07
2.82311945e+16 9.41400755e-07
2.82338485e+16 9.41047013e-07
2.82365026e+16 9.40693270e-07
2.82391567e+16 9.40339528e-07
2.82418108e+16 9.39985786e-07
2.82444649e+16 9.39632044e-07
2.82471190e+16 9.39278302e-07
2.82497731e+16 9.38924560e-07
2.82524271e+16 9.38570817e-07
2.82550812e+16 9.38217075e-07
2.82577353e+16 9.37863333e-07
2.82603894e+16 9.37509591e-07
2.82630435e+16 9.37155849e-07
2.82656976e+16 9.36802107e-07
2.82683516e+16 9.36448365e-07
2.82710057e+16 9.36094622e-07
2.82736598e+16 9.35740880e-07
2.82763139e+16 9.35387138e-07
2.82789680e+16 9.35033396e-07
2.82816221e+16 9.34679654e-07
2.82842762e+16 9.34325912e-07
2.82869302e+16 9.33972169e-07
2.82895843e+16 9.33618427e-07
2.82922384e+16 9.33264685e-07
2.82948925e+16 9.32910943e-07
2.82975466e+16 9.32557201e-07
2.83002007e+16 9.32203459e-07
2.83028548e+16 9.31849717e-07
2.83055088e+16 9.31495974e-07
2.83081629e+16 9.31142232e-07
2.83108170e+16 9.30788490e-07
2.83134711e+16 9.30434748e-07
2.83161252e+16 9.30081006e-07
2.83187793e+16 9.29727264e-07
2.83214333e+16 9.29373522e-07
2.83240874e+16 9.29019779e-07
2.83267415e+16 9.28666037e-07
2.83293956e+16 9.28312295e-07
2.83320497e+16 9.27958553e-07
2.83347038e+16 9.27604811e-07
2.83373579e+16 9.27251069e-07
2.83400119e+16 9.26897326e-07
2.83426660e+16 9.26543584e-07
2.83453201e+16 9.26189842e-07
2.83479742e+16 9.25836100e-07
2.83506283e+16 9.25482358e-07
2.83532824e+16 9.25128616e-07
2.83559365e+16 9.24774874e-07
2.83585905e+16 9.24421131e-07
2.83612446e+16 9.24067389e-07
2.83638987e+16 9.23713647e-07
2.83665528e+16 9.23359905e-07
2.83692069e+16 9.23006163e-07
2.83718610e+16 9.22652421e-07
2.83745151e+16 9.22298679e-07
2.83771691e+16 9.21944936e-07
2.83798232e+16 9.21591194e-07
2.83824773e+16 9.21237452e-07
2.83851314e+16 9.20883710e-07
2.83877855e+16 9.20529968e-07
2.83904396e+16 9.20176226e-07
2.83930936e+16 9.19822483e-07
2.83957477e+16 9.19468741e-07
2.83984018e+16 9.19114999e-07
2.84010559e+16 9.18761257e-07
2.84037100e+16 9.18407515e-07
2.84063641e+16 9.18053773e-07
2.84090182e+16 9.17700031e-07
2.84116722e+16 9.17346288e-07
2.84143263e+16 9.16992546e-07
2.84169804e+16 9.16638804e-07
2.84196345e+16 9.16285062e-07
2.84222886e+16 9.15931320e-07
2.84249427e+16 9.15577578e-07
2.84275968e+16 9.15223835e-07
2.84302508e+16 9.14870093e-07
2.84329049e+16 9.14516351e-07
2.84355590e+16 9.14162609e-07
2.84382131e+16 9.13808867e-07
2.84408672e+16 9.13455125e-07
2.84435213e+16 9.13101383e-07
2.84461753e+16 9.12747640e-07
2.84488294e+16 9.12393898e-07
2.84514835e+16 9.12040156e-07
2.84541376e+16 9.11686414e-07
2.84567917e+16 9.11332672e-07
2.84594458e+16 9.10978930e-07
2.84620999e+16 9.10625188e-07
2.84647539e+16 9.10271445e-07
2.84674080e+16 9.09917703e-07
2.84700621e+16 9.09563961e-07
2.84727162e+16 9.09210219e-07
2.84753703e+16 9.08856477e-07
2.84780244e+16 9.08502735e-07
2.84806785e+16 9.08148992e-07
2.84833325e+16 9.07795250e-07
2.84859866e+16 9.07441508e-07
2.84886407e+16 9.07087766e-07
2.84912948e+16 9.06734024e-07
2.84939489e+16 9.06380282e-07
2.84966030e+16 9.06026540e-07
2.84992570e+16 9.05672797e-07
2.85019111e+16 9.05319055e-07
2.85045652e+16 9.04965313e-07
2.85072193e+16 9.04611571e-07
2.85098734e+16 9.04257829e-07
2.85125275e+16 9.03904087e-07
2.85151816e+16 9.03550345e-07
2.85178356e+16 9.03196602e-07
2.85204897e+16 9.02842860e-07
2.85231438e+16 9.02489118e-07
2.85257979e+16 9.02135376e-07
2.85284520e+16 9.01781634e-07
2.85311061e+16 9.01427892e-07
2.85337602e+16 9.01074149e-07
2.85364142e+16 9.00720407e-07
2.85390683e+16 9.00366665e-07
2.85417224e+16 9.00012923e-07
2.85443765e+16 8.99659181e-07
2.85470306e+16 8.99305439e-07
2.85496847e+16 8.98951697e-07
2.85523387e+16 8.98597954e-07
2.85549928e+16 8.98244212e-07
2.85576469e+16 8.97890470e-07
2.85603010e+16 8.97536728e-07
2.85629551e+16 8.97182986e-07
2.85656092e+16 8.96829244e-07
2.85682633e+16 8.96475501e-07
2.85709173e+16 8.96121759e-07
2.85735714e+16 8.95768017e-07
2.85762255e+16 8.95414275e-07
2.85788796e+16 8.95060533e-07
2.85815337e+16 8.94706791e-07
2.85841878e+16 8.94353049e-07
2.85868419e+16 8.93999306e-07
2.85894959e+16 8.93645564e-07
2.85921500e+16 8.93291822e-07
2.85948041e+16 8.92938080e-07
2.85974582e+16 8.92584338e-07
2.86001123e+16 8.92230596e-07
2.86027664e+16 8.91876854e-07
2.86054204e+16 8.91523111e-07
2.86080745e+16 8.91169369e-07
2.86107286e+16 8.90815627e-07
2.86133827e+16 8.90461885e-07
2.86160368e+16 8.90108143e-07
2.86186909e+16 8.89754401e-07
2.86213450e+16 8.89400658e-07
2.86239990e+16 8.89046916e-07
2.86266531e+16 8.88693174e-07
2.86293072e+16 8.88339432e-07
2.86319613e+16 8.87985690e-07
2.86346154e+16 8.87631948e-07
2.86372695e+16 8.87278206e-07
2.86399236e+16 8.86924463e-07
2.86425776e+16 8.86570721e-07
2.86452317e+16 8.86216979e-07
2.86478858e+16 8.85863237e-07
2.86505399e+16 8.85509495e-07
2.86531940e+16 8.85155753e-07
2.86558481e+16 8.84802011e-07
2.86585022e+16 8.84448268e-07
2.86611562e+16 8.84094526e-07
2.86638103e+16 8.83740784e-07
2.86664644e+16 8.83387042e-07
2.86691185e+16 8.83033300e-07
2.86717726e+16 8.82679558e-07
2.86744267e+16 8.82325815e-07
2.86770807e+16 8.81972073e-07
2.86797348e+16 8.81618331e-07
2.86823889e+16 8.81264589e-07
2.86850430e+16 8.80910847e-07
2.86876971e+16 8.80557105e-07
2.86903512e+16 8.80203363e-07
2.86930053e+16 8.79849620e-07
2.86956593e+16 8.79495878e-07
2.86983134e+16 8.79142136e-07
2.87009675e+16 8.78788394e-07
2.87036216e+16 8.78434652e-07
2.87062757e+16 8.78080910e-07
2.87089298e+16 8.77727167e-07
2.87115839e+16 8.77373425e-07
2.87142379e+16 8.77019683e-07
2.87168920e+16 8.76665941e-07
2.87195461e+16 8.76312199e-07
2.87222002e+16 8.75958457e-07
2.87248543e+16 8.75604715e-07
2.87275084e+16 8.75250972e-07
2.87301624e+16 8.74897230e-07
2.87328165e+16 8.74543488e-07
2.87354706e+16 8.74189746e-07
2.87381247e+16 8.73836004e-07
2.87407788e+16 8.73482262e-07
2.87434329e+16 8.73128520e-07
2.87460870e+16 8.72774777e-07
2.87487410e+16 8.72421035e-07
2.87513951e+16 8.72067293e-07
2.87540492e+16 8.71713551e-07
2.87567033e+16 8.71359809e-07
2.87593574e+16 8.71006067e-07
2.87620115e+16 8.70652324e-07
2.87646656e+16 8.70298582e-07
2.87673196e+16 8.69944840e-07
2.87699737e+16 8.69591098e-07
2.87726278e+16 8.69237356e-07
2.87752819e+16 8.68883614e-07
2.87779360e+16 8.68529872e-07
2.87805901e+16 8.68176129e-07
2.87832441e+16 8.67822387e-07
2.87858982e+16 8.67468645e-07
2.87885523e+16 8.67114903e-07
2.87912064e+16 8.66761161e-07
2.87938605e+16 8.66407419e-07
2.87965146e+16 8.66053677e-07
2.87991687e+16 8.65699934e-07
2.88018227e+16 8.65346192e-07
2.88044768e+16 8.64992450e-07
2.88071309e+16 8.64638708e-07
2.88097850e+16 8.64284966e-07
2.88124391e+16 8.63931224e-07
2.88150932e+16 8.63577481e-07
2.88177473e+16 8.63223739e-07
2.88204013e+16 8.62869997e-07
2.88230554e+16 8.62516255e-07
2.88257095e+16 8.62162513e-07
2.88283636e+16 8.61808771e-07
2.88310177e+16 8.61455029e-07
2.88336718e+16 8.61101286e-07
2.88363258e+16 8.60747544e-07
2.88389799e+16 8.60393802e-07
2.88416340e+16 8.60040060e-07
2.88442881e+16 8.59686318e-07
2.88469422e+16 8.59332576e-07
2.88495963e+16 8.58978833e-07
2.88522504e+16 8.58625091e-07
2.88549044e+16 8.58271349e-07
2.88575585e+16 8.57917607e-07
2.88602126e+16 8.57563865e-07
2.88628667e+16 8.57210123e-07
2.88655208e+16 8.56856381e-07
2.88681749e+16 8.56502638e-07
2.88708290e+16 8.56148896e-07
2.88734830e+16 8.55795154e-07
2.88761371e+16 8.55441412e-07
2.88787912e+16 8.55087670e-07
2.88814453e+16 8.54733928e-07
2.88840994e+16 8.54380186e-07
2.88867535e+16 8.54026443e-07
2.88894075e+16 8.53672701e-07
2.88920616e+16 8.53318959e-07
2.88947157e+16 8.52965217e-07
2.88973698e+16 8.52611475e-07
2.89000239e+16 8.52257733e-07
2.89026780e+16 8.51903990e-07
2.89053321e+16 8.51550248e-07
2.89079861e+16 8.51196506e-07
2.89106402e+16 8.50842764e-07
2.89132943e+16 8.50489022e-07
2.89159484e+16 8.50135280e-07
2.89186025e+16 8.49781538e-07
2.89212566e+16 8.49427795e-07
2.89239107e+16 8.49074053e-07
2.89265647e+16 8.48720311e-07
2.89292188e+16 8.48366569e-07
2.89318729e+16 8.48012827e-07
2.89345270e+16 8.47659085e-07
2.89371811e+16 8.47305343e-07
2.89398352e+16 8.46951600e-07
2.89424892e+16 8.46597858e-07
2.89451433e+16 8.46244116e-07
2.89477974e+16 8.45890374e-07
2.89504515e+16 8.45536632e-07
2.89531056e+16 8.45182890e-07
2.89557597e+16 8.44829147e-07
2.89584138e+16 8.44475405e-07
2.89610678e+16 8.44121663e-07
2.89637219e+16 8.43767921e-07
2.89663760e+16 8.43414179e-07
2.89690301e+16 8.43060437e-07
2.89716842e+16 8.42706695e-07
2.89743383e+16 8.42352952e-07
2.89769924e+16 8.41999210e-07
2.89796464e+16 8.41645468e-07
2.89823005e+16 8.41291726e-07
2.89849546e+16 8.40937984e-07
2.89876087e+16 8.40584242e-07
2.89902628e+16 8.40230500e-07
2.89929169e+16 8.39876757e-07
2.89955710e+16 8.39523015e-07
2.89982250e+16 8.39169273e-07
2.90008791e+16 8.38815531e-07
2.90035332e+16 8.38461789e-07
2.90061873e+16 8.38108047e-07
2.90088414e+16 8.37754304e-07
2.90114955e+16 8.37400562e-07
2.90141495e+16 8.37046820e-07
2.90168036e+16 8.36693078e-07
2.90194577e+16 8.36339336e-07
2.90221118e+16 8.35985594e-07
2.90247659e+16 8.35631852e-07
2.90274200e+16 8.35278109e-07
2.90300741e+16 8.34924367e-07
2.90327281e+16 8.34570625e-07
2.90353822e+16 8.34216883e-07
2.90380363e+16 8.33863141e-07
2.90406904e+16 8.33509399e-07
2.90433445e+16 8.33155656e-07
2.90459986e+16 8.32801914e-07
2.90486527e+16 8.32448172e-07
2.90513067e+16 8.32094430e-07
2.90539608e+16 8.31740688e-07
2.90566149e+16 8.31386946e-07
2.90592690e+16 8.31033204e-07
2.90619231e+16 8.30679461e-07
2.90645772e+16 8.30325719e-07
2.90672312e+16 8.29971977e-07
2.90698853e+16 8.29618235e-07
2.90725394e+16 8.29264493e-07
2.90751935e+16 8.28910751e-07
2.90778476e+16 8.28557009e-07
2.90805017e+16 8.28203266e-07
2.90831558e+16 8.27849524e-07
2.90858098e+16 8.27495782e-07
2.90884639e+16 8.27142040e-07
2.90911180e+16 8.26788298e-07
2.90937721e+16 8.26434556e-07
2.90964262e+16 8.26080813e-07
2.90990803e+16 8.25727071e-07
2.91017344e+16 8.25373329e-07
2.91043884e+16 8.25019587e-07
2.91070425e+16 8.24665845e-07
2.91096966e+16 8.24312103e-07
2.91123507e+16 8.23958361e-07
2.91150048e+16 8.23604618e-07
2.91176589e+16 8.23250876e-07
2.91203129e+16 8.22897134e-07
2.91229670e+16 8.22543392e-07
2.91256211e+16 8.22189650e-07
2.91282752e+16 8.21835908e-07
2.91309293e+16 8.21482166e-07
2.91335834e+16 8.21128423e-07
2.91362375e+16 8.20774681e-07
2.91388915e+16 8.20420939e-07
2.91415456e+16 8.20067197e-07
2.91441997e+16 8.19713455e-07
2.91468538e+16 8.19359713e-07
2.91495079e+16 8.19005970e-07
2.91521620e+16 8.18652228e-07
2.91548161e+16 8.18298486e-07
2.91574701e+16 8.17944744e-07
2.91601242e+16 8.17591002e-07
2.91627783e+16 8.17237260e-07
2.91654324e+16 8.16883518e-07
2.91680865e+16 8.16529775e-07
2.91707406e+16 8.16176033e-07
2.91733946e+16 8.15822291e-07
2.91760487e+16 8.15468549e-07
2.91787028e+16 8.15114807e-07
2.91813569e+16 8.14761065e-07
2.91840110e+16 8.14407322e-07
2.91866651e+16 8.14053580e-07
2.91893192e+16 8.13699838e-07
2.91919732e+16 8.13346096e-07
2.91946273e+16 8.12992354e-07
2.91972814e+16 8.12638612e-07
2.91999355e+16 8.12284870e-07
2.92025896e+16 8.11931127e-07
2.92052437e+16 8.11577385e-07
2.92078978e+16 8.11223643e-07
2.92105518e+16 8.10869901e-07
2.92132059e+16 8.10516159e-07
2.92158600e+16 8.10162417e-07
2.92185141e+16 8.09808675e-07
2.92211682e+16 8.09454932e-07
2.92238223e+16 8.09101190e-07
2.92264763e+16 8.08747448e-07
2.92291304e+16 8.08393706e-07
2.92317845e+16 8.08039964e-07
2.92344386e+16 8.07686222e-07
2.92370927e+16 8.07332479e-07
2.92397468e+16 8.06978737e-07
2.92424009e+16 8.06624995e-07
2.92450549e+16 8.06271253e-07
2.92477090e+16 8.05917511e-07
2.92503631e+16 8.05563769e-07
2.92530172e+16 8.05210027e-07
2.92556713e+16 8.04856284e-07
2.92583254e+16 8.04502542e-07
2.92609795e+16 8.04148800e-07
2.92636335e+16 8.03795058e-07
2.92662876e+16 8.03441316e-07
2.92689417e+16 8.03087574e-07
2.92715958e+16 8.02733832e-07
2.92742499e+16 8.02380089e-07
2.92769040e+16 8.02026347e-07
2.92795581e+16 8.01672605e-07
2.92822121e+16 8.01318863e-07
2.92848662e+16 8.00965121e-07
2.92875203e+16 8.00611379e-07
2.92901744e+16 8.00257636e-07
2.92928285e+16 7.99903894e-07
2.92954826e+16 7.99550152e-07
2.92981366e+16 7.99196410e-07
2.93007907e+16 7.98842668e-07
2.93034448e+16 7.98488926e-07
2.93060989e+16 7.98135184e-07
2.93087530e+16 7.97781441e-07
2.93114071e+16 7.97427699e-07
2.93140612e+16 7.97073957e-07
2.93167152e+16 7.96720215e-07
2.93193693e+16 7.96366473e-07
2.93220234e+16 7.96012731e-07
2.93246775e+16 7.95658988e-07
2.93273316e+16 7.95305246e-07
2.93299857e+16 7.94951504e-07
2.93326398e+16 7.94597762e-07
2.93352938e+16 7.94244020e-07
2.93379479e+16 7.93890278e-07
2.93406020e+16 7.93536536e-07
2.93432561e+16 7.93182793e-07
2.93459102e+16 7.92829051e-07
2.93485643e+16 7.92475309e-07
2.93512183e+16 7.92121567e-07
2.93538724e+16 7.91767825e-07
2.93565265e+16 7.91414083e-07
2.93591806e+16 7.91060341e-07
2.93618347e+16 7.90706598e-07
2.93644888e+16 7.90352856e-07
2.93671429e+16 7.89999114e-07
2.93697969e+16 7.89645372e-07
2.93724510e+16 7.89291630e-07
2.93751051e+16 7.88937888e-07
2.93777592e+16 7.88584145e-07
2.93804133e+16 7.88230403e-07
2.93830674e+16 7.87876661e-07
2.93857215e+16 7.87522919e-07
2.93883755e+16 7.87169177e-07
2.93910296e+16 7.86815435e-07
2.93936837e+16 7.86461693e-07
2.93963378e+16 7.86107950e-07
2.93989919e+16 7.85754208e-07
2.94016460e+16 7.85400466e-07
2.94043000e+16 7.85046724e-07
2.94069541e+16 7.84692982e-07
2.94096082e+16 7.84339240e-07
2.94122623e+16 7.83985498e-07
2.94149164e+16 7.83631755e-07
2.94175705e+16 7.83278013e-07
2.94202246e+16 7.82924271e-07
2.94228786e+16 7.82570529e-07
2.94255327e+16 7.82216787e-07
2.94281868e+16 7.81863045e-07
2.94308409e+16 7.81509302e-07
2.94334950e+16 7.81155560e-07
2.94361491e+16 7.80801818e-07
2.94388032e+16 7.80448076e-07
2.94414572e+16 7.80094334e-07
2.94441113e+16 7.79740592e-07
2.94467654e+16 7.79386850e-07
2.94494195e+16 7.79033107e-07
2.94520736e+16 7.78679365e-07
2.94547277e+16 7.78325623e-07
2.94573817e+16 7.77971881e-07
2.94600358e+16 7.77618139e-07
2.94626899e+16 7.77264397e-07
2.94653440e+16 7.76910654e-07
2.94679981e+16 7.76556912e-07
2.94706522e+16 7.76203170e-07
2.94733063e+16 7.75849428e-07
2.94759603e+16 7.75495686e-07
2.94786144e+16 7.75141944e-07
2.94812685e+16 7.74788202e-07
2.94839226e+16 7.74434459e-07
2.94865767e+16 7.74080717e-07
2.94892308e+16 7.73726975e-07
2.94918849e+16 7.73373233e-07
2.94945389e+16 7.73019491e-07
2.94971930e+16 7.72665749e-07
2.94998471e+16 7.72312007e-07
2.95025012e+16 7.71958264e-07
2.95051553e+16 7.71604522e-07
2.95078094e+16 7.71250780e-07
2.95104634e+16 7.70897038e-07
2.95131175e+16 7.70543296e-07
2.95157716e+16 7.70189554e-07
2.95184257e+16 7.69835811e-07
2.95210798e+16 7.69482069e-07
2.95237339e+16 7.69128327e-07
2.95263880e+16 7.68774585e-07
2.95290420e+16 7.68420843e-07
2.95316961e+16 7.68067101e-07
2.95343502e+16 7.67713359e-07
2.95370043e+16 7.67359616e-07
2.95396584e+16 7.67005874e-07
2.95423125e+16 7.66652132e-07
2.95449666e+16 7.66298390e-07
2.95476206e+16 7.65944648e-07
2.95502747e+16 7.65590906e-07
2.95529288e+16 7.65237164e-07
2.95555829e+16 7.64883421e-07
2.95582370e+16 7.64529679e-07
2.95608911e+16 7.64175937e-07
2.95635452e+16 7.63822195e-07
2.95661992e+16 7.63468453e-07
2.95688533e+16 7.63114711e-07
2.95715074e+16 7.62760968e-07
2.95741615e+16 7.62407226e-07
2.95768156e+16 7.62053484e-07
2.95794697e+16 7.61699742e-07
2.95821237e+16 7.61346000e-07
2.95847778e+16 7.60992258e-07
2.95874319e+16 7.60638516e-07
2.95900860e+16 7.60284773e-07
2.95927401e+16 7.59931031e-07
2.95953942e+16 7.59577289e-07
2.95980483e+16 7.59223547e-07
2.96007023e+16 7.58869805e-07
2.96033564e+16 7.58516063e-07
2.96060105e+16 7.58162320e-07
2.96086646e+16 7.57808578e-07
2.96113187e+16 7.57454836e-07
2.96139728e+16 7.57101094e-07
2.96166269e+16 7.56747352e-07
2.96192809e+16 7.56393610e-07
2.96219350e+16 7.56039868e-07
2.96245891e+16 7.55686125e-07
2.96272432e+16 7.55332383e-07
2.96298973e+16 7.54978641e-07
2.96325514e+16 7.54624899e-07
2.96352054e+16 7.54271157e-07
2.96378595e+16 7.53917415e-07
2.96405136e+16 7.53563673e-07
2.96431677e+16 7.53209930e-07
2.96458218e+16 7.52856188e-07
2.96484759e+16 7.52502446e-07
2.96511300e+16 7.52148704e-07
2.96537840e+16 7.51794962e-07
2.96564381e+16 7.51441220e-07
2.96590922e+16 7.51087477e-07
2.96617463e+16 7.50733735e-07
2.96644004e+16 7.50379993e-07
2.96670545e+16 7.50026251e-07
2.96697086e+16 7.49672509e-07
2.96723626e+16 7.49318767e-07
2.96750167e+16 7.48965025e-07
2.96776708e+16 7.48611282e-07
2.96803249e+16 7.48257540e-07
2.96829790e+16 7.47903798e-07
2.96856331e+16 7.47550056e-07
2.96882871e+16 7.47196314e-07
2.96909412e+16 7.46842572e-07
2.96935953e+16 7.46488830e-07
2.96962494e+16 7.46135087e-07
2.96989035e+16 7.45781345e-07
2.97015576e+16 7.45427603e-07
2.97042117e+16 7.45073861e-07
2.97068657e+16 7.44720119e-07
2.97095198e+16 7.44366377e-07
2.97121739e+16 7.44012634e-07
2.97148280e+16 7.43658892e-07
2.97174821e+16 7.43305150e-07
2.97201362e+16 7.42951408e-07
2.97227903e+16 7.42597666e-07
2.97254443e+16 7.42243924e-07
2.97280984e+16 7.41890182e-07
2.97307525e+16 7.41536439e-07
2.97334066e+16 7.41182697e-07
2.97360607e+16 7.40828955e-07
2.97387148e+16 7.40475213e-07
2.97413688e+16 7.40121471e-07
2.97440229e+16 7.39767729e-07
2.97466770e+16 7.39413986e-07
2.97493311e+16 7.39060244e-07
2.97519852e+16 7.38706502e-07
2.97546393e+16 7.38352760e-07
2.97572934e+16 7.37999018e-07
2.97599474e+16 7.37645276e-07
2.97626015e+16 7.37291534e-07
2.97652556e+16 7.36937791e-07
2.97679097e+16 7.36584049e-07
2.97705638e+16 7.36230307e-07
2.97732179e+16 7.35876565e-07
2.97758720e+16 7.35522823e-07
2.97785260e+16 7.35169081e-07
2.97811801e+16 7.34815339e-07
2.97838342e+16 7.34461596e-07
2.97864883e+16 7.34107854e-07
2.97891424e+16 7.33754112e-07
2.97917965e+16 7.33400370e-07
2.97944505e+16 7.33046628e-07
2.97971046e+16 7.32692886e-07
2.97997587e+16 7.32339143e-07
2.98024128e+16 7.31985401e-07
2.98050669e+16 7.31631659e-07
2.98077210e+16 7.31277917e-07
2.98103751e+16 7.30924175e-07
2.98130291e+16 7.30570433e-07
2.98156832e+16 7.30216691e-07
2.98183373e+16 7.29862948e-07
2.98209914e+16 7.29509206e-07
2.98236455e+16 7.29155464e-07
2.98262996e+16 7.28801722e-07
2.98289537e+16 7.28447980e-07
2.98316077e+16 7.28094238e-07
2.98342618e+16 7.27740496e-07
2.98369159e+16 7.27386753e-07
2.98395700e+16 7.27033011e-07
2.98422241e+16 7.26679269e-07
2.98448782e+16 7.26325527e-07
2.98475323e+16 7.25971785e-07
2.98501863e+16 7.25618043e-07
2.98528404e+16 7.25264300e-07
2.98554945e+16 7.24910558e-07
2.98581486e+16 7.24556816e-07
2.98608027e+16 7.24203074e-07
2.98634568e+16 7.23849332e-07
2.98661108e+16 7.23495590e-07
2.98687649e+16 7.23141848e-07
2.98714190e+16 7.22788105e-07
2.98740731e+16 7.22434363e-07
2.98767272e+16 7.22080621e-07
2.98793813e+16 7.21726879e-07
2.98820354e+16 7.21373137e-07
2.98846894e+16 7.21019395e-07
2.98873435e+16 7.20665653e-07
2.98899976e+16 7.20311910e-07
2.98926517e+16 7.19958168e-07
2.98953058e+16 7.19604426e-07
2.98979599e+16 7.19250684e-07
2.99006140e+16 7.18896942e-07
2.99032680e+16 7.18543200e-07
2.99059221e+16 7.18270156e-07
2.99085762e+16 7.18037372e-07
2.99112303e+16 7.17804587e-07
2.99138844e+16 7.17571802e-07
2.99165385e+16 7.17339018e-07
2.99191925e+16 7.17106233e-07
2.99218466e+16 7.16873448e-07
2.99245007e+16 7.16640663e-07
2.99271548e+16 7.16407879e-07
2.99298089e+16 7.16175094e-07
2.99324630e+16 7.15942309e-07
2.99351171e+16 7.15709524e-07
2.99377711e+16 7.15476740e-07
2.99404252e+16 7.15243955e-07
2.99430793e+16 7.15011170e-07
2.99457334e+16 7.14778386e-07
2.99483875e+16 7.14545601e-07
2.99510416e+16 7.14312816e-07
2.99536957e+16 7.14080031e-07
2.99563497e+16 7.13847247e-07
2.99590038e+16 7.13614462e-07
2.99616579e+16 7.13381677e-07
2.99643120e+16 7.13148893e-07
2.99669661e+16 7.12916108e-07
2.99696202e+16 7.12683323e-07
2.99722742e+16 7.12450538e-07
2.99749283e+16 7.12217754e-07
2.99775824e+16 7.11984969e-07
2.99802365e+16 7.11752184e-07
2.99828906e+16 7.11519399e-07
2.99855447e+16 7.11286615e-07
2.99881988e+16 7.11053830e-07
2.99908528e+16 7.10821045e-07
2.99935069e+16 7.10588261e-07
2.99961610e+16 7.10355476e-07
2.99988151e+16 7.10122691e-07
3.00014692e+16 7.09889906e-07
3.00041233e+16 7.09657122e-07
3.00067774e+16 7.09424337e-07
3.00094314e+16 7.09191552e-07
3.00120855e+16 7.08958768e-07
3.00147396e+16 7.08725983e-07
3.00173937e+16 7.08493198e-07
3.00200478e+16 7.08260413e-07
3.00227019e+16 7.08027629e-07
3.00253559e+16 7.07794844e-07
3.00280100e+16 7.07562059e-07
3.00306641e+16 7.07329274e-07
3.00333182e+16 7.07096490e-07
3.00359723e+16 7.06863705e-07
3.00386264e+16 7.06630920e-07
3.00412805e+16 7.06398136e-07
3.00439345e+16 7.06165351e-07
3.00465886e+16 7.05932566e-07
3.00492427e+16 7.05699781e-07
3.00518968e+16 7.05466997e-07
3.00545509e+16 7.05234212e-07
3.00572050e+16 7.05001427e-07
3.00598591e+16 7.04768643e-07
3.00625131e+16 7.04535858e-07
3.00651672e+16 7.04303073e-07
3.00678213e+16 7.04070288e-07
3.00704754e+16 7.03837504e-07
3.00731295e+16 7.03604719e-07
3.00757836e+16 7.03371934e-07
3.00784376e+16 7.03139149e-07
3.00810917e+16 7.02906365e-07
3.00837458e+16 7.02673580e-07
3.00863999e+16 7.02440795e-07
3.00890540e+16 7.02208011e-07
3.00917081e+16 7.01975226e-07
3.00943622e+16 7.01742441e-07
3.00970162e+16 7.01509656e-07
3.00996703e+16 7.01276872e-07
3.01023244e+16 7.01044087e-07
3.01049785e+16 7.00811302e-07
3.01076326e+16 7.00578518e-07
3.01102867e+16 7.00345733e-07
3.01129408e+16 7.00112948e-07
3.01155948e+16 6.99880163e-07
3.01182489e+16 6.99647379e-07
3.01209030e+16 6.99414594e-07
3.01235571e+16 6.99181809e-07
3.01262112e+16 6.98949024e-07
3.01288653e+16 6.98716240e-07
3.01315194e+16 6.98483455e-07
3.01341734e+16 6.98250670e-07
3.01368275e+16 6.98017886e-07
3.01394816e+16 6.97785101e-07
3.01421357e+16 6.97552316e-07
3.01447898e+16 6.97319531e-07
3.01474439e+16 6.97086747e-07
3.01500979e+16 6.96853962e-07
3.01527520e+16 6.96621177e-07
3.01554061e+16 6.96388393e-07
3.01580602e+16 6.96155608e-07
3.01607143e+16 6.95922823e-07
3.01633684e+16 6.95690038e-07
3.01660225e+16 6.95457254e-07
3.01686765e+16 6.95224469e-07
3.01713306e+16 6.94991684e-07
3.01739847e+16 6.94758900e-07
3.01766388e+16 6.94526115e-07
3.01792929e+16 6.94293330e-07
3.01819470e+16 6.94060545e-07
3.01846011e+16 6.93827761e-07
3.01872551e+16 6.93594976e-07
3.01899092e+16 6.93362191e-07
3.01925633e+16 6.93129406e-07
3.01952174e+16 6.92896622e-07
3.01978715e+16 6.92663837e-07
3.02005256e+16 6.92431052e-07
3.02031796e+16 6.92198268e-07
3.02058337e+16 6.91965483e-07
3.02084878e+16 6.91732698e-07
3.02111419e+16 6.91499913e-07
3.02137960e+16 6.91267129e-07
3.02164501e+16 6.91034344e-07
3.02191042e+16 6.90801559e-07
3.02217582e+16 6.90568775e-07
3.02244123e+16 6.90335990e-07
3.02270664e+16 6.90103205e-07
3.02297205e+16 6.89870420e-07
3.02323746e+16 6.89637636e-07
3.02350287e+16 6.89404851e-07
3.02376828e+16 6.89172066e-07
3.02403368e+16 6.88939281e-07
3.02429909e+16 6.88706497e-07
3.02456450e+16 6.88473712e-07
3.02482991e+16 6.88240927e-07
3.02509532e+16 6.88008143e-07
3.02536073e+16 6.87775358e-07
3.02562613e+16 6.87542573e-07
3.02589154e+16 6.87309788e-07
3.02615695e+16 6.87077004e-07
3.02642236e+16 6.86844219e-07
3.02668777e+16 6.86611434e-07
3.02695318e+16 6.86378650e-07
3.02721859e+16 6.86145865e-07
3.02748399e+16 6.85913080e-07
3.02774940e+16 6.85680295e-07
3.02801481e+16 6.85447511e-07
3.02828022e+16 6.85214726e-07
3.02854563e+16 6.84981941e-07
3.02881104e+16 6.84749156e-07
3.02907645e+16 6.84516372e-07
3.02934185e+16 6.84283587e-07
3.02960726e+16 6.84050802e-07
3.02987267e+16 6.83818018e-07
3.03013808e+16 6.83585233e-07
3.03040349e+16 6.83352448e-07
3.03066890e+16 6.83119663e-07
3.03093430e+16 6.82886879e-07
3.03119971e+16 6.82654094e-07
3.03146512e+16 6.82421309e-07
3.03173053e+16 6.82188525e-07
3.03199594e+16 6.81955740e-07
3.03226135e+16 6.81722955e-07
3.03252676e+16 6.81490170e-07
3.03279216e+16 6.81257386e-07
3.03305757e+16 6.81024601e-07
3.03332298e+16 6.80791816e-07
3.03358839e+16 6.80559031e-07
3.03385380e+16 6.80326247e-07
3.03411921e+16 6.80093462e-07
3.03438462e+16 6.79860677e-07
3.03465002e+16 6.79627893e-07
3.03491543e+16 6.79395108e-07
3.03518084e+16 6.79162323e-07
3.03544625e+16 6.78929538e-07
3.03571166e+16 6.78696754e-07
3.03597707e+16 6.78463969e-07
3.03624247e+16 6.78231184e-07
3.03650788e+16 6.77998400e-07
3.03677329e+16 6.77765615e-07
3.03703870e+16 6.77532830e-07
3.03730411e+16 6.77300045e-07
3.03756952e+16 6.77067261e-07
3.03783493e+16 6.76834476e-07
3.03810033e+16 6.76601691e-07
3.03836574e+16 6.76368906e-07
3.03863115e+16 6.76136122e-07
3.03889656e+16 6.75903337e-07
3.03916197e+16 6.75670552e-07
3.03942738e+16 6.75437768e-07
3.03969279e+16 6.75204983e-07
3.03995819e+16 6.74972198e-07
3.04022360e+16 6.74739413e-07
3.04048901e+16 6.74506629e-07
3.04075442e+16 6.74273844e-07
3.04101983e+16 6.74041059e-07
3.04128524e+16 6.73808275e-07
3.04155065e+16 6.73575490e-07
3.04181605e+16 6.73342705e-07
3.04208146e+16 6.73109920e-07
3.04234687e+16 6.72877136e-07
3.04261228e+16 6.72644351e-07
3.04287769e+16 6.72411566e-07
3.04314310e+16 6.72178781e-07
3.04340850e+16 6.71945997e-07
3.04367391e+16 6.71713212e-07
3.04393932e+16 6.71480427e-07
3.04420473e+16 6.71247643e-07
3.04447014e+16 6.71014858e-07
3.04473555e+16 6.70782073e-07
3.04500096e+16 6.70549288e-07
3.04526636e+16 6.70316504e-07
3.04553177e+16 6.70083719e-07
3.04579718e+16 6.69850934e-07
3.04606259e+16 6.69618150e-07
3.04632800e+16 6.69385365e-07
3.04659341e+16 6.69152580e-07
3.04685882e+16 6.68919795e-07
3.04712422e+16 6.68687011e-07
3.04738963e+16 6.68454226e-07
3.04765504e+16 6.68221441e-07
3.04792045e+16 6.67988656e-07
3.04818586e+16 6.67755872e-07
3.04845127e+16 6.67523087e-07
3.04871667e+16 6.67290302e-07
3.04898208e+16 6.67057518e-07
3.04924749e+16 6.66824733e-07
3.04951290e+16 6.66591948e-07
3.04977831e+16 6.66359163e-07
3.05004372e+16 6.66126379e-07
3.05030913e+16 6.65893594e-07
3.05057453e+16 6.65660809e-07
3.05083994e+16 6.65428025e-07
3.05110535e+16 6.65195240e-07
3.05137076e+16 6.64962455e-07
3.05163617e+16 6.64729670e-07
3.05190158e+16 6.64496886e-07
3.05216699e+16 6.64264101e-07
3.05243239e+16 6.64031316e-07
3.05269780e+16 6.63798532e-07
3.05296321e+16 6.63565747e-07
3.05322862e+16 6.63332962e-07
3.05349403e+16 6.63100177e-07
3.05375944e+16 6.62867393e-07
3.05402484e+16 6.62634608e-07
3.05429025e+16 6.62401823e-07
3.05455566e+16 6.62169038e-07
3.05482107e+16 6.61936254e-07
3.05508648e+16 6.61703469e-07
3.05535189e+16 6.61470684e-07
3.05561730e+16 6.61237900e-07
3.05588270e+16 6.61005115e-07
3.05614811e+16 6.60772330e-07
3.05641352e+16 6.60539545e-07
3.05667893e+16 6.60306761e-07
3.05694434e+16 6.60073976e-07
3.05720975e+16 6.59841191e-07
3.05747516e+16 6.59608407e-07
3.05774056e+16 6.59375622e-07
3.05800597e+16 6.59142837e-07
3.05827138e+16 6.58910052e-07
3.05853679e+16 6.58677268e-07
3.05880220e+16 6.58444483e-07
3.05906761e+16 6.58211698e-07
3.05933301e+16 6.57978913e-07
3.05959842e+16 6.57746129e-07
3.05986383e+16 6.57513344e-07
3.06012924e+16 6.57280559e-07
3.06039465e+16 6.57047775e-07
3.06066006e+16 6.56814990e-07
3.06092547e+16 6.56582205e-07
3.06119087e+16 6.56349420e-07
3.06145628e+16 6.56116636e-07
3.06172169e+16 6.55883851e-07
3.06198710e+16 6.55651066e-07
3.06225251e+16 6.55418282e-07
3.06251792e+16 6.55185497e-07
3.06278333e+16 6.54952712e-07
3.06304873e+16 6.54719927e-07
3.06331414e+16 6.54487143e-07
3.06357955e+16 6.54254358e-07
3.06384496e+16 6.54021573e-07
3.06411037e+16 6.53788788e-07
3.06437578e+16 6.53556004e-07
3.06464118e+16 6.53323219e-07
3.06490659e+16 6.53090434e-07
3.06517200e+16 6.52857650e-07
3.06543741e+16 6.52624865e-07
3.06570282e+16 6.52392080e-07
3.06596823e+16 6.52159295e-07
3.06623364e+16 6.51926511e-07
3.06649904e+16 6.51693726e-07
3.06676445e+16 6.51460941e-07
3.06702986e+16 6.51228157e-07
3.06729527e+16 6.50995372e-07
3.06756068e+16 6.50762587e-07
3.06782609e+16 6.50529802e-07
3.06809150e+16 6.50297018e-07
3.06835690e+16 6.50064233e-07
3.06862231e+16 6.49831448e-07
3.06888772e+16 6.49598663e-07
3.06915313e+16 6.49365879e-07
3.06941854e+16 6.49133094e-07
3.06968395e+16 6.48900309e-07
3.06994935e+16 6.48667525e-07
3.07021476e+16 6.48434740e-07
3.07048017e+16 6.48201955e-07
3.07074558e+16 6.47969170e-07
3.07101099e+16 6.47736386e-07
3.07127640e+16 6.47503601e-07
3.07154181e+16 6.47270816e-07
3.07180721e+16 6.47038032e-07
3.07207262e+16 6.46805247e-07
3.07233803e+16 6.46572462e-07
3.07260344e+16 6.46339677e-07
3.07286885e+16 6.46106893e-07
3.07313426e+16 6.45874108e-07
3.07339967e+16 6.45641323e-07
3.07366507e+16 6.45408538e-07
3.07393048e+16 6.45175754e-07
3.07419589e+16 6.44942969e-07
3.07446130e+16 6.44710184e-07
3.07472671e+16 6.44477400e-07
3.07499212e+16 6.44244615e-07
3.07525753e+16 6.44011830e-07
3.07552293e+16 6.43779045e-07
3.07578834e+16 6.43546261e-07
3.07605375e+16 6.43313476e-07
3.07631916e+16 6.43080691e-07
3.07658457e+16 6.42847907e-07
3.07684998e+16 6.42615122e-07
3.07711538e+16 6.42382337e-07
3.07738079e+16 6.42149552e-07
3.07764620e+16 6.41916768e-07
3.07791161e+16 6.41683983e-07
3.07817702e+16 6.41451198e-07
3.07844243e+16 6.41218413e-07
3.07870784e+16 6.40985629e-07
3.07897324e+16 6.40752844e-07
3.07923865e+16 6.40520059e-07
3.07950406e+16 6.40287275e-07
3.07976947e+16 6.40054490e-07
3.08003488e+16 6.39821705e-07
3.08030029e+16 6.39588920e-07
3.08056570e+16 6.39356136e-07
3.08083110e+16 6.39123351e-07
3.08109651e+16 6.38890566e-07
3.08136192e+16 6.38657782e-07
3.08162733e+16 6.38424997e-07
3.08189274e+16 6.38192212e-07
3.08215815e+16 6.37959427e-07
3.08242355e+16 6.37726643e-07
3.08268896e+16 6.37493858e-07
3.08295437e+16 6.37261073e-07
3.08321978e+16 6.37028288e-07
3.08348519e+16 6.36795504e-07
3.08375060e+16 6.36562719e-07
3.08401601e+16 6.36329934e-07
3.08428141e+16 6.36097150e-07
3.08454682e+16 6.35864365e-07
3.08481223e+16 6.35631580e-07
3.08507764e+16 6.35398795e-07
3.08534305e+16 6.35166011e-07
3.08560846e+16 6.34933226e-07
3.08587387e+16 6.34700441e-07
3.08613927e+16 6.34467657e-07
3.08640468e+16 6.34234872e-07
3.08667009e+16 6.34002087e-07
3.08693550e+16 6.33769302e-07
3.08720091e+16 6.33536518e-07
3.08746632e+16 6.33303733e-07
3.08773172e+16 6.33070948e-07
3.08799713e+16 6.32838163e-07
3.08826254e+16 6.32605379e-07
3.08852795e+16 6.32372594e-07
3.08879336e+16 6.32139809e-07
3.08905877e+16 6.31907025e-07
3.08932418e+16 6.31674240e-07
3.08958958e+16 6.31441455e-07
3.08985499e+16 6.31208670e-07
3.09012040e+16 6.30975886e-07
3.09038581e+16 6.30743101e-07
3.09065122e+16 6.30510316e-07
3.09091663e+16 6.30277532e-07
3.09118204e+16 6.30044747e-07
3.09144744e+16 6.29811962e-07
3.09171285e+16 6.29579177e-07
3.09197826e+16 6.29346393e-07
3.09224367e+16 6.29113608e-07
3.09250908e+16 6.28880823e-07
3.09277449e+16 6.28648039e-07
3.09303989e+16 6.28415254e-07
3.09330530e+16 6.28182469e-07
3.09357071e+16 6.27949684e-07
3.09383612e+16 6.27716900e-07
3.09410153e+16 6.27484115e-07
3.09436694e+16 6.27251330e-07
3.09463235e+16 6.27018545e-07
3.09489775e+16 6.26785761e-07
3.09516316e+16 6.26552976e-07
3.09542857e+16 6.26320191e-07
3.09569398e+16 6.26087407e-07
3.09595939e+16 6.25854622e-07
3.09622480e+16 6.25621837e-07
3.09649021e+16 6.25389052e-07
3.09675561e+16 6.25156268e-07
3.09702102e+16 6.24923483e-07
3.09728643e+16 6.24690698e-07
3.09755184e+16 6.24457914e-07
3.09781725e+16 6.24225129e-07
3.09808266e+16 6.23992344e-07
3.09834806e+16 6.23759559e-07
3.09861347e+16 6.23526775e-07
3.09887888e+16 6.23293990e-07
3.09914429e+16 6.23061205e-07
3.09940970e+16 6.22828420e-07
3.09967511e+16 6.22595636e-07
3.09994052e+16 6.22362851e-07
3.10020592e+16 6.22130066e-07
3.10047133e+16 6.21897282e-07
3.10073674e+16 6.21664497e-07
3.10100215e+16 6.21431712e-07
3.10126756e+16 6.21198927e-07
3.10153297e+16 6.20966143e-07
3.10179838e+16 6.20733358e-07
3.10206378e+16 6.20500573e-07
3.10232919e+16 6.20267789e-07
3.10259460e+16 6.20035004e-07
3.10286001e+16 6.19802219e-07
3.10312542e+16 6.19569434e-07
3.10339083e+16 6.19336650e-07
3.10365624e+16 6.19103865e-07
3.10392164e+16 6.18871080e-07
3.10418705e+16 6.18638295e-07
3.10445246e+16 6.18405511e-07
3.10471787e+16 6.18172726e-07
3.10498328e+16 6.17939941e-07
3.10524869e+16 6.17707157e-07
3.10551409e+16 6.17474372e-07
3.10577950e+16 6.17241587e-07
3.10604491e+16 6.17008802e-07
3.10631032e+16 6.16776018e-07
3.10657573e+16 6.16543233e-07
3.10684114e+16 6.16310448e-07
3.10710655e+16 6.16077664e-07
3.10737195e+16 6.15844879e-07
3.10763736e+16 6.15612094e-07
3.10790277e+16 6.15379309e-07
3.10816818e+16 6.15146525e-07
3.10843359e+16 6.14913740e-07
3.10869900e+16 6.14680955e-07
3.10896441e+16 6.14448170e-07
3.10922981e+16 6.14215386e-07
3.10949522e+16 6.13982601e-07
3.10976063e+16 6.13749816e-07
3.11002604e+16 6.13517032e-07
3.11029145e+16 6.13284247e-07
3.11055686e+16 6.13051462e-07
3.11082226e+16 6.12818677e-07
3.11108767e+16 6.12585893e-07
3.11135308e+16 6.12353108e-07
3.11161849e+16 6.12120323e-07
3.11188390e+16 6.11887539e-07
3.11214931e+16 6.11654754e-07
3.11241472e+16 6.11421969e-07
3.11268012e+16 6.11189184e-07
3.11294553e+16 6.10956400e-07
3.11321094e+16 6.10723615e-07
3.11347635e+16 6.10490830e-07
3.11374176e+16 6.10258045e-07
3.11400717e+16 6.10025261e-07
3.11427258e+16 6.09792476e-07
3.11453798e+16 6.09559691e-07
3.11480339e+16 6.09326907e-07
3.11506880e+16 6.09094122e-07
3.11533421e+16 6.08861337e-07
3.11559962e+16 6.08628552e-07
3.11586503e+16 6.08395768e-07
3.11613043e+16 6.08162983e-07
3.11639584e+16 6.07930198e-07
3.11666125e+16 6.07697414e-07
3.11692666e+16 6.07464629e-07
3.11719207e+16 6.07231844e-07
3.11745748e+16 6.06999059e-07
3.11772289e+16 6.06766275e-07
3.11798829e+16 6.06533490e-07
3.11825370e+16 6.06300705e-07
3.11851911e+16 6.06067920e-07
3.11878452e+16 6.05835136e-07
3.11904993e+16 6.05602351e-07
3.11931534e+16 6.05369566e-07
3.11958075e+16 6.05136782e-07
3.11984615e+16 6.04903997e-07
3.12011156e+16 6.04671212e-07
3.12037697e+16 6.04438427e-07
3.12064238e+16 6.04205643e-07
3.12090779e+16 6.03972858e-07
3.12117320e+16 6.03740073e-07
3.12143860e+16 6.03507289e-07
3.12170401e+16 6.03274504e-07
3.12196942e+16 6.03041719e-07
3.12223483e+16 6.02808934e-07
3.12250024e+16 6.02576150e-07
3.12276565e+16 6.02343365e-07
3.12303106e+16 6.02110580e-07
3.12329646e+16 6.01877795e-07
3.12356187e+16 6.01645011e-07
3.12382728e+16 6.01412226e-07
3.12409269e+16 6.01179441e-07
3.12435810e+16 6.00946657e-07
3.12462351e+16 6.00713872e-07
3.12488892e+16 6.00481087e-07
3.12515432e+16 6.00248302e-07
3.12541973e+16 6.00015518e-07
3.12568514e+16 5.99782733e-07
3.12595055e+16 5.99549948e-07
3.12621596e+16 5.99317164e-07
3.12648137e+16 5.99084379e-07
3.12674677e+16 5.98851594e-07
3.12701218e+16 5.98618809e-07
3.12727759e+16 5.98386025e-07
3.12754300e+16 5.98153240e-07
3.12780841e+16 5.97920455e-07
3.12807382e+16 5.97687671e-07
3.12833923e+16 5.97454886e-07
3.12860463e+16 5.97222101e-07
3.12887004e+16 5.96989316e-07
3.12913545e+16 5.96756532e-07
3.12940086e+16 5.96523747e-07
3.12966627e+16 5.96290962e-07
3.12993168e+16 5.96058177e-07
3.13019709e+16 5.95825393e-07
3.13046249e+16 5.95592608e-07
3.13072790e+16 5.95359823e-07
3.13099331e+16 5.95127039e-07
3.13125872e+16 5.94894254e-07
3.13152413e+16 5.94661469e-07
3.13178954e+16 5.94428684e-07
3.13205495e+16 5.94195900e-07
3.13232035e+16 5.93963115e-07
3.13258576e+16 5.93730330e-07
3.13285117e+16 5.93497546e-07
3.13311658e+16 5.93264761e-07
3.13338199e+16 5.93031976e-07
3.13364740e+16 5.92799191e-07
3.13391280e+16 5.92566407e-07
3.13417821e+16 5.92333622e-07
3.13444362e+16 5.92100837e-07
3.13470903e+16 5.91868052e-07
3.13497444e+16 5.91635268e-07
3.13523985e+16 5.91402483e-07
3.13550526e+16 5.91169698e-07
3.13577066e+16 5.90936914e-07
3.13603607e+16 5.90704129e-07
3.13630148e+16 5.90471344e-07
3.13656689e+16 5.90238559e-07
3.13683230e+16 5.90005775e-07
3.13709771e+16 5.89772990e-07
3.13736312e+16 5.89540205e-07
3.13762852e+16 5.89307421e-07
3.13789393e+16 5.89074636e-07
3.13815934e+16 5.88841851e-07
3.13842475e+16 5.88609066e-07
3.13869016e+16 5.88376282e-07
3.13895557e+16 5.88143497e-07
3.13922097e+16 5.87910712e-07
3.13948638e+16 5.87677927e-07
3.13975179e+16 5.87445143e-07
3.14001720e+16 5.87212358e-07
3.14028261e+16 5.86979573e-07
3.14054802e+16 5.86746789e-07
3.14081343e+16 5.86514004e-07
3.14107883e+16 5.86281219e-07
3.14134424e+16 5.86048434e-07
3.14160965e+16 5.85815650e-07
3.14187506e+16 5.85582865e-07
3.14214047e+16 5.85350080e-07
3.14240588e+16 5.85117296e-07
3.14267129e+16 5.84884511e-07
3.14293669e+16 5.84651726e-07
3.14320210e+16 5.84418941e-07
3.14346751e+16 5.84186157e-07
3.14373292e+16 5.83953372e-07
3.14399833e+16 5.83720587e-07
3.14426374e+16 5.83487802e-07
3.14452914e+16 5.83255018e-07
3.14479455e+16 5.83022233e-07
3.14505996e+16 5.82789448e-07
3.14532537e+16 5.82556664e-07
3.14559078e+16 5.82323879e-07
3.14585619e+16 5.82091094e-07
3.14612160e+16 5.81858309e-07
3.14638700e+16 5.81625525e-07
3.14665241e+16 5.81392740e-07
3.14691782e+16 5.81159955e-07
3.14718323e+16 5.80927171e-07
3.14744864e+16 5.80694386e-07
3.14771405e+16 5.80461601e-07
3.14797946e+16 5.80228816e-07
3.14824486e+16 5.79996032e-07
3.14851027e+16 5.79763247e-07
3.14877568e+16 5.79530462e-07
3.14904109e+16 5.79297677e-07
3.14930650e+16 5.79064893e-07
3.14957191e+16 5.78832108e-07
3.14983731e+16 5.78599323e-07
3.15010272e+16 5.78366539e-07
3.15036813e+16 5.78133754e-07
3.15063354e+16 5.77900969e-07
3.15089895e+16 5.77668184e-07
3.15116436e+16 5.77435400e-07
3.15142977e+16 5.77202615e-07
3.15169517e+16 5.76969830e-07
3.15196058e+16 5.76737046e-07
3.15222599e+16 5.76504261e-07
3.15249140e+16 5.76271476e-07
3.15275681e+16 5.76038691e-07
3.15302222e+16 5.75805907e-07
3.15328763e+16 5.75573122e-07
3.15355303e+16 5.75340337e-07
3.15381844e+16 5.75107552e-07
3.15408385e+16 5.74874768e-07
3.15434926e+16 5.74641983e-07
3.15461467e+16 5.74409198e-07
3.15488008e+16 5.74176414e-07
3.15514548e+16 5.73943629e-07
3.15541089e+16 5.73710844e-07
3.15567630e+16 5.73478059e-07
3.15594171e+16 5.73245275e-07
3.15620712e+16 5.73012490e-07
3.15647253e+16 5.72779705e-07
3.15673794e+16 5.72546921e-07
3.15700334e+16 5.72314136e-07
3.15726875e+16 5.72081351e-07
3.15753416e+16 5.71848566e-07
3.15779957e+16 5.71615782e-07
3.15806498e+16 5.71382997e-07
3.15833039e+16 5.71150212e-07
3.15859580e+16 5.70917427e-07
3.15886120e+16 5.70684643e-07
3.15912661e+16 5.70451858e-07
3.15939202e+16 5.70219073e-07
3.15965743e+16 5.69986289e-07
3.15992284e+16 5.69753504e-07
3.16018825e+16 5.69520719e-07
3.16045366e+16 5.69287934e-07
3.16071906e+16 5.69055150e-07
3.16098447e+16 5.68822365e-07
3.16124988e+16 5.68589580e-07
3.16151529e+16 5.68356796e-07
3.16178070e+16 5.68124011e-07
3.16204611e+16 5.67891226e-07
3.16231151e+16 5.67658441e-07
3.16257692e+16 5.67425657e-07
3.16284233e+16 5.67192872e-07
3.16310774e+16 5.66960087e-07
3.16337315e+16 5.66727303e-07
3.16363856e+16 5.66494518e-07
3.16390397e+16 5.66261733e-07
3.16416937e+16 5.66028948e-07
3.16443478e+16 5.65796164e-07
3.16470019e+16 5.65563379e-07
3.16496560e+16 5.65330594e-07
3.16523101e+16 5.65097809e-07
3.16549642e+16 5.64865025e-07
3.16576183e+16 5.64632240e-07
3.16602723e+16 5.64399455e-07
3.16629264e+16 5.64166671e-07
3.16655805e+16 5.63933886e-07
3.16682346e+16 5.63701101e-07
3.16708887e+16 5.63468316e-07
3.16735428e+16 5.63235532e-07
3.16761968e+16 5.63002747e-07
3.16788509e+16 5.62769962e-07
3.16815050e+16 5.62537178e-07
3.16841591e+16 5.62304393e-07
3.16868132e+16 5.62071608e-07
3.16894673e+16 5.61838823e-07
3.16921214e+16 5.61606039e-07
3.16947754e+16 5.61373254e-07
3.16974295e+16 5.61140469e-07
3.17000836e+16 5.60907684e-07
3.17027377e+16 5.60674900e-07
3.17053918e+16 5.60442115e-07
3.17080459e+16 5.60209330e-07
3.17107000e+16 5.59976546e-07
3.17133540e+16 5.59743761e-07
3.17160081e+16 5.59510976e-07
3.17186622e+16 5.59278191e-07
3.17213163e+16 5.59045407e-07
3.17239704e+16 5.58812622e-07
3.17266245e+16 5.58579837e-07
3.17292785e+16 5.58347053e-07
3.17319326e+16 5.58114268e-07
3.17345867e+16 5.57881483e-07
3.17372408e+16 5.57648698e-07
3.17398949e+16 5.57415914e-07
3.17425490e+16 5.57183129e-07
3.17452031e+16 5.56950344e-07
3.17478571e+16 5.56717559e-07
3.17505112e+16 5.56484775e-07
3.17531653e+16 5.56251990e-07
3.17558194e+16 5.56019205e-07
3.17584735e+16 5.55786421e-07
3.17611276e+16 5.55553636e-07
3.17637817e+16 5.55320851e-07
3.17664357e+16 5.55088066e-07
3.17690898e+16 5.54855282e-07
3.17717439e+16 5.54622497e-07
3.17743980e+16 5.54389712e-07
3.17770521e+16 5.54156928e-07
3.17797062e+16 5.53924143e-07
3.17823602e+16 5.53691358e-07
3.17850143e+16 5.53458573e-07
3.17876684e+16 5.53225789e-07
3.17903225e+16 5.52993004e-07
3.17929766e+16 5.52760219e-07
3.17956307e+16 5.52527434e-07
3.17982848e+16 5.52294650e-07
3.18009388e+16 5.52061865e-07
3.18035929e+16 5.51829080e-07
3.18062470e+16 5.51596296e-07
3.18089011e+16 5.51363511e-07
3.18115552e+16 5.51130726e-07
3.18142093e+16 5.50897941e-07
3.18168634e+16 5.50665157e-07
3.18195174e+16 5.50432372e-07
3.18221715e+16 5.50199587e-07
3.18248256e+16 5.49966803e-07
3.18274797e+16 5.49734018e-07
3.18301338e+16 5.49501233e-07
3.18327879e+16 5.49268448e-07
3.18354419e+16 5.49035664e-07
3.18380960e+16 5.48802879e-07
3.18407501e+16 5.48570094e-07
3.18434042e+16 5.48337309e-07
3.18460583e+16 5.48104525e-07
3.18487124e+16 5.47871740e-07
3.18513665e+16 5.47638955e-07
3.18540205e+16 5.47406171e-07
3.18566746e+16 5.47173386e-07
3.18593287e+16 5.46940601e-07
3.18619828e+16 5.46707816e-07
3.18646369e+16 5.46475032e-07
3.18672910e+16 5.46242247e-07
3.18699451e+16 5.46009462e-07
3.18725991e+16 5.45776678e-07
3.18752532e+16 5.45543893e-07
3.18779073e+16 5.45311108e-07
3.18805614e+16 5.45078323e-07
3.18832155e+16 5.44845539e-07
3.18858696e+16 5.44612754e-07
3.18885237e+16 5.44379969e-07
3.18911777e+16 5.44147184e-07
3.18938318e+16 5.43914400e-07
3.18964859e+16 5.43681615e-07
3.18991400e+16 5.43448830e-07
3.19017941e+16 5.43216046e-07
3.19044482e+16 5.42983261e-07
3.19071022e+16 5.42750476e-07
3.19097563e+16 5.42517691e-07
3.19124104e+16 5.42284907e-07
3.19150645e+16 5.42052122e-07
3.19177186e+16 5.41819337e-07
3.19203727e+16 5.41586553e-07
3.19230268e+16 5.41353768e-07
3.19256808e+16 5.41120983e-07
3.19283349e+16 5.40888198e-07
3.19309890e+16 5.40655414e-07
3.19336431e+16 5.40422629e-07
3.19362972e+16 5.40189844e-07
3.19389513e+16 5.39957059e-07
3.19416054e+16 5.39724275e-07
3.19442594e+16 5.39491490e-07
3.19469135e+16 5.39258705e-07
3.19495676e+16 5.39025921e-07
3.19522217e+16 5.38793136e-07
3.19548758e+16 5.38560351e-07
3.19575299e+16 5.38327566e-07
3.19601839e+16 5.38094782e-07
3.19628380e+16 5.37861997e-07
3.19654921e+16 5.37629212e-07
3.19681462e+16 5.37396428e-07
3.19708003e+16 5.37163643e-07
3.19734544e+16 5.36930858e-07
3.19761085e+16 5.36698073e-07
3.19787625e+16 5.36465289e-07
3.19814166e+16 5.36232504e-07
3.19840707e+16 5.35999719e-07
3.19867248e+16 5.35766935e-07
3.19893789e+16 5.35534150e-07
3.19920330e+16 5.35301365e-07
3.19946871e+16 5.35068580e-07
3.19973411e+16 5.34835796e-07
3.19999952e+16 5.34603011e-07
3.20026493e+16 5.34370226e-07
3.20053034e+16 5.34137441e-07
3.20079575e+16 5.33904657e-07
3.20106116e+16 5.33671872e-07
3.20132656e+16 5.33439087e-07
3.20159197e+16 5.33206303e-07
3.20185738e+16 5.32973518e-07
3.20212279e+16 5.32740733e-07
3.20238820e+16 5.32507948e-07
3.20265361e+16 5.32275164e-07
3.20291902e+16 5.32042379e-07
3.20318442e+16 5.31809594e-07
3.20344983e+16 5.31576810e-07
3.20371524e+16 5.31344025e-07
3.20398065e+16 5.31111240e-07
3.20424606e+16 5.30878455e-07
3.20451147e+16 5.30645671e-07
3.20477688e+16 5.30412886e-07
3.20504228e+16 5.30180101e-07
3.20530769e+16 5.29947316e-07
3.20557310e+16 5.29714532e-07
3.20583851e+16 5.29481747e-07
3.20610392e+16 5.29248962e-07
3.20636933e+16 5.29016178e-07
3.20663473e+16 5.28783393e-07
3.20690014e+16 5.28550608e-07
3.20716555e+16 5.28317823e-07
3.20743096e+16 5.28085039e-07
3.20769637e+16 5.27852254e-07
3.20796178e+16 5.27619469e-07
3.20822719e+16 5.27386685e-07
3.20849259e+16 5.27153900e-07
3.20875800e+16 5.26921115e-07
3.20902341e+16 5.26688330e-07
3.20928882e+16 5.26455546e-07
3.20955423e+16 5.26222761e-07
3.20981964e+16 5.25989976e-07
3.21008505e+16 5.25757191e-07
3.21035045e+16 5.25524407e-07
3.21061586e+16 5.25291622e-07
3.21088127e+16 5.25058837e-07
3.21114668e+16 5.24826053e-07
3.21141209e+16 5.24593268e-07
3.21167750e+16 5.24360483e-07
3.21194290e+16 5.24127698e-07
3.21220831e+16 5.23894914e-07
3.21247372e+16 5.23662129e-07
3.21273913e+16 5.23429344e-07
3.21300454e+16 5.23196560e-07
3.21326995e+16 5.22963775e-07
3.21353536e+16 5.22730990e-07
3.21380076e+16 5.22498205e-07
3.21406617e+16 5.22265421e-07
3.21433158e+16 5.22032636e-07
3.21459699e+16 5.21799851e-07
3.21486240e+16 5.21567066e-07
3.21512781e+16 5.21334282e-07
3.21539322e+16 5.21101497e-07
3.21565862e+16 5.20868712e-07
3.21592403e+16 5.20635928e-07
3.21618944e+16 5.20403143e-07
3.21645485e+16 5.20170358e-07
3.21672026e+16 5.19937573e-07
3.21698567e+16 5.19704789e-07
3.21725108e+16 5.19472004e-07
3.21751648e+16 5.19239219e-07
3.21778189e+16 5.19006435e-07
3.21804730e+16 5.18773650e-07
3.21831271e+16 5.18540865e-07
3.21857812e+16 5.18308080e-07
3.21884353e+16 5.18075296e-07
3.21910893e+16 5.17842511e-07
3.21937434e+16 5.17609726e-07
3.21963975e+16 5.17376941e-07
3.21990516e+16 5.17144157e-07
3.22017057e+16 5.16911372e-07
3.22043598e+16 5.16678587e-07
3.22070139e+16 5.16445803e-07
3.22096679e+16 5.16213018e-07
3.22123220e+16 5.15980233e-07
3.22149761e+16 5.15747448e-07
3.22176302e+16 5.15514664e-07
3.22202843e+16 5.15281879e-07
3.22229384e+16 5.15049094e-07
3.22255925e+16 5.14816310e-07
3.22282465e+16 5.14583525e-07
3.22309006e+16 5.14350740e-07
3.22335547e+16 5.14117955e-07
3.22362088e+16 5.13885171e-07
3.22388629e+16 5.13652386e-07
3.22415170e+16 5.13419601e-07
3.22441710e+16 5.13186816e-07
3.22468251e+16 5.12954032e-07
3.22494792e+16 5.12721247e-07
3.22521333e+16 5.12488462e-07
3.22547874e+16 5.12255678e-07
3.22574415e+16 5.12022893e-07
3.22600956e+16 5.11790108e-07
3.22627496e+16 5.11557323e-07
3.22654037e+16 5.11324539e-07
3.22680578e+16 5.11091754e-07
3.22707119e+16 5.10858969e-07
3.22733660e+16 5.10626185e-07
3.22760201e+16 5.10393400e-07
3.22786742e+16 5.10160615e-07
3.22813282e+16 5.09927830e-07
3.22839823e+16 5.09695046e-07
3.22866364e+16 5.09462261e-07
3.22892905e+16 5.09229476e-07
3.22919446e+16 5.08996691e-07
3.22945987e+16 5.08763907e-07
3.22972527e+16 5.08531122e-07
3.22999068e+16 5.08298337e-07
3.23025609e+16 5.08065553e-07
3.23052150e+16 5.07832768e-07
3.23078691e+16 5.07599983e-07
3.23105232e+16 5.07367198e-07
3.23131773e+16 5.07134414e-07
3.23158313e+16 5.06901629e-07
3.23184854e+16 5.06668844e-07
3.23211395e+16 5.06436060e-07
3.23237936e+16 5.06203275e-07
3.23264477e+16 5.05970490e-07
3.23291018e+16 5.05737705e-07
3.23317559e+16 5.05504921e-07
3.23344099e+16 5.05272136e-07
3.23370640e+16 5.05039351e-07
3.23397181e+16 5.04806567e-07
3.23423722e+16 5.04573782e-07
3.23450263e+16 5.04340997e-07
3.23476804e+16 5.04108212e-07
3.23503344e+16 5.03875428e-07
3.23529885e+16 5.03642643e-07
3.23556426e+16 5.03409858e-07
3.23582967e+16 5.03177073e-07
3.23609508e+16 5.02944289e-07
3.23636049e+16 5.02711504e-07
3.23662590e+16 5.02478719e-07
3.23689130e+16 5.02245935e-07
3.23715671e+16 5.02013150e-07
3.23742212e+16 5.01780365e-07
3.23768753e+16 5.01547580e-07
3.23795294e+16 5.01314796e-07
3.23821835e+16 5.01082011e-07
3.23848376e+16 5.00849226e-07
3.23874916e+16 5.00616442e-07
3.23901457e+16 5.00383657e-07
3.23927998e+16 5.00150872e-07
3.23954539e+16 4.99918087e-07
3.23981080e+16 4.99685303e-07
3.24007621e+16 4.99452518e-07
3.24034161e+16 4.99219733e-07
3.24060702e+16 4.98986948e-07
3.24087243e+16 4.98754164e-07
3.24113784e+16 4.98521379e-07
3.24140325e+16 4.98288594e-07
3.24166866e+16 4.98071560e-07
3.24193407e+16 4.97914220e-07
3.24219947e+16 4.97756880e-07
3.24246488e+16 4.97599540e-07
3.24273029e+16 4.97442200e-07
3.24299570e+16 4.97284860e-07
3.24326111e+16 4.97127520e-07
3.24352652e+16 4.96970180e-07
3.24379193e+16 4.96812840e-07
3.24405733e+16 4.96655500e-07
3.24432274e+16 4.96498160e-07
3.24458815e+16 4.96340821e-07
3.24485356e+16 4.96183481e-07
3.24511897e+16 4.96026141e-07
3.24538438e+16 4.95868801e-07
3.24564978e+16 4.95711461e-07
3.24591519e+16 4.95554121e-07
3.24618060e+16 4.95396781e-07
3.24644601e+16 4.95239441e-07
3.24671142e+16 4.95082101e-07
3.24697683e+16 4.94924761e-07
3.24724224e+16 4.94767421e-07
3.24750764e+16 4.94610081e-07
3.24777305e+16 4.94452741e-07
3.24803846e+16 4.94295402e-07
3.24830387e+16 4.94138062e-07
3.24856928e+16 4.93980722e-07
3.24883469e+16 4.93823382e-07
3.24910010e+16 4.93666042e-07
3.24936550e+16 4.93508702e-07
3.24963091e+16 4.93351362e-07
3.24989632e+16 4.93194022e-07
3.25016173e+16 4.93036682e-07
3.25042714e+16 4.92879342e-07
3.25069255e+16 4.92722002e-07
3.25095796e+16 4.92564662e-07
3.25122336e+16 4.92407323e-07
3.25148877e+16 4.92249983e-07
3.25175418e+16 4.92092643e-07
3.25201959e+16 4.91935303e-07
3.25228500e+16 4.91777963e-07
3.25255041e+16 4.91620623e-07
3.25281581e+16 4.91463283e-07
3.25308122e+16 4.91305943e-07
3.25334663e+16 4.91148603e-07
3.25361204e+16 4.90991263e-07
3.25387745e+16 4.90833923e-07
3.25414286e+16 4.90676583e-07
3.25440827e+16 4.90519243e-07
3.25467367e+16 4.90361904e-07
3.25493908e+16 4.90204564e-07
3.25520449e+16 4.90047224e-07
3.25546990e+16 4.89889884e-07
3.25573531e+16 4.89732544e-07
3.25600072e+16 4.89575204e-07
3.25626613e+16 4.89417864e-07
3.25653153e+16 4.89260524e-07
3.25679694e+16 4.89103184e-07
3.25706235e+16 4.88945844e-07
3.25732776e+16 4.88788504e-07
3.25759317e+16 4.88631164e-07
3.25785858e+16 4.88473824e-07
3.25812398e+16 4.88316485e-07
3.25838939e+16 4.88159145e-07
3.25865480e+16 4.88001805e-07
3.25892021e+16 4.87844465e-07
3.25918562e+16 4.87687125e-07
3.25945103e+16 4.87529785e-07
3.25971644e+16 4.87372445e-07
3.25998184e+16 4.87215105e-07
3.26024725e+16 4.87057765e-07
3.26051266e+16 4.86900425e-07
3.26077807e+16 4.86743085e-07
3.26104348e+16 4.86585745e-07
3.26130889e+16 4.86428406e-07
3.26157430e+16 4.86271066e-07
3.26183970e+16 4.86113726e-07
3.26210511e+16 4.85956386e-07
3.26237052e+16 4.85799046e-07
3.26263593e+16 4.85641706e-07
3.26290134e+16 4.85484366e-07
3.26316675e+16 4.85327026e-07
3.26343215e+16 4.85169686e-07
3.26369756e+16 4.85012346e-07
3.26396297e+16 4.84855006e-07
3.26422838e+16 4.84697666e-07
3.26449379e+16 4.84540326e-07
3.26475920e+16 4.84382987e-07
3.26502461e+16 4.84225647e-07
3.26529001e+16 4.84068307e-07
3.26555542e+16 4.83910967e-07
3.26582083e+16 4.83753627e-07
3.26608624e+16 4.83596287e-07
3.26635165e+16 4.83438947e-07
3.26661706e+16 4.83281607e-07
3.26688247e+16 4.83124267e-07
3.26714787e+16 4.82966927e-07
3.26741328e+16 4.82809587e-07
3.26767869e+16 4.82652247e-07
3.26794410e+16 4.82494908e-07
3.26820951e+16 4.82337568e-07
3.26847492e+16 4.82180228e-07
3.26874032e+16 4.82022888e-07
3.26900573e+16 4.81865548e-07
3.26927114e+16 4.81708208e-07
3.26953655e+16 4.81550868e-07
3.26980196e+16 4.81393528e-07
3.27006737e+16 4.81236188e-07
3.27033278e+16 4.81078848e-07
3.27059818e+16 4.80921508e-07
3.27086359e+16 4.80764168e-07
3.27112900e+16 4.80606828e-07
3.27139441e+16 4.80449489e-07
3.27165982e+16 4.80292149e-07
3.27192523e+16 4.80134809e-07
3.27219064e+16 4.79977469e-07
3.27245604e+16 4.79820129e-07
3.27272145e+16 4.79662789e-07
3.27298686e+16 4.79505449e-07
3.27325227e+16 4.79348109e-07
3.27351768e+16 4.79190769e-07
3.27378309e+16 4.79033429e-07
3.27404849e+16 4.78876089e-07
3.27431390e+16 4.78718749e-07
3.27457931e+16 4.78561410e-07
3.27484472e+16 4.78404070e-07
3.27511013e+16 4.78246730e-07
3.27537554e+16 4.78089390e-07
3.27564095e+16 4.77932050e-07
3.27590635e+16 4.77774710e-07
3.27617176e+16 4.77617370e-07
3.27643717e+16 4.77460030e-07
3.27670258e+16 4.77302690e-07
3.27696799e+16 4.77145350e-07
3.27723340e+16 4.76988010e-07
3.27749881e+16 4.76830670e-07
3.27776421e+16 4.76673330e-07
3.27802962e+16 4.76515991e-07
3.27829503e+16 4.76358651e-07
3.27856044e+16 4.76201311e-07
3.27882585e+16 4.76043971e-07
3.27909126e+16 4.75886631e-07
3.27935667e+16 4.75729291e-07
3.27962207e+16 4.75571951e-07
3.27988748e+16 4.75414611e-07
3.28015289e+16 4.75257271e-07
3.28041830e+16 4.75099931e-07
3.28068371e+16 4.74942591e-07
3.28094912e+16 4.74785251e-07
3.28121452e+16 4.74627911e-07
3.28147993e+16 4.74470572e-07
3.28174534e+16 4.74313232e-07
3.28201075e+16 4.74155892e-07
3.28227616e+16 4.73998552e-07
3.28254157e+16 4.73841212e-07
3.28280698e+16 4.73683872e-07
3.28307238e+16 4.73526532e-07
3.28333779e+16 4.73369192e-07
3.28360320e+16 4.73211852e-07
3.28386861e+16 4.73054512e-07
3.28413402e+16 4.72897172e-07
3.28439943e+16 4.72739832e-07
3.28466484e+16 4.72582493e-07
3.28493024e+16 4.72425153e-07
3.28519565e+16 4.72267813e-07
3.28546106e+16 4.72110473e-07
3.28572647e+16 4.71953133e-07
3.28599188e+16 4.71795793e-07
3.28625729e+16 4.71638453e-07
3.28652269e+16 4.71481113e-07
3.28678810e+16 4.71323773e-07
3.28705351e+16 4.71166433e-07
3.28731892e+16 4.71009093e-07
3.28758433e+16 4.70851753e-07
3.28784974e+16 4.70694413e-07
3.28811515e+16 4.70537074e-07
3.28838055e+16 4.70379734e-07
3.28864596e+16 4.70222394e-07
3.28891137e+16 4.70065054e-07
3.28917678e+16 4.69907714e-07
3.28944219e+16 4.69750374e-07
3.28970760e+16 4.69593034e-07
3.28997301e+16 4.69435694e-07
3.29023841e+16 4.69278354e-07
3.29050382e+16 4.69121014e-07
3.29076923e+16 4.68963674e-07
3.29103464e+16 4.68806334e-07
3.29130005e+16 4.68648995e-07
3.29156546e+16 4.68491655e-07
3.29183086e+16 4.68334315e-07
3.29209627e+16 4.68176975e-07
3.29236168e+16 4.68019635e-07
3.29262709e+16 4.67862295e-07
3.29289250e+16 4.67704955e-07
3.29315791e+16 4.67547615e-07
3.29342332e+16 4.67390275e-07
3.29368872e+16 4.67232935e-07
3.29395413e+16 4.67075595e-07
3.29421954e+16 4.66918255e-07
3.29448495e+16 4.66760915e-07
3.29475036e+16 4.66603576e-07
3.29501577e+16 4.66446236e-07
3.29528118e+16 4.66288896e-07
3.29554658e+16 4.66131556e-07
3.29581199e+16 4.65974216e-07
3.29607740e+16 4.65816876e-07
3.29634281e+16 4.65659536e-07
3.29660822e+16 4.65502196e-07
3.29687363e+16 4.65344856e-07
3.29713903e+16 4.65187516e-07
3.29740444e+16 4.65030176e-07
3.29766985e+16 4.64872836e-07
3.29793526e+16 4.64715496e-07
3.29820067e+16 4.64558157e-07
3.29846608e+16 4.64400817e-07
3.29873149e+16 4.64243477e-07
3.29899689e+16 4.64086137e-07
3.29926230e+16 4.63928797e-07
3.29952771e+16 4.63771457e-07
3.29979312e+16 4.63614117e-07
3.30005853e+16 4.63456777e-07
3.30032394e+16 4.63299437e-07
3.30058935e+16 4.63142097e-07
3.30085475e+16 4.62984757e-07
3.30112016e+16 4.62827417e-07
3.30138557e+16 4.62670078e-07
3.30165098e+16 4.62512738e-07
3.30191639e+16 4.62355398e-07
3.30218180e+16 4.62198058e-07
3.30244720e+16 4.62040718e-07
3.30271261e+16 4.61883378e-07
3.30297802e+16 4.61726038e-07
3.30324343e+16 4.61568698e-07
3.30350884e+16 4.61411358e-07
3.30377425e+16 4.61254018e-07
3.30403966e+16 4.61096678e-07
3.30430506e+16 4.60939338e-07
3.30457047e+16 4.60781998e-07
3.30483588e+16 4.60624659e-07
3.30510129e+16 4.60467319e-07
3.30536670e+16 4.60309979e-07
3.30563211e+16 4.60152639e-07
3.30589752e+16 4.59995299e-07
3.30616292e+16 4.59837959e-07
3.30642833e+16 4.59680619e-07
3.30669374e+16 4.59523279e-07
3.30695915e+16 4.59365939e-07
3.30722456e+16 4.59208599e-07
3.30748997e+16 4.59051259e-07
3.30775538e+16 4.58893919e-07
3.30802078e+16 4.58736580e-07
3.30828619e+16 4.58579240e-07
3.30855160e+16 4.58421900e-07
3.30881701e+16 4.58264560e-07
3.30908242e+16 4.58107220e-07
3.30934783e+16 4.57949880e-07
3.30961323e+16 4.57792540e-07
3.30987864e+16 4.57635200e-07
3.31014405e+16 4.57477860e-07
3.31040946e+16 4.57320520e-07
3.31067487e+16 4.57163180e-07
3.31094028e+16 4.57005840e-07
3.31120569e+16 4.56848500e-07
3.31147109e+16 4.56691161e-07
3.31173650e+16 4.56533821e-07
3.31200191e+16 4.56376481e-07
3.31226732e+16 4.56219141e-07
3.31253273e+16 4.56061801e-07
3.31279814e+16 4.55904461e-07
3.31306355e+16 4.55747121e-07
3.31332895e+16 4.55589781e-07
3.31359436e+16 4.55432441e-07
3.31385977e+16 4.55275101e-07
3.31412518e+16 4.55117761e-07
3.31439059e+16 4.54960421e-07
3.31465600e+16 4.54803082e-07
3.31492140e+16 4.54645742e-07
3.31518681e+16 4.54488402e-07
3.31545222e+16 4.54331062e-07
3.31571763e+16 4.54173722e-07
3.31598304e+16 4.54016382e-07
3.31624845e+16 4.53859042e-07
3.31651386e+16 4.53701702e-07
3.31677926e+16 4.53544362e-07
3.31704467e+16 4.53387022e-07
3.31731008e+16 4.53229682e-07
3.31757549e+16 4.53072342e-07
3.31784090e+16 4.52915002e-07
3.31810631e+16 4.52757663e-07
3.31837172e+16 4.52600323e-07
3.31863712e+16 4.52442983e-07
3.31890253e+16 4.52285643e-07
3.31916794e+16 4.52128303e-07
3.31943335e+16 4.51970963e-07
3.31969876e+16 4.51813623e-07
3.31996417e+16 4.51656283e-07
3.32022957e+16 4.51498943e-07
3.32049498e+16 4.51341603e-07
3.32076039e+16 4.51184263e-07
3.32102580e+16 4.51026923e-07
3.32129121e+16 4.50869583e-07
3.32155662e+16 4.50712244e-07
3.32182203e+16 4.50554904e-07
3.32208743e+16 4.50397564e-07
3.32235284e+16 4.50240224e-07
3.32261825e+16 4.50082884e-07
3.32288366e+16 4.49925544e-07
3.32314907e+16 4.49768204e-07
3.32341448e+16 4.49610864e-07
3.32367989e+16 4.49453524e-07
3.32394529e+16 4.49296184e-07
3.32421070e+16 4.49138844e-07
3.32447611e+16 4.48981504e-07
3.32474152e+16 4.48824165e-07
3.32500693e+16 4.48666825e-07
3.32527234e+16 4.48509485e-07
3.32553774e+16 4.48352145e-07
3.32580315e+16 4.48194805e-07
3.32606856e+16 4.48037465e-07
3.32633397e+16 4.47880125e-07
3.32659938e+16 4.47722785e-07
3.32686479e+16 4.47565445e-07
3.32713020e+16 4.47408105e-07
3.32739560e+16 4.47250765e-07
3.32766101e+16 4.47093425e-07
3.32792642e+16 4.46936085e-07
3.32819183e+16 4.46778746e-07
3.32845724e+16 4.46621406e-07
3.32872265e+16 4.46464066e-07
3.32898806e+16 4.46306726e-07
3.32925346e+16 4.46149386e-07
3.32951887e+16 4.45992046e-07
3.32978428e+16 4.45834706e-07
3.33004969e+16 4.45677366e-07
3.33031510e+16 4.45520026e-07
3.33058051e+16 4.45362686e-07
3.33084591e+16 4.45205346e-07
3.33111132e+16 4.45048006e-07
3.33137673e+16 4.44890667e-07
3.33164214e+16 4.44733327e-07
3.33190755e+16 4.44575987e-07
3.33217296e+16 4.44418647e-07
3.33243837e+16 4.44261307e-07
3.33270377e+16 4.44103967e-07
3.33296918e+16 4.43946627e-07
3.33323459e+16 4.43789287e-07
3.33350000e+16 4.43631947e-07
3.33376541e+16 4.43474607e-07
3.33403082e+16 4.43317267e-07
3.33429623e+16 4.43159927e-07
3.33456163e+16 4.43002587e-07
3.33482704e+16 4.42845248e-07
3.33509245e+16 4.42687908e-07
3.33535786e+16 4.42530568e-07
3.33562327e+16 4.42373228e-07
3.33588868e+16 4.42215888e-07
3.33615409e+16 4.42058548e-07
3.33641949e+16 4.41901208e-07
3.33668490e+16 4.41743868e-07
3.33695031e+16 4.41586528e-07
3.33721572e+16 4.41429188e-07
3.33748113e+16 4.41271848e-07
3.33774654e+16 4.41114508e-07
3.33801194e+16 4.40957169e-07
3.33827735e+16 4.40799829e-07
3.33854276e+16 4.40642489e-07
3.33880817e+16 4.40485149e-07
3.33907358e+16 4.40327809e-07
3.33933899e+16 4.40170469e-07
3.33960440e+16 4.40013129e-07
3.33986980e+16 4.39855789e-07
3.34013521e+16 4.39698449e-07
3.34040062e+16 4.39541109e-07
3.34066603e+16 4.39383769e-07
3.34093144e+16 4.39226429e-07
3.34119685e+16 4.39069089e-07
3.34146226e+16 4.38911750e-07
3.34172766e+16 4.38754410e-07
3.34199307e+16 4.38597070e-07
3.34225848e+16 4.38439730e-07
3.34252389e+16 4.38282390e-07
3.34278930e+16 4.38125050e-07
3.34305471e+16 4.37967710e-07
3.34332011e+16 4.37810370e-07
3.34358552e+16 4.37653030e-07
3.34385093e+16 4.37495690e-07
3.34411634e+16 4.37338350e-07
3.34438175e+16 4.37181010e-07
3.34464716e+16 4.37023670e-07
3.34491257e+16 4.36866331e-07
3.34517797e+16 4.36708991e-07
3.34544338e+16 4.36551651e-07
3.34570879e+16 4.36394311e-07
3.34597420e+16 4.36236971e-07
3.34623961e+16 4.36079631e-07
3.34650502e+16 4.35922291e-07
3.34677043e+16 4.35764951e-07
3.34703583e+16 4.35607611e-07
3.34730124e+16 4.35450271e-07
3.34756665e+16 4.35292931e-07
3.34783206e+16 4.35135591e-07
3.34809747e+16 4.34978252e-07
3.34836288e+16 4.34820912e-07
3.34862828e+16 4.34663572e-07
3.34889369e+16 4.34506232e-07
3.34915910e+16 4.34348892e-07
3.34942451e+16 4.34191552e-07
3.34968992e+16 4.34034212e-07
3.34995533e+16 4.33876872e-07
3.35022074e+16 4.33719532e-07
3.35048614e+16 4.33562192e-07
3.35075155e+16 4.33404852e-07
3.35101696e+16 4.33247512e-07
3.35128237e+16 4.33090172e-07
3.35154778e+16 4.32932833e-07
3.35181319e+16 4.32775493e-07
3.35207860e+16 4.32618153e-07
3.35234400e+16 4.32460813e-07
3.35260941e+16 4.32303473e-07
3.35287482e+16 4.32146133e-07
3.35314023e+16 4.31988793e-07
3.35340564e+16 4.31831453e-07
3.35367105e+16 4.31674113e-07
3.35393645e+16 4.31516773e-07
3.35420186e+16 4.31359433e-07
3.35446727e+16 4.31202093e-07
3.35473268e+16 4.31044754e-07
3.35499809e+16 4.30887414e-07
3.35526350e+16 4.30730074e-07
3.35552891e+16 4.30572734e-07
3.35579431e+16 4.30415394e-07
3.35605972e+16 4.30258054e-07
3.35632513e+16 4.30100714e-07
3.35659054e+16 4.29943374e-07
3.35685595e+16 4.29786034e-07
3.35712136e+16 4.29628694e-07
3.35738677e+16 4.29471354e-07
3.35765217e+16 4.29314014e-07
3.35791758e+16 4.29156674e-07
3.35818299e+16 4.28999335e-07
3.35844840e+16 4.28841995e-07
3.35871381e+16 4.28684655e-07
3.35897922e+16 4.28527315e-07
3.35924462e+16 4.28369975e-07
3.35951003e+16 4.28212635e-07
3.35977544e+16 4.28055295e-07
3.36004085e+16 4.27897955e-07
3.36030626e+16 4.27740615e-07
3.36057167e+16 4.27583275e-07
3.36083708e+16 4.27425935e-07
3.36110248e+16 4.27268595e-07
3.36136789e+16 4.27111256e-07
3.36163330e+16 4.26953916e-07
3.36189871e+16 4.26796576e-07
3.36216412e+16 4.26639236e-07
3.36242953e+16 4.26481896e-07
3.36269494e+16 4.26324556e-07
3.36296034e+16 4.26167216e-07
3.36322575e+16 4.26009876e-07
3.36349116e+16 4.25852536e-07
3.36375657e+16 4.25695196e-07
3.36402198e+16 4.25537856e-07
3.36428739e+16 4.25380516e-07
3.36455280e+16 4.25223176e-07
3.36481820e+16 4.25065837e-07
3.36508361e+16 4.24908497e-07
3.36534902e+16 4.24751157e-07
3.36561443e+16 4.24593817e-07
3.36587984e+16 4.24436477e-07
3.36614525e+16 4.24279137e-07
3.36641065e+16 4.24121797e-07
3.36667606e+16 4.23964457e-07
3.36694147e+16 4.23807117e-07
3.36720688e+16 4.23649777e-07
3.36747229e+16 4.23492437e-07
3.36773770e+16 4.23335097e-07
3.36800311e+16 4.23177757e-07
3.36826851e+16 4.23020418e-07
3.36853392e+16 4.22863078e-07
3.36879933e+16 4.22705738e-07
3.36906474e+16 4.22548398e-07
3.36933015e+16 4.22391058e-07
3.36959556e+16 4.22233718e-07
3.36986097e+16 4.22076378e-07
3.37012637e+16 4.21919038e-07
3.37039178e+16 4.21761698e-07
3.37065719e+16 4.21604358e-07
3.37092260e+16 4.21447018e-07
3.37118801e+16 4.21289678e-07
3.37145342e+16 4.21132339e-07
3.37171882e+16 4.20974999e-07
3.37198423e+16 4.20817659e-07
3.37224964e+16 4.20660319e-07
3.37251505e+16 4.20502979e-07
3.37278046e+16 4.20345639e-07
3.37304587e+16 4.20188299e-07
3.37331128e+16 4.20030959e-07
3.37357668e+16 4.19873619e-07
3.37384209e+16 4.19716279e-07
3.37410750e+16 4.19558939e-07
3.37437291e+16 4.19401599e-07
3.37463832e+16 4.19244259e-07
3.37490373e+16 4.19086920e-07
3.37516914e+16 4.18929580e-07
3.37543454e+16 4.18772240e-07
3.37569995e+16 4.18614900e-07
3.37596536e+16 4.18457560e-07
3.37623077e+16 4.18300220e-07
3.37649618e+16 4.18142880e-07
3.37676159e+16 4.17985540e-07
3.37702699e+16 4.17828200e-07
3.37729240e+16 4.17670860e-07
3.37755781e+16 4.17513520e-07
3.37782322e+16 4.17356180e-07
3.37808863e+16 4.17198841e-07
3.37835404e+16 4.17041501e-07
3.37861945e+16 4.16884161e-07
3.37888485e+16 4.16726821e-07
3.37915026e+16 4.16569481e-07
3.37941567e+16 4.16412141e-07
3.37968108e+16 4.16254801e-07
3.37994649e+16 4.16097461e-07
3.38021190e+16 4.15940121e-07
3.38047731e+16 4.15782781e-07
3.38074271e+16 4.15625441e-07
3.38100812e+16 4.15468101e-07
3.38127353e+16 4.15310761e-07
3.38153894e+16 4.15153422e-07
3.38180435e+16 4.14996082e-07
3.38206976e+16 4.14838742e-07
3.38233516e+16 4.14681402e-07
3.38260057e+16 4.14524062e-07
3.38286598e+16 4.14366722e-07
3.38313139e+16 4.14209382e-07
3.38339680e+16 4.14052042e-07
3.38366221e+16 4.13894702e-07
3.38392762e+16 4.13737362e-07
3.38419302e+16 4.13580022e-07
3.38445843e+16 4.13422682e-07
3.38472384e+16 4.13265343e-07
3.38498925e+16 4.13108003e-07
3.38525466e+16 4.12950663e-07
3.38552007e+16 4.12793323e-07
3.38578548e+16 4.12635983e-07
3.38605088e+16 4.12478643e-07
3.38631629e+16 4.12321303e-07
3.38658170e+16 4.12163963e-07
3.38684711e+16 4.12006623e-07
3.38711252e+16 4.11849283e-07
3.38737793e+16 4.11691943e-07
3.38764333e+16 4.11534603e-07
3.38790874e+16 4.11377263e-07
3.38817415e+16 4.11219924e-07
3.38843956e+16 4.11062584e-07
3.38870497e+16 4.10905244e-07
3.38897038e+16 4.10747904e-07
3.38923579e+16 4.10590564e-07
3.38950119e+16 4.10433224e-07
3.38976660e+16 4.10275884e-07
3.39003201e+16 4.10118544e-07
3.39029742e+16 4.09961204e-07
3.39056283e+16 4.09803864e-07
3.39082824e+16 4.09646524e-07
3.39109365e+16 4.09489184e-07
3.39135905e+16 4.09331844e-07
3.39162446e+16 4.09174505e-07
3.39188987e+16 4.09017165e-07
3.39215528e+16 4.08859825e-07
3.39242069e+16 4.08702485e-07
3.39268610e+16 4.08545145e-07
3.39295151e+16 4.08387805e-07
3.39321691e+16 4.08230465e-07
3.39348232e+16 4.08073125e-07
3.39374773e+16 4.07915785e-07
3.39401314e+16 4.07758445e-07
3.39427855e+16 4.07601105e-07
3.39454396e+16 4.07443765e-07
3.39480936e+16 4.07286426e-07
3.39507477e+16 4.07129086e-07
3.39534018e+16 4.06971746e-07
3.39560559e+16 4.06814406e-07
3.39587100e+16 4.06657066e-07
3.39613641e+16 4.06499726e-07
3.39640182e+16 4.06342386e-07
3.39666722e+16 4.06185046e-07
3.39693263e+16 4.06027706e-07
3.39719804e+16 4.05870366e-07
3.39746345e+16 4.05713026e-07
3.39772886e+16 4.05555686e-07
3.39799427e+16 4.05398346e-07
3.39825968e+16 4.05241007e-07
3.39852508e+16 4.05083667e-07
3.39879049e+16 4.04926327e-07
3.39905590e+16 4.04768987e-07
3.39932131e+16 4.04611647e-07
3.39958672e+16 4.04454307e-07
3.39985213e+16 4.04296967e-07
3.40011753e+16 4.04139627e-07
3.40038294e+16 4.03982287e-07
3.40064835e+16 4.03824947e-07
3.40091376e+16 4.03667607e-07
3.40117917e+16 4.03510267e-07
3.40144458e+16 4.03352928e-07
3.40170999e+16 4.03195588e-07
3.40197539e+16 4.03038248e-07
3.40224080e+16 4.02880908e-07
3.40250621e+16 4.02723568e-07
3.40277162e+16 4.02566228e-07
3.40303703e+16 4.02408888e-07
3.40330244e+16 4.02251548e-07
3.40356785e+16 4.02094208e-07
3.40383325e+16 4.01936868e-07
3.40409866e+16 4.01779528e-07
3.40436407e+16 4.01622188e-07
3.40462948e+16 4.01464848e-07
3.40489489e+16 4.01307509e-07
3.40516030e+16 4.01150169e-07
3.40542570e+16 4.00992829e-07
3.40569111e+16 4.00835489e-07
3.40595652e+16 4.00678149e-07
3.40622193e+16 4.00520809e-07
3.40648734e+16 4.00363469e-07
3.40675275e+16 4.00206129e-07
3.40701816e+16 4.00048789e-07
3.40728356e+16 3.99891449e-07
3.40754897e+16 3.99734109e-07
3.40781438e+16 3.99576769e-07
3.40807979e+16 3.99419430e-07
3.40834520e+16 3.99262090e-07
3.40861061e+16 3.99104750e-07
3.40887602e+16 3.98947410e-07
3.40914142e+16 3.98790070e-07
3.40940683e+16 3.98632730e-07
3.40967224e+16 3.98475390e-07
3.40993765e+16 3.98318050e-07
3.41020306e+16 3.98160710e-07
3.41046847e+16 3.98003370e-07
3.41073387e+16 3.97846030e-07
3.41099928e+16 3.97688690e-07
3.41126469e+16 3.97531350e-07
3.41153010e+16 3.97374011e-07
3.41179551e+16 3.97216671e-07
3.41206092e+16 3.97059331e-07
3.41232633e+16 3.96901991e-07
3.41259173e+16 3.96744651e-07
3.41285714e+16 3.96587311e-07
3.41312255e+16 3.96429971e-07
3.41338796e+16 3.96272631e-07
3.41365337e+16 3.96115291e-07
3.41391878e+16 3.95957951e-07
3.41418419e+16 3.95800611e-07
3.41444959e+16 3.95643271e-07
3.41471500e+16 3.95485931e-07
3.41498041e+16 3.95328592e-07
3.41524582e+16 3.95171252e-07
3.41551123e+16 3.95013912e-07
3.41577664e+16 3.94856572e-07
3.41604204e+16 3.94699232e-07
3.41630745e+16 3.94541892e-07
3.41657286e+16 3.94384552e-07
3.41683827e+16 3.94227212e-07
3.41710368e+16 3.94069872e-07
3.41736909e+16 3.93912532e-07
3.41763450e+16 3.93755192e-07
3.41789990e+16 3.93597852e-07
3.41816531e+16 3.93440513e-07
3.41843072e+16 3.93283173e-07
3.41869613e+16 3.93125833e-07
3.41896154e+16 3.92968493e-07
3.41922695e+16 3.92811153e-07
3.41949236e+16 3.92653813e-07
3.41975776e+16 3.92496473e-07
3.42002317e+16 3.92339133e-07
3.42028858e+16 3.92181793e-07
3.42055399e+16 3.92024453e-07
3.42081940e+16 3.91867113e-07
3.42108481e+16 3.91709773e-07
3.42135022e+16 3.91552433e-07
3.42161562e+16 3.91395094e-07
3.42188103e+16 3.91237754e-07
3.42214644e+16 3.91080414e-07
3.42241185e+16 3.90923074e-07
3.42267726e+16 3.90765734e-07
3.42294267e+16 3.90608394e-07
3.42320807e+16 3.90451054e-07
3.42347348e+16 3.90293714e-07
3.42373889e+16 3.90136374e-07
3.42400430e+16 3.89979034e-07
3.42426971e+16 3.89821694e-07
3.42453512e+16 3.89664354e-07
3.42480053e+16 3.89507015e-07
3.42506593e+16 3.89349675e-07
3.42533134e+16 3.89192335e-07
3.42559675e+16 3.89034995e-07
3.42586216e+16 3.88877655e-07
3.42612757e+16 3.88720315e-07
3.42639298e+16 3.88562975e-07
3.42665839e+16 3.88405635e-07
3.42692379e+16 3.88248295e-07
3.42718920e+16 3.88090955e-07
3.42745461e+16 3.87933615e-07
3.42772002e+16 3.87776275e-07
3.42798543e+16 3.87618935e-07
3.42825084e+16 3.87461596e-07
3.42851624e+16 3.87304256e-07
3.42878165e+16 3.87146916e-07
3.42904706e+16 3.86989576e-07
3.42931247e+16 3.86832236e-07
3.42957788e+16 3.86674896e-07
3.42984329e+16 3.86517556e-07
3.43010870e+16 3.86360216e-07
3.43037410e+16 3.86202876e-07
3.43063951e+16 3.86045536e-07
3.43090492e+16 3.85888196e-07
3.43117033e+16 3.85730856e-07
3.43143574e+16 3.85573517e-07
3.43170115e+16 3.85416177e-07
3.43196656e+16 3.85258837e-07
3.43223196e+16 3.85101497e-07
3.43249737e+16 3.84944157e-07
3.43276278e+16 3.84786817e-07
3.43302819e+16 3.84629477e-07
3.43329360e+16 3.84472137e-07
3.43355901e+16 3.84314797e-07
3.43382441e+16 3.84157457e-07
3.43408982e+16 3.84000117e-07
3.43435523e+16 3.83842777e-07
3.43462064e+16 3.83685437e-07
3.43488605e+16 3.83528098e-07
3.43515146e+16 3.83370758e-07
3.43541687e+16 3.83213418e-07
3.43568227e+16 3.83056078e-07
3.43594768e+16 3.82898738e-07
3.43621309e+16 3.82741398e-07
3.43647850e+16 3.82584058e-07
3.43674391e+16 3.82426718e-07
3.43700932e+16 3.82269378e-07
3.43727473e+16 3.82112038e-07
3.43754013e+16 3.81954698e-07
3.43780554e+16 3.81797358e-07
3.43807095e+16 3.81640018e-07
3.43833636e+16 3.81482679e-07
3.43860177e+16 3.81325339e-07
3.43886718e+16 3.81167999e-07
3.43913258e+16 3.81010659e-07
3.43939799e+16 3.80853319e-07
3.43966340e+16 3.80695979e-07
3.43992881e+16 3.80538639e-07
3.44019422e+16 3.80381299e-07
3.44045963e+16 3.80223959e-07
3.44072504e+16 3.80066619e-07
3.44099044e+16 3.79909279e-07
3.44125585e+16 3.79751939e-07
3.44152126e+16 3.79594600e-07
3.44178667e+16 3.79437260e-07
3.44205208e+16 3.79279920e-07
3.44231749e+16 3.79122580e-07
3.44258290e+16 3.78965240e-07
3.44284830e+16 3.78807900e-07
3.44311371e+16 3.78650560e-07
3.44337912e+16 3.78493220e-07
3.44364453e+16 3.78335880e-07
3.44390994e+16 3.78178540e-07
3.44417535e+16 3.78021200e-07
3.44444075e+16 3.77863860e-07
3.44470616e+16 3.77706520e-07
3.44497157e+16 3.77549181e-07
3.44523698e+16 3.77391841e-07
3.44550239e+16 3.77234501e-07
3.44576780e+16 3.77077161e-07
3.44603321e+16 3.76919821e-07
3.44629861e+16 3.76762481e-07
3.44656402e+16 3.76605141e-07
3.44682943e+16 3.76447801e-07
3.44709484e+16 3.76290461e-07
3.44736025e+16 3.76133121e-07
3.44762566e+16 3.75975781e-07
3.44789107e+16 3.75818441e-07
3.44815647e+16 3.75661102e-07
3.44842188e+16 3.75503762e-07
3.44868729e+16 3.75346422e-07
3.44895270e+16 3.75189082e-07
3.44921811e+16 3.75031742e-07
3.44948352e+16 3.74874402e-07
3.44974892e+16 3.74717062e-07
3.45001433e+16 3.74559722e-07
3.45027974e+16 3.74402382e-07
3.45054515e+16 3.74245042e-07
3.45081056e+16 3.74087702e-07
3.45107597e+16 3.73930362e-07
3.45134138e+16 3.73773022e-07
3.45160678e+16 3.73615683e-07
3.45187219e+16 3.73458343e-07
3.45213760e+16 3.73301003e-07
3.45240301e+16 3.73143663e-07
3.45266842e+16 3.72986323e-07
3.45293383e+16 3.72828983e-07
3.45319924e+16 3.72671643e-07
3.45346464e+16 3.72514303e-07
3.45373005e+16 3.72356963e-07
3.45399546e+16 3.72199623e-07
3.45426087e+16 3.72042283e-07
3.45452628e+16 3.71884943e-07
3.45479169e+16 3.71727603e-07
3.45505710e+16 3.71570264e-07
3.45532250e+16 3.71412924e-07
3.45558791e+16 3.71255584e-07
3.45585332e+16 3.71098244e-07
3.45611873e+16 3.70940904e-07
3.45638414e+16 3.70783564e-07
3.45664955e+16 3.70626224e-07
3.45691495e+16 3.70468884e-07
3.45718036e+16 3.70311544e-07
3.45744577e+16 3.70154204e-07
3.45771118e+16 3.69996864e-07
3.45797659e+16 3.69839524e-07
3.45824200e+16 3.69682185e-07
3.45850741e+16 3.69524845e-07
3.45877281e+16 3.69367505e-07
3.45903822e+16 3.69210165e-07
3.45930363e+16 3.69052825e-07
3.45956904e+16 3.68895485e-07
3.45983445e+16 3.68738145e-07
3.46009986e+16 3.68580805e-07
3.46036527e+16 3.68423465e-07
3.46063067e+16 3.68266125e-07
3.46089608e+16 3.68108785e-07
3.46116149e+16 3.67951445e-07
3.46142690e+16 3.67794105e-07
3.46169231e+16 3.67636766e-07
3.46195772e+16 3.67479426e-07
3.46222312e+16 3.67322086e-07
3.46248853e+16 3.67164746e-07
3.46275394e+16 3.67007406e-07
3.46301935e+16 3.66850066e-07
3.46328476e+16 3.66692726e-07
3.46355017e+16 3.66535386e-07
3.46381558e+16 3.66378046e-07
3.46408098e+16 3.66220706e-07
3.46434639e+16 3.66063366e-07
3.46461180e+16 3.65906026e-07
3.46487721e+16 3.65748687e-07
3.46514262e+16 3.65591347e-07
3.46540803e+16 3.65434007e-07
3.46567344e+16 3.65276667e-07
3.46593884e+16 3.65119327e-07
3.46620425e+16 3.64961987e-07
3.46646966e+16 3.64804647e-07
3.46673507e+16 3.64647307e-07
3.46700048e+16 3.64489967e-07
3.46726589e+16 3.64332627e-07
3.46753129e+16 3.64175287e-07
3.46779670e+16 3.64017947e-07
3.46806211e+16 3.63860607e-07
3.46832752e+16 3.63703268e-07
3.46859293e+16 3.63545928e-07
3.46885834e+16 3.63388588e-07
3.46912375e+16 3.63231248e-07
3.46938915e+16 3.63073908e-07
3.46965456e+16 3.62916568e-07
3.46991997e+16 3.62759228e-07
3.47018538e+16 3.62601888e-07
3.47045079e+16 3.62444548e-07
3.47071620e+16 3.62287208e-07
3.47098161e+16 3.62129868e-07
3.47124701e+16 3.61972528e-07
3.47151242e+16 3.61815189e-07
3.47177783e+16 3.61657849e-07
3.47204324e+16 3.61500509e-07
3.47230865e+16 3.61343169e-07
3.47257406e+16 3.61185829e-07
3.47283946e+16 3.61028489e-07
3.47310487e+16 3.60871149e-07
3.47337028e+16 3.60713809e-07
3.47363569e+16 3.60556469e-07
3.47390110e+16 3.60399129e-07
3.47416651e+16 3.60241789e-07
3.47443192e+16 3.60084449e-07
3.47469732e+16 3.59927109e-07
3.47496273e+16 3.59769770e-07
3.47522814e+16 3.59612430e-07
3.47549355e+16 3.59455090e-07
3.47575896e+16 3.59297750e-07
3.47602437e+16 3.59140410e-07
3.47628978e+16 3.58983070e-07
3.47655518e+16 3.58825730e-07
3.47682059e+16 3.58668390e-07
3.47708600e+16 3.58511050e-07
3.47735141e+16 3.58353710e-07
3.47761682e+16 3.58196370e-07
3.47788223e+16 3.58039030e-07
3.47814763e+16 3.57881690e-07
3.47841304e+16 3.57724351e-07
3.47867845e+16 3.57567011e-07
3.47894386e+16 3.57409671e-07
3.47920927e+16 3.57252331e-07
3.47947468e+16 3.57094991e-07
3.47974009e+16 3.56937651e-07
3.48000549e+16 3.56780311e-07
3.48027090e+16 3.56622971e-07
3.48053631e+16 3.56465631e-07
3.48080172e+16 3.56308291e-07
3.48106713e+16 3.56150951e-07
3.48133254e+16 3.55993611e-07
3.48159795e+16 3.55836272e-07
3.48186335e+16 3.55678932e-07
3.48212876e+16 3.55521592e-07
3.48239417e+16 3.55364252e-07
3.48265958e+16 3.55206912e-07
3.48292499e+16 3.55049572e-07
3.48319040e+16 3.54892232e-07
3.48345581e+16 3.54734892e-07
3.48372121e+16 3.54577552e-07
3.48398662e+16 3.54420212e-07
3.48425203e+16 3.54262872e-07
3.48451744e+16 3.54105532e-07
3.48478285e+16 3.53948192e-07
3.48504826e+16 3.53790853e-07
3.48531366e+16 3.53633513e-07
3.48557907e+16 3.53476173e-07
3.48584448e+16 3.53318833e-07
3.48610989e+16 3.53161493e-07
3.48637530e+16 3.53004153e-07
3.48664071e+16 3.52846813e-07
3.48690612e+16 3.52689473e-07
3.48717152e+16 3.52532133e-07
3.48743693e+16 3.52374793e-07
3.48770234e+16 3.52217453e-07
3.48796775e+16 3.52060113e-07
3.48823316e+16 3.51902774e-07
3.48849857e+16 3.51745434e-07
3.48876398e+16 3.51588094e-07
3.48902938e+16 3.51430754e-07
3.48929479e+16 3.51273414e-07
3.48956020e+16 3.51116074e-07
3.48982561e+16 3.50958734e-07
3.49009102e+16 3.50801394e-07
3.49035643e+16 3.50644054e-07
3.49062183e+16 3.50486714e-07
3.49088724e+16 3.50329374e-07
3.49115265e+16 3.50172034e-07
3.49141806e+16 3.50014694e-07
3.49168347e+16 3.49857355e-07
3.49194888e+16 3.49700015e-07
3.49221429e+16 3.49542675e-07
3.49247969e+16 3.49385335e-07
3.49274510e+16 3.49227995e-07
3.49301051e+16 3.49107580e-07
3.49327592e+16 3.48999448e-07
3.49354133e+16 3.48891315e-07
3.49380674e+16 3.48783183e-07
3.49407215e+16 3.48675050e-07
3.49433755e+16 3.48566918e-07
3.49460296e+16 3.48458786e-07
3.49486837e+16 3.48350653e-07
3.49513378e+16 3.48242521e-07
3.49539919e+16 3.48134388e-07
3.49566460e+16 3.48026256e-07
3.49593000e+16 3.47918124e-07
3.49619541e+16 3.47809991e-07
3.49646082e+16 3.47701859e-07
3.49672623e+16 3.47593726e-07
3.49699164e+16 3.47485594e-07
3.49725705e+16 3.47377462e-07
3.49752246e+16 3.47269329e-07
3.49778786e+16 3.47161197e-07
3.49805327e+16 3.47053065e-07
3.49831868e+16 3.46944932e-07
3.49858409e+16 3.46836800e-07
3.49884950e+16 3.46728667e-07
3.49911491e+16 3.46620535e-07
3.49938032e+16 3.46512403e-07
3.49964572e+16 3.46404270e-07
3.49991113e+16 3.46296138e-07
3.50017654e+16 3.46188005e-07
3.50044195e+16 3.46079873e-07
3.50070736e+16 3.45971741e-07
3.50097277e+16 3.45863608e-07
3.50123817e+16 3.45755476e-07
3.50150358e+16 3.45647343e-07
3.50176899e+16 3.45539211e-07
3.50203440e+16 3.45431079e-07
3.50229981e+16 3.45322946e-07
3.50256522e+16 3.45214814e-07
3.50283063e+16 3.45106681e-07
3.50309603e+16 3.44998549e-07
3.50336144e+16 3.44890417e-07
3.50362685e+16 3.44782284e-07
3.50389226e+16 3.44674152e-07
3.50415767e+16 3.44566019e-07
3.50442308e+16 3.44457887e-07
3.50468849e+16 3.44349755e-07
3.50495389e+16 3.44241622e-07
3.50521930e+16 3.44133490e-07
3.50548471e+16 3.44025357e-07
3.50575012e+16 3.43917225e-07
3.50601553e+16 3.43809093e-07
3.50628094e+16 3.43700960e-07
3.50654634e+16 3.43592828e-07
3.50681175e+16 3.43484695e-07
3.50707716e+16 3.43376563e-07
3.50734257e+16 3.43268431e-07
3.50760798e+16 3.43160298e-07
3.50787339e+16 3.43052166e-07
3.50813880e+16 3.42944033e-07
3.50840420e+16 3.42835901e-07
3.50866961e+16 3.42727769e-07
3.50893502e+16 3.42619636e-07
3.50920043e+16 3.42511504e-07
3.50946584e+16 3.42403371e-07
3.50973125e+16 3.42295239e-07
3.50999666e+16 3.42187107e-07
3.51026206e+16 3.42078974e-07
3.51052747e+16 3.41970842e-07
3.51079288e+16 3.41862709e-07
3.51105829e+16 3.41754577e-07
3.51132370e+16 3.41646445e-07
3.51158911e+16 3.41538312e-07
3.51185452e+16 3.41430180e-07
3.51211992e+16 3.41322048e-07
3.51238533e+16 3.41213915e-07
3.51265074e+16 3.41105783e-07
3.51291615e+16 3.40997650e-07
3.51318156e+16 3.40889518e-07
3.51344697e+16 3.40781386e-07
3.51371237e+16 3.40673253e-07
3.51397778e+16 3.40565121e-07
3.51424319e+16 3.40456988e-07
3.51450860e+16 3.40348856e-07
3.51477401e+16 3.40240724e-07
3.51503942e+16 3.40132591e-07
3.51530483e+16 3.40024459e-07
3.51557023e+16 3.39916326e-07
3.51583564e+16 3.39808194e-07
3.51610105e+16 3.39700062e-07
3.51636646e+16 3.39591929e-07
3.51663187e+16 3.39483797e-07
3.51689728e+16 3.39375664e-07
3.51716269e+16 3.39267532e-07
3.51742809e+16 3.39159400e-07
3.51769350e+16 3.39051267e-07
3.51795891e+16 3.38943135e-07
3.51822432e+16 3.38835002e-07
3.51848973e+16 3.38726870e-07
3.51875514e+16 3.38618738e-07
3.51902054e+16 3.38510605e-07
3.51928595e+16 3.38402473e-07
3.51955136e+16 3.38294340e-07
3.51981677e+16 3.38186208e-07
3.52008218e+16 3.38078076e-07
3.52034759e+16 3.37969943e-07
3.52061300e+16 3.37861811e-07
3.52087840e+16 3.37753678e-07
3.52114381e+16 3.37645546e-07
3.52140922e+16 3.37537414e-07
3.52167463e+16 3.37429281e-07
3.52194004e+16 3.37321149e-07
3.52220545e+16 3.37213016e-07
3.52247086e+16 3.37104884e-07
3.52273626e+16 3.36996752e-07
3.52300167e+16 3.36888619e-07
3.52326708e+16 3.36780487e-07
3.52353249e+16 3.36672354e-07
3.52379790e+16 3.36564222e-07
3.52406331e+16 3.36456090e-07
3.52432871e+16 3.36347957e-07
3.52459412e+16 3.36239825e-07
3.52485953e+16 3.36131693e-07
3.52512494e+16 3.36023560e-07
3.52539035e+16 3.35915428e-07
3.52565576e+16 3.35807295e-07
3.52592117e+16 3.35699163e-07
3.52618657e+16 3.35591031e-07
3.52645198e+16 3.35482898e-07
3.52671739e+16 3.35374766e-07
3.52698280e+16 3.35266633e-07
3.52724821e+16 3.35158501e-07
3.52751362e+16 3.35050369e-07
3.52777903e+16 3.34942236e-07
3.52804443e+16 3.34834104e-07
3.52830984e+16 3.34725971e-07
3.52857525e+16 3.34617839e-07
3.52884066e+16 3.34509707e-07
3.52910607e+16 3.34401574e-07
3.52937148e+16 3.34293442e-07
3.52963688e+16 3.34185309e-07
3.52990229e+16 3.34077177e-07
3.53016770e+16 3.33969045e-07
3.53043311e+16 3.33860912e-07
3.53069852e+16 3.33752780e-07
3.53096393e+16 3.33644647e-07
3.53122934e+16 3.33536515e-07
3.53149474e+16 3.33428383e-07
3.53176015e+16 3.33320250e-07
3.53202556e+16 3.33212118e-07
3.53229097e+16 3.33103985e-07
3.53255638e+16 3.32995853e-07
3.53282179e+16 3.32887721e-07
3.53308720e+16 3.32779588e-07
3.53335260e+16 3.32671456e-07
3.53361801e+16 3.32563323e-07
3.53388342e+16 3.32455191e-07
3.53414883e+16 3.32347059e-07
3.53441424e+16 3.32238926e-07
3.53467965e+16 3.32130794e-07
3.53494505e+16 3.32022661e-07
3.53521046e+16 3.31914529e-07
3.53547587e+16 3.31806397e-07
3.53574128e+16 3.31698264e-07
3.53600669e+16 3.31590132e-07
3.53627210e+16 3.31481999e-07
3.53653751e+16 3.31373867e-07
3.53680291e+16 3.31265735e-07
3.53706832e+16 3.31157602e-07
3.53733373e+16 3.31049470e-07
3.53759914e+16 3.30941337e-07
3.53786455e+16 3.30833205e-07
3.53812996e+16 3.30725073e-07
3.53839537e+16 3.30616940e-07
3.53866077e+16 3.30508808e-07
3.53892618e+16 3.30400676e-07
3.53919159e+16 3.30292543e-07
3.53945700e+16 3.30184411e-07
3.53972241e+16 3.30076278e-07
3.53998782e+16 3.29968146e-07
3.54025323e+16 3.29860014e-07
3.54051863e+16 3.29751881e-07
3.54078404e+16 3.29643749e-07
3.54104945e+16 3.29535616e-07
3.54131486e+16 3.29427484e-07
3.54158027e+16 3.29319352e-07
3.54184568e+16 3.29211219e-07
3.54211108e+16 3.29103087e-07
3.54237649e+16 3.28994954e-07
3.54264190e+16 3.28886822e-07
3.54290731e+16 3.28778690e-07
3.54317272e+16 3.28670557e-07
3.54343813e+16 3.28562425e-07
3.54370354e+16 3.28454292e-07
3.54396894e+16 3.28346160e-07
3.54423435e+16 3.28238028e-07
3.54449976e+16 3.28129895e-07
3.54476517e+16 3.28021763e-07
3.54503058e+16 3.27913630e-07
3.54529599e+16 3.27805498e-07
3.54556140e+16 3.27697366e-07
3.54582680e+16 3.27589233e-07
3.54609221e+16 3.27481101e-07
3.54635762e+16 3.27372968e-07
3.54662303e+16 3.27264836e-07
3.54688844e+16 3.27156704e-07
3.54715385e+16 3.27048571e-07
3.54741925e+16 3.26940439e-07
3.54768466e+16 3.26832306e-07
3.54795007e+16 3.26724174e-07
3.54821548e+16 3.26616042e-07
3.54848089e+16 3.26507909e-07
3.54874630e+16 3.26399777e-07
3.54901171e+16 3.26291644e-07
3.54927711e+16 3.26183512e-07
3.54954252e+16 3.26075380e-07
3.54980793e+16 3.25967247e-07
3.55007334e+16 3.25859115e-07
3.55033875e+16 3.25750982e-07
3.55060416e+16 3.25642850e-07
3.55086957e+16 3.25534718e-07
3.55113497e+16 3.25426585e-07
3.55140038e+16 3.25318453e-07
3.55166579e+16 3.25210321e-07
3.55193120e+16 3.25102188e-07
3.55219661e+16 3.24994056e-07
3.55246202e+16 3.24885923e-07
3.55272742e+16 3.24777791e-07
3.55299283e+16 3.24669659e-07
3.55325824e+16 3.24561526e-07
3.55352365e+16 3.24453394e-07
3.55378906e+16 3.24345261e-07
3.55405447e+16 3.24237129e-07
3.55431988e+16 3.24128997e-07
3.55458528e+16 3.24020864e-07
3.55485069e+16 3.23912732e-07
3.55511610e+16 3.23804599e-07
3.55538151e+16 3.23696467e-07
3.55564692e+16 3.23588335e-07
3.55591233e+16 3.23480202e-07
3.55617774e+16 3.23372070e-07
3.55644314e+16 3.23263937e-07
3.55670855e+16 3.23155805e-07
3.55697396e+16 3.23047673e-07
3.55723937e+16 3.22939540e-07
3.55750478e+16 3.22831408e-07
3.55777019e+16 3.22723275e-07
3.55803559e+16 3.22615143e-07
3.55830100e+16 3.22507011e-07
3.55856641e+16 3.22398878e-07
3.55883182e+16 3.22290746e-07
3.55909723e+16 3.22182613e-07
3.55936264e+16 3.22074481e-07
3.55962805e+16 3.21966349e-07
3.55989345e+16 3.21858216e-07
3.56015886e+16 3.21750084e-07
3.56042427e+16 3.21641951e-07
3.56068968e+16 3.21533819e-07
3.56095509e+16 3.21425687e-07
3.56122050e+16 3.21317554e-07
3.56148591e+16 3.21209422e-07
3.56175131e+16 3.21101289e-07
3.56201672e+16 3.20993157e-07
3.56228213e+16 3.20885025e-07
3.56254754e+16 3.20776892e-07
3.56281295e+16 3.20668760e-07
3.56307836e+16 3.20560627e-07
3.56334376e+16 3.20452495e-07
3.56360917e+16 3.20344363e-07
3.56387458e+16 3.20236230e-07
3.56413999e+16 3.20128098e-07
3.56440540e+16 3.20019965e-07
3.56467081e+16 3.19911833e-07
3.56493622e+16 3.19803701e-07
3.56520162e+16 3.19695568e-07
3.56546703e+16 3.19587436e-07
3.56573244e+16 3.19479304e-07
3.56599785e+16 3.19371171e-07
3.56626326e+16 3.19263039e-07
3.56652867e+16 3.19154906e-07
3.56679408e+16 3.19046774e-07
3.56705948e+16 3.18938642e-07
3.56732489e+16 3.18830509e-07
3.56759030e+16 3.18722377e-07
3.56785571e+16 3.18614244e-07
3.56812112e+16 3.18506112e-07
3.56838653e+16 3.18397980e-07
3.56865194e+16 3.18289847e-07
3.56891734e+16 3.18181715e-07
3.56918275e+16 3.18073582e-07
3.56944816e+16 3.17965450e-07
3.56971357e+16 3.17857318e-07
3.56997898e+16 3.17749185e-07
3.57024439e+16 3.17641053e-07
3.57050979e+16 3.17532920e-07
3.57077520e+16 3.17424788e-07
3.57104061e+16 3.17316656e-07
3.57130602e+16 3.17208523e-07
3.57157143e+16 3.17100391e-07
3.57183684e+16 3.16992258e-07
3.57210225e+16 3.16884126e-07
3.57236765e+16 3.16775994e-07
3.57263306e+16 3.16667861e-07
3.57289847e+16 3.16559729e-07
3.57316388e+16 3.16451596e-07
3.57342929e+16 3.16343464e-07
3.57369470e+16 3.16235332e-07
3.57396011e+16 3.16127199e-07
3.57422551e+16 3.16019067e-07
3.57449092e+16 3.15910934e-07
3.57475633e+16 3.15802802e-07
3.57502174e+16 3.15694670e-07
3.57528715e+16 3.15586537e-07
3.57555256e+16 3.15478405e-07
3.57581796e+16 3.15370272e-07
3.57608337e+16 3.15262140e-07
3.57634878e+16 3.15154008e-07
3.57661419e+16 3.15045875e-07
3.57687960e+16 3.14937743e-07
3.57714501e+16 3.14829610e-07
3.57741042e+16 3.14721478e-07
3.57767582e+16 3.14613346e-07
3.57794123e+16 3.14505213e-07
3.57820664e+16 3.14397081e-07
3.57847205e+16 3.14288949e-07
3.57873746e+16 3.14180816e-07
3.57900287e+16 3.14072684e-07
3.57926828e+16 3.13964551e-07
3.57953368e+16 3.13856419e-07
3.57979909e+16 3.13748287e-07
3.58006450e+16 3.13640154e-07
3.58032991e+16 3.13532022e-07
3.58059532e+16 3.13423889e-07
3.58086073e+16 3.13315757e-07
3.58112613e+16 3.13207625e-07
3.58139154e+16 3.13099492e-07
3.58165695e+16 3.12991360e-07
3.58192236e+16 3.12883227e-07
3.58218777e+16 3.12775095e-07
3.58245318e+16 3.12666963e-07
3.58271859e+16 3.12558830e-07
3.58298399e+16 3.12450698e-07
3.58324940e+16 3.12342565e-07
3.58351481e+16 3.12234433e-07
3.58378022e+16 3.12126301e-07
3.58404563e+16 3.12018168e-07
3.58431104e+16 3.11910036e-07
3.58457645e+16 3.11801903e-07
3.58484185e+16 3.11693771e-07
3.58510726e+16 3.11585639e-07
3.58537267e+16 3.11477506e-07
3.58563808e+16 3.11369374e-07
3.58590349e+16 3.11261241e-07
3.58616890e+16 3.11153109e-07
3.58643430e+16 3.11044977e-07
3.58669971e+16 3.10936844e-07
3.58696512e+16 3.10828712e-07
3.58723053e+16 3.10720579e-07
3.58749594e+16 3.10612447e-07
3.58776135e+16 3.10504315e-07
3.58802676e+16 3.10396182e-07
3.58829216e+16 3.10288050e-07
3.58855757e+16 3.10179917e-07
3.58882298e+16 3.10071785e-07
3.58908839e+16 3.09963653e-07
3.58935380e+16 3.09855520e-07
3.58961921e+16 3.09747388e-07
3.58988462e+16 3.09639255e-07
3.59015002e+16 3.09531123e-07
3.59041543e+16 3.09422991e-07
3.59068084e+16 3.09314858e-07
3.59094625e+16 3.09206726e-07
3.59121166e+16 3.09098593e-07
3.59147707e+16 3.08990461e-07
3.59174247e+16 3.08882329e-07
3.59200788e+16 3.08774196e-07
3.59227329e+16 3.08666064e-07
3.59253870e+16 3.08557932e-07
3.59280411e+16 3.08449799e-07
3.59306952e+16 3.08341667e-07
3.59333493e+16 3.08233534e-07
3.59360033e+16 3.08125402e-07
3.59386574e+16 3.08017270e-07
3.59413115e+16 3.07909137e-07
3.59439656e+16 3.07801005e-07
3.59466197e+16 3.07692872e-07
3.59492738e+16 3.07584740e-07
3.59519279e+16 3.07476608e-07
3.59545819e+16 3.07368475e-07
3.59572360e+16 3.07260343e-07
3.59598901e+16 3.07152210e-07
3.59625442e+16 3.07044078e-07
3.59651983e+16 3.06935946e-07
3.59678524e+16 3.06827813e-07
3.59705065e+16 3.06719681e-07
3.59731605e+16 3.06611548e-07
3.59758146e+16 3.06503416e-07
3.59784687e+16 3.06395284e-07
3.59811228e+16 3.06287151e-07
3.59837769e+16 3.06179019e-07
3.59864310e+16 3.06070886e-07
3.59890850e+16 3.05962754e-07
3.59917391e+16 3.05854622e-07
3.59943932e+16 3.05746489e-07
3.59970473e+16 3.05638357e-07
3.59997014e+16 3.05530224e-07
3.60023555e+16 3.05422092e-07
3.60050096e+16 3.05313960e-07
3.60076636e+16 3.05205827e-07
3.60103177e+16 3.05097695e-07
3.60129718e+16 3.04989562e-07
3.60156259e+16 3.04881430e-07
3.60182800e+16 3.04773298e-07
3.60209341e+16 3.04665165e-07
3.60235882e+16 3.04557033e-07
3.60262422e+16 3.04448900e-07
3.60288963e+16 3.04340768e-07
3.60315504e+16 3.04232636e-07
3.60342045e+16 3.04124503e-07
3.60368586e+16 3.04016371e-07
3.60395127e+16 3.03908238e-07
3.60421667e+16 3.03800106e-07
3.60448208e+16 3.03691974e-07
3.60474749e+16 3.03583841e-07
3.60501290e+16 3.03475709e-07
3.60527831e+16 3.03367576e-07
3.60554372e+16 3.03259444e-07
3.60580913e+16 3.03151312e-07
3.60607453e+16 3.03043179e-07
3.60633994e+16 3.02935047e-07
3.60660535e+16 3.02826915e-07
3.60687076e+16 3.02718782e-07
3.60713617e+16 3.02610650e-07
3.60740158e+16 3.02502517e-07
3.60766699e+16 3.02394385e-07
3.60793239e+16 3.02286253e-07
3.60819780e+16 3.02178120e-07
3.60846321e+16 3.02069988e-07
3.60872862e+16 3.01961855e-07
3.60899403e+16 3.01853723e-07
3.60925944e+16 3.01745591e-07
3.60952484e+16 3.01637458e-07
3.60979025e+16 3.01529326e-07
3.61005566e+16 3.01421193e-07
3.61032107e+16 3.01313061e-07
3.61058648e+16 3.01204929e-07
3.61085189e+16 3.01096796e-07
3.61111730e+16 3.00988664e-07
3.61138270e+16 3.00880531e-07
3.61164811e+16 3.00772399e-07
3.61191352e+16 3.00664267e-07
3.61217893e+16 3.00556134e-07
3.61244434e+16 3.00448002e-07
3.61270975e+16 3.00339869e-07
3.61297516e+16 3.00231737e-07
3.61324056e+16 3.00123605e-07
3.61350597e+16 3.00015472e-07
3.61377138e+16 2.99907340e-07
3.61403679e+16 2.99799207e-07
3.61430220e+16 2.99691075e-07
3.61456761e+16 2.99582943e-07
3.61483301e+16 2.99474810e-07
3.61509842e+16 2.99366678e-07
3.61536383e+16 2.99258545e-07
3.61562924e+16 2.99150413e-07
3.61589465e+16 2.99042281e-07
3.61616006e+16 2.98934148e-07
3.61642547e+16 2.98826016e-07
3.61669087e+16 2.98717883e-07
3.61695628e+16 2.98609751e-07
3.61722169e+16 2.98501619e-07
3.61748710e+16 2.98393486e-07
3.61775251e+16 2.98285354e-07
3.61801792e+16 2.98177221e-07
3.61828333e+16 2.98069089e-07
3.61854873e+16 2.97960957e-07
3.61881414e+16 2.97852824e-07
3.61907955e+16 2.97744692e-07
3.61934496e+16 2.97636560e-07
3.61961037e+16 2.97528427e-07
3.61987578e+16 2.97420295e-07
3.62014118e+16 2.97312162e-07
3.62040659e+16 2.97204030e-07
3.62067200e+16 2.97095898e-07
3.62093741e+16 2.96987765e-07
3.62120282e+16 2.96879633e-07
3.62146823e+16 2.96771500e-07
3.62173364e+16 2.96663368e-07
3.62199904e+16 2.96555236e-07
3.62226445e+16 2.96447103e-07
3.62252986e+16 2.96338971e-07
3.62279527e+16 2.96230838e-07
3.62306068e+16 2.96122706e-07
3.62332609e+16 2.96014574e-07
3.62359150e+16 2.95906441e-07
3.62385690e+16 2.95798309e-07
3.62412231e+16 2.95690176e-07
3.62438772e+16 2.95582044e-07
3.62465313e+16 2.95473912e-07
3.62491854e+16 2.95365779e-07
3.62518395e+16 2.95257647e-07
3.62544935e+16 2.95149514e-07
3.62571476e+16 2.95041382e-07
3.62598017e+16 2.94933250e-07
3.62624558e+16 2.94825117e-07
3.62651099e+16 2.94716985e-07
3.62677640e+16 2.94608852e-07
3.62704181e+16 2.94500720e-07
3.62730721e+16 2.94392588e-07
3.62757262e+16 2.94284455e-07
3.62783803e+16 2.94176323e-07
3.62810344e+16 2.94068190e-07
3.62836885e+16 2.93960058e-07
3.62863426e+16 2.93851926e-07
3.62889967e+16 2.93743793e-07
3.62916507e+16 2.93635661e-07
3.62943048e+16 2.93527528e-07
3.62969589e+16 2.93419396e-07
3.62996130e+16 2.93311264e-07
3.63022671e+16 2.93203131e-07
3.63049212e+16 2.93094999e-07
3.63075753e+16 2.92986866e-07
3.63102293e+16 2.92878734e-07
3.63128834e+16 2.92770602e-07
3.63155375e+16 2.92662469e-07
3.63181916e+16 2.92554337e-07
3.63208457e+16 2.92446204e-07
3.63234998e+16 2.92338072e-07
3.63261538e+16 2.92229940e-07
3.63288079e+16 2.92121807e-07
3.63314620e+16 2.92013675e-07
3.63341161e+16 2.91905543e-07
3.63367702e+16 2.91797410e-07
3.63394243e+16 2.91689278e-07
3.63420784e+16 2.91581145e-07
3.63447324e+16 2.91473013e-07
3.63473865e+16 2.91364881e-07
3.63500406e+16 2.91256748e-07
3.63526947e+16 2.91148616e-07
3.63553488e+16 2.91040483e-07
3.63580029e+16 2.90932351e-07
3.63606570e+16 2.90824219e-07
3.63633110e+16 2.90716086e-07
3.63659651e+16 2.90607954e-07
3.63686192e+16 2.90499821e-07
3.63712733e+16 2.90391689e-07
3.63739274e+16 2.90283557e-07
3.63765815e+16 2.90175424e-07
3.63792355e+16 2.90067292e-07
3.63818896e+16 2.89959159e-07
3.63845437e+16 2.89851027e-07
3.63871978e+16 2.89742895e-07
3.63898519e+16 2.89634762e-07
3.63925060e+16 2.89526630e-07
3.63951601e+16 2.89418497e-07
3.63978141e+16 2.89310365e-07
3.64004682e+16 2.89202233e-07
3.64031223e+16 2.89094100e-07
3.64057764e+16 2.88985968e-07
3.64084305e+16 2.88877835e-07
3.64110846e+16 2.88769703e-07
3.64137387e+16 2.88661571e-07
3.64163927e+16 2.88553438e-07
3.64190468e+16 2.88445306e-07
3.64217009e+16 2.88337173e-07
3.64243550e+16 2.88229041e-07
3.64270091e+16 2.88120909e-07
3.64296632e+16 2.88012776e-07
3.64323172e+16 2.87904644e-07
3.64349713e+16 2.87796511e-07
3.64376254e+16 2.87688379e-07
3.64402795e+16 2.87580247e-07
3.64429336e+16 2.87472114e-07
3.64455877e+16 2.87363982e-07
3.64482418e+16 2.87255849e-07
3.64508958e+16 2.87147717e-07
3.64535499e+16 2.87039585e-07
3.64562040e+16 2.86931452e-07
3.64588581e+16 2.86823320e-07
3.64615122e+16 2.86715188e-07
3.64641663e+16 2.86607055e-07
3.64668204e+16 2.86498923e-07
3.64694744e+16 2.86390790e-07
3.64721285e+16 2.86282658e-07
3.64747826e+16 2.86174526e-07
3.64774367e+16 2.86066393e-07
3.64800908e+16 2.85958261e-07
3.64827449e+16 2.85850128e-07
3.64853989e+16 2.85741996e-07
3.64880530e+16 2.85633864e-07
3.64907071e+16 2.85525731e-07
3.64933612e+16 2.85417599e-07
3.64960153e+16 2.85309466e-07
3.64986694e+16 2.85201334e-07
3.65013235e+16 2.85093202e-07
3.65039775e+16 2.84985069e-07
3.65066316e+16 2.84876937e-07
3.65092857e+16 2.84768804e-07
3.65119398e+16 2.84660672e-07
3.65145939e+16 2.84552540e-07
3.65172480e+16 2.84444407e-07
3.65199021e+16 2.84336275e-07
3.65225561e+16 2.84228142e-07
3.65252102e+16 2.84120010e-07
3.65278643e+16 2.84011878e-07
3.65305184e+16 2.83903745e-07
3.65331725e+16 2.83795613e-07
3.65358266e+16 2.83687480e-07
3.65384806e+16 2.83579348e-07
3.65411347e+16 2.83471216e-07
3.65437888e+16 2.83363083e-07
3.65464429e+16 2.83254951e-07
3.65490970e+16 2.83146818e-07
3.65517511e+16 2.83038686e-07
3.65544052e+16 2.82930554e-07
3.65570592e+16 2.82822421e-07
3.65597133e+16 2.82714289e-07
3.65623674e+16 2.82606156e-07
3.65650215e+16 2.82498024e-07
3.65676756e+16 2.82389892e-07
3.65703297e+16 2.82281759e-07
3.65729838e+16 2.82173627e-07
3.65756378e+16 2.82065494e-07
3.65782919e+16 2.81957362e-07
3.65809460e+16 2.81849230e-07
3.65836001e+16 2.81741097e-07
3.65862542e+16 2.81632965e-07
3.65889083e+16 2.81524832e-07
3.65915624e+16 2.81416700e-07
3.65942164e+16 2.81308568e-07
3.65968705e+16 2.81200435e-07
3.65995246e+16 2.81092303e-07
3.66021787e+16 2.80984171e-07
3.66048328e+16 2.80876038e-07
3.66074869e+16 2.80767906e-07
3.66101409e+16 2.80659773e-07
3.66127950e+16 2.80551641e-07
3.66154491e+16 2.80443509e-07
3.66181032e+16 2.80335376e-07
3.66207573e+16 2.80227244e-07
3.66234114e+16 2.80119111e-07
3.66260655e+16 2.80010979e-07
3.66287195e+16 2.79902847e-07
3.66313736e+16 2.79794714e-07
3.66340277e+16 2.79686582e-07
3.66366818e+16 2.79578449e-07
3.66393359e+16 2.79470317e-07
3.66419900e+16 2.79362185e-07
3.66446441e+16 2.79254052e-07
3.66472981e+16 2.79145920e-07
3.66499522e+16 2.79037787e-07
3.66526063e+16 2.78929655e-07
3.66552604e+16 2.78821523e-07
3.66579145e+16 2.78713390e-07
3.66605686e+16 2.78605258e-07
3.66632226e+16 2.78497125e-07
3.66658767e+16 2.78388993e-07
3.66685308e+16 2.78280861e-07
3.66711849e+16 2.78172728e-07
3.66738390e+16 2.78064596e-07
3.66764931e+16 2.77956463e-07
3.66791472e+16 2.77848331e-07
3.66818012e+16 2.77740199e-07
3.66844553e+16 2.77632066e-07
3.66871094e+16 2.77523934e-07
3.66897635e+16 2.77415801e-07
3.66924176e+16 2.77307669e-07
3.66950717e+16 2.77199537e-07
3.66977258e+16 2.77091404e-07
3.67003798e+16 2.76983272e-07
3.67030339e+16 2.76875139e-07
3.67056880e+16 2.76767007e-07
3.67083421e+16 2.76658875e-07
3.67109962e+16 2.76550742e-07
3.67136503e+16 2.76442610e-07
3.67163043e+16 2.76334477e-07
3.67189584e+16 2.76226345e-07
3.67216125e+16 2.76118213e-07
3.67242666e+16 2.76010080e-07
3.67269207e+16 2.75901948e-07
3.67295748e+16 2.75793815e-07
3.67322289e+16 2.75685683e-07
3.67348829e+16 2.75577551e-07
3.67375370e+16 2.75469418e-07
3.67401911e+16 2.75361286e-07
3.67428452e+16 2.75253154e-07
3.67454993e+16 2.75145021e-07
3.67481534e+16 2.75036889e-07
3.67508075e+16 2.74928756e-07
3.67534615e+16 2.74820624e-07
3.67561156e+16 2.74712492e-07
3.67587697e+16 2.74604359e-07
3.67614238e+16 2.74496227e-07
3.67640779e+16 2.74388094e-07
3.67667320e+16 2.74279962e-07
3.67693860e+16 2.74171830e-07
3.67720401e+16 2.74063697e-07
3.67746942e+16 2.73955565e-07
3.67773483e+16 2.73847432e-07
3.67800024e+16 2.73739300e-07
3.67826565e+16 2.73631168e-07
3.67853106e+16 2.73523035e-07
3.67879646e+16 2.73414903e-07
3.67906187e+16 2.73306770e-07
3.67932728e+16 2.73198638e-07
3.67959269e+16 2.73090506e-07
3.67985810e+16 2.72982373e-07
3.68012351e+16 2.72874241e-07
3.68038892e+16 2.72766108e-07
3.68065432e+16 2.72657976e-07
3.68091973e+16 2.72549844e-07
3.68118514e+16 2.72441711e-07
3.68145055e+16 2.72333579e-07
3.68171596e+16 2.72225446e-07
3.68198137e+16 2.72117314e-07
3.68224677e+16 2.72009182e-07
3.68251218e+16 2.71901049e-07
3.68277759e+16 2.71792917e-07
3.68304300e+16 2.71684784e-07
3.68330841e+16 2.71576652e-07
3.68357382e+16 2.71468520e-07
3.68383923e+16 2.71360387e-07
3.68410463e+16 2.71252255e-07
3.68437004e+16 2.71144122e-07
3.68463545e+16 2.71035990e-07
3.68490086e+16 2.70927858e-07
3.68516627e+16 2.70819725e-07
3.68543168e+16 2.70711593e-07
3.68569709e+16 2.70603460e-07
3.68596249e+16 2.70495328e-07
3.68622790e+16 2.70387196e-07
3.68649331e+16 2.70279063e-07
3.68675872e+16 2.70170931e-07
3.68702413e+16 2.70062799e-07
3.68728954e+16 2.69954666e-07
3.68755495e+16 2.69846534e-07
3.68782035e+16 2.69738401e-07
3.68808576e+16 2.69630269e-07
3.68835117e+16 2.69522137e-07
3.68861658e+16 2.69414004e-07
3.68888199e+16 2.69305872e-07
3.68914740e+16 2.69197739e-07
3.68941280e+16 2.69089607e-07
3.68967821e+16 2.68981475e-07
3.68994362e+16 2.68873342e-07
3.69020903e+16 2.68765210e-07
3.69047444e+16 2.68657077e-07
3.69073985e+16 2.68548945e-07
3.69100526e+16 2.68440813e-07
3.69127066e+16 2.68332680e-07
3.69153607e+16 2.68224548e-07
3.69180148e+16 2.68116415e-07
3.69206689e+16 2.68008283e-07
3.69233230e+16 2.67900151e-07
3.69259771e+16 2.67792018e-07
3.69286312e+16 2.67683886e-07
3.69312852e+16 2.67575753e-07
3.69339393e+16 2.67467621e-07
3.69365934e+16 2.67359489e-07
3.69392475e+16 2.67251356e-07
3.69419016e+16 2.67143224e-07
3.69445557e+16 2.67035091e-07
3.69472097e+16 2.66926959e-07
3.69498638e+16 2.66818827e-07
3.69525179e+16 2.66710694e-07
3.69551720e+16 2.66602562e-07
3.69578261e+16 2.66494429e-07
3.69604802e+16 2.66386297e-07
3.69631343e+16 2.66278165e-07
3.69657883e+16 2.66170032e-07
3.69684424e+16 2.66061900e-07
3.69710965e+16 2.65953767e-07
3.69737506e+16 2.65845635e-07
3.69764047e+16 2.65737503e-07
3.69790588e+16 2.65629370e-07
3.69817129e+16 2.65521238e-07
3.69843669e+16 2.65413105e-07
3.69870210e+16 2.65304973e-07
3.69896751e+16 2.65196841e-07
3.69923292e+16 2.65088708e-07
3.69949833e+16 2.64980576e-07
3.69976374e+16 2.64872443e-07
3.70002914e+16 2.64764311e-07
3.70029455e+16 2.64656179e-07
3.70055996e+16 2.64548046e-07
3.70082537e+16 2.64439914e-07
3.70109078e+16 2.64331782e-07
3.70135619e+16 2.64223649e-07
3.70162160e+16 2.64115517e-07
3.70188700e+16 2.64007384e-07
3.70215241e+16 2.63899252e-07
3.70241782e+16 2.63791120e-07
3.70268323e+16 2.63682987e-07
3.70294864e+16 2.63574855e-07
3.70321405e+16 2.63466722e-07
3.70347946e+16 2.63358590e-07
3.70374486e+16 2.63250458e-07
3.70401027e+16 2.63142325e-07
3.70427568e+16 2.63034193e-07
3.70454109e+16 2.62926060e-07
3.70480650e+16 2.62817928e-07
3.70507191e+16 2.62709796e-07
3.70533731e+16 2.62601663e-07
3.70560272e+16 2.62493531e-07
3.70586813e+16 2.62385398e-07
3.70613354e+16 2.62277266e-07
3.70639895e+16 2.62169134e-07
3.70666436e+16 2.62061001e-07
3.70692977e+16 2.61952869e-07
3.70719517e+16 2.61844736e-07
3.70746058e+16 2.61736604e-07
3.70772599e+16 2.61628472e-07
3.70799140e+16 2.61520339e-07
3.70825681e+16 2.61412207e-07
3.70852222e+16 2.61304074e-07
3.70878763e+16 2.61195942e-07
3.70905303e+16 2.61087810e-07
3.70931844e+16 2.60979677e-07
3.70958385e+16 2.60871545e-07
3.70984926e+16 2.60763412e-07
3.71011467e+16 2.60655280e-07
3.71038008e+16 2.60547148e-07
3.71064548e+16 2.60439015e-07
3.71091089e+16 2.60330883e-07
3.71117630e+16 2.60222750e-07
3.71144171e+16 2.60114618e-07
3.71170712e+16 2.60006486e-07
3.71197253e+16 2.59898353e-07
3.71223794e+16 2.59790221e-07
3.71250334e+16 2.59682088e-07
3.71276875e+16 2.59573956e-07
3.71303416e+16 2.59465824e-07
3.71329957e+16 2.59357691e-07
3.71356498e+16 2.59249559e-07
3.71383039e+16 2.59141427e-07
3.71409580e+16 2.59033294e-07
3.71436120e+16 2.58925162e-07
3.71462661e+16 2.58817029e-07
3.71489202e+16 2.58708897e-07
3.71515743e+16 2.58600765e-07
3.71542284e+16 2.58492632e-07
3.71568825e+16 2.58384500e-07
3.71595366e+16 2.58276367e-07
3.71621906e+16 2.58168235e-07
3.71648447e+16 2.58060103e-07
3.71674988e+16 2.57951970e-07
3.71701529e+16 2.57843838e-07
3.71728070e+16 2.57735705e-07
3.71754611e+16 2.57627573e-07
3.71781151e+16 2.57519441e-07
3.71807692e+16 2.57411308e-07
3.71834233e+16 2.57303176e-07
3.71860774e+16 2.57195043e-07
3.71887315e+16 2.57086911e-07
3.71913856e+16 2.56978779e-07
3.71940397e+16 2.56870646e-07
3.71966937e+16 2.56762514e-07
3.71993478e+16 2.56654381e-07
3.72020019e+16 2.56546249e-07
3.72046560e+16 2.56438117e-07
3.72073101e+16 2.56329984e-07
3.72099642e+16 2.56221852e-07
3.72126183e+16 2.56113719e-07
3.72152723e+16 2.56005587e-07
3.72179264e+16 2.55897455e-07
3.72205805e+16 2.55789322e-07
3.72232346e+16 2.55681190e-07
3.72258887e+16 2.55573057e-07
3.72285428e+16 2.55464925e-07
3.72311968e+16 2.55356793e-07
3.72338509e+16 2.55248660e-07
3.72365050e+16 2.55140528e-07
3.72391591e+16 2.55032395e-07
3.72418132e+16 2.54924263e-07
3.72444673e+16 2.54816131e-07
3.72471214e+16 2.54707998e-07
3.72497754e+16 2.54599866e-07
3.72524295e+16 2.54491733e-07
3.72550836e+16 2.54383601e-07
3.72577377e+16 2.54275469e-07
3.72603918e+16 2.54167336e-07
3.72630459e+16 2.54059204e-07
3.72657000e+16 2.53951071e-07
3.72683540e+16 2.53842939e-07
3.72710081e+16 2.53734807e-07
3.72736622e+16 2.53626674e-07
3.72763163e+16 2.53518542e-07
3.72789704e+16 2.53410410e-07
3.72816245e+16 2.53302277e-07
3.72842785e+16 2.53194145e-07
3.72869326e+16 2.53086012e-07
3.72895867e+16 2.52977880e-07
3.72922408e+16 2.52869748e-07
3.72948949e+16 2.52761615e-07
3.72975490e+16 2.52653483e-07
3.73002031e+16 2.52545350e-07
3.73028571e+16 2.52437218e-07
3.73055112e+16 2.52329086e-07
3.73081653e+16 2.52220953e-07
3.73108194e+16 2.52112821e-07
3.73134735e+16 2.52004688e-07
3.73161276e+16 2.51896556e-07
3.73187817e+16 2.51788424e-07
3.73214357e+16 2.51680291e-07
3.73240898e+16 2.51572159e-07
3.73267439e+16 2.51464026e-07
3.73293980e+16 2.51355894e-07
3.73320521e+16 2.51247762e-07
3.73347062e+16 2.51139629e-07
3.73373602e+16 2.51031497e-07
3.73400143e+16 2.50923364e-07
3.73426684e+16 2.50815232e-07
3.73453225e+16 2.50707100e-07
3.73479766e+16 2.50598967e-07
3.73506307e+16 2.50490835e-07
3.73532848e+16 2.50382702e-07
3.73559388e+16 2.50274570e-07
3.73585929e+16 2.50166438e-07
3.73612470e+16 2.50058305e-07
3.73639011e+16 2.49950173e-07
3.73665552e+16 2.49842040e-07
3.73692093e+16 2.49733908e-07
3.73718634e+16 2.49625776e-07
3.73745174e+16 2.49517643e-07
3.73771715e+16 2.49409511e-07
3.73798256e+16 2.49301378e-07
3.73824797e+16 2.49193246e-07
3.73851338e+16 2.49085114e-07
3.73877879e+16 2.48976981e-07
3.73904419e+16 2.48868849e-07
3.73930960e+16 2.48760716e-07
3.73957501e+16 2.48652584e-07
3.73984042e+16 2.48544452e-07
3.74010583e+16 2.48436319e-07
3.74037124e+16 2.48328187e-07
3.74063665e+16 2.48220055e-07
3.74090205e+16 2.48111922e-07
3.74116746e+16 2.48003790e-07
3.74143287e+16 2.47895657e-07
3.74169828e+16 2.47787525e-07
3.74196369e+16 2.47679393e-07
3.74222910e+16 2.47571260e-07
3.74249451e+16 2.47463128e-07
3.74275991e+16 2.47354995e-07
3.74302532e+16 2.47246863e-07
3.74329073e+16 2.47138731e-07
3.74355614e+16 2.47030598e-07
3.74382155e+16 2.46922466e-07
3.74408696e+16 2.46823953e-07
3.74435237e+16 2.46748768e-07
3.74461777e+16 2.46673582e-07
3.74488318e+16 2.46598396e-07
3.74514859e+16 2.46523211e-07
3.74541400e+16 2.46448025e-07
3.74567941e+16 2.46372839e-07
3.74594482e+16 2.46297654e-07
3.74621022e+16 2.46222468e-07
3.74647563e+16 2.46147283e-07
3.74674104e+16 2.46072097e-07
3.74700645e+16 2.45996911e-07
3.74727186e+16 2.45921726e-07
3.74753727e+16 2.45846540e-07
3.74780268e+16 2.45771354e-07
3.74806808e+16 2.45696169e-07
3.74833349e+16 2.45620983e-07
3.74859890e+16 2.45545797e-07
3.74886431e+16 2.45470612e-07
3.74912972e+16 2.45395426e-07
3.74939513e+16 2.45320240e-07
3.74966054e+16 2.45245055e-07
3.74992594e+16 2.45169869e-07
3.75019135e+16 2.45094683e-07
3.75045676e+16 2.45019498e-07
3.75072217e+16 2.44944312e-07
3.75098758e+16 2.44869126e-07
3.75125299e+16 2.44793941e-07
3.75151839e+16 2.44718755e-07
3.75178380e+16 2.44643569e-07
3.75204921e+16 2.44568384e-07
3.75231462e+16 2.44493198e-07
3.75258003e+16 2.44418012e-07
3.75284544e+16 2.44342827e-07
3.75311085e+16 2.44267641e-07
3.75337625e+16 2.44192455e-07
3.75364166e+16 2.44117270e-07
3.75390707e+16 2.44042084e-07
3.75417248e+16 2.43966898e-07
3.75443789e+16 2.43891713e-07
3.75470330e+16 2.43816527e-07
3.75496871e+16 2.43741341e-07
3.75523411e+16 2.43666156e-07
3.75549952e+16 2.43590970e-07
3.75576493e+16 2.43515784e-07
3.75603034e+16 2.43440599e-07
3.75629575e+16 2.43365413e-07
3.75656116e+16 2.43290227e-07
3.75682656e+16 2.43215042e-07
3.75709197e+16 2.43139856e-07
3.75735738e+16 2.43064670e-07
3.75762279e+16 2.42989485e-07
3.75788820e+16 2.42914299e-07
3.75815361e+16 2.42839113e-07
3.75841902e+16 2.42763928e-07
3.75868442e+16 2.42688742e-07
3.75894983e+16 2.42613556e-07
3.75921524e+16 2.42538371e-07
3.75948065e+16 2.42463185e-07
3.75974606e+16 2.42387999e-07
3.76001147e+16 2.42312814e-07
3.76027688e+16 2.42237628e-07
3.76054228e+16 2.42162442e-07
3.76080769e+16 2.42087257e-07
3.76107310e+16 2.42012071e-07
3.76133851e+16 2.41936885e-07
3.76160392e+16 2.41861700e-07
3.76186933e+16 2.41786514e-07
3.76213473e+16 2.41711328e-07
3.76240014e+16 2.41636143e-07
3.76266555e+16 2.41560957e-07
3.76293096e+16 2.41485771e-07
3.76319637e+16 2.41410586e-07
3.76346178e+16 2.41335400e-07
3.76372719e+16 2.41260215e-07
3.76399259e+16 2.41185029e-07
3.76425800e+16 2.41109843e-07
3.76452341e+16 2.41034658e-07
3.76478882e+16 2.40959472e-07
3.76505423e+16 2.40884286e-07
3.76531964e+16 2.40809101e-07
3.76558505e+16 2.40733915e-07
3.76585045e+16 2.40658729e-07
3.76611586e+16 2.40583544e-07
3.76638127e+16 2.40508358e-07
3.76664668e+16 2.40433172e-07
3.76691209e+16 2.40357987e-07
3.76717750e+16 2.40282801e-07
3.76744290e+16 2.40207615e-07
3.76770831e+16 2.40132430e-07
3.76797372e+16 2.40057244e-07
3.76823913e+16 2.39982058e-07
3.76850454e+16 2.39906873e-07
3.76876995e+16 2.39831687e-07
3.76903536e+16 2.39756501e-07
3.76930076e+16 2.39681316e-07
3.76956617e+16 2.39606130e-07
3.76983158e+16 2.39530944e-07
3.77009699e+16 2.39455759e-07
3.77036240e+16 2.39380573e-07
3.77062781e+16 2.39305387e-07
3.77089322e+16 2.39230202e-07
3.77115862e+16 2.39155016e-07
3.77142403e+16 2.39079830e-07
3.77168944e+16 2.39004645e-07
3.77195485e+16 2.38929459e-07
3.77222026e+16 2.38854273e-07
3.77248567e+16 2.38779088e-07
3.77275108e+16 2.38703902e-07
3.77301648e+16 2.38628716e-07
3.77328189e+16 2.38553531e-07
3.77354730e+16 2.38478345e-07
3.77381271e+16 2.38403159e-07
3.77407812e+16 2.38327974e-07
3.77434353e+16 2.38252788e-07
3.77460893e+16 2.38177602e-07
3.77487434e+16 2.38102417e-07
3.77513975e+16 2.38027231e-07
3.77540516e+16 2.37952045e-07
3.77567057e+16 2.37876860e-07
3.77593598e+16 2.37801674e-07
3.77620139e+16 2.37726488e-07
3.77646679e+16 2.37651303e-07
3.77673220e+16 2.37576117e-07
3.77699761e+16 2.37500931e-07
3.77726302e+16 2.37425746e-07
3.77752843e+16 2.37350560e-07
3.77779384e+16 2.37275374e-07
3.77805925e+16 2.37200189e-07
3.77832465e+16 2.37125003e-07
3.77859006e+16 2.37049817e-07
3.77885547e+16 2.36974632e-07
3.77912088e+16 2.36899446e-07
3.77938629e+16 2.36824260e-07
3.77965170e+16 2.36749075e-07
3.77991710e+16 2.36673889e-07
3.78018251e+16 2.36598704e-07
3.78044792e+16 2.36523518e-07
3.78071333e+16 2.36448332e-07
3.78097874e+16 2.36373147e-07
3.78124415e+16 2.36297961e-07
3.78150956e+16 2.36222775e-07
3.78177496e+16 2.36147590e-07
3.78204037e+16 2.36072404e-07
3.78230578e+16 2.35997218e-07
3.78257119e+16 2.35922033e-07
3.78283660e+16 2.35846847e-07
3.78310201e+16 2.35771661e-07
3.78336742e+16 2.35696476e-07
3.78363282e+16 2.35621290e-07
3.78389823e+16 2.35546104e-07
3.78416364e+16 2.35470919e-07
3.78442905e+16 2.35395733e-07
3.78469446e+16 2.35320547e-07
3.78495987e+16 2.35245362e-07
3.78522527e+16 2.35170176e-07
3.78549068e+16 2.35094990e-07
3.78575609e+16 2.35019805e-07
3.78602150e+16 2.34944619e-07
3.78628691e+16 2.34869433e-07
3.78655232e+16 2.34794248e-07
3.78681773e+16 2.34719062e-07
3.78708313e+16 2.34643876e-07
3.78734854e+16 2.34568691e-07
3.78761395e+16 2.34493505e-07
3.78787936e+16 2.34418319e-07
3.78814477e+16 2.34343134e-07
3.78841018e+16 2.34267948e-07
3.78867559e+16 2.34192762e-07
3.78894099e+16 2.34117577e-07
3.78920640e+16 2.34042391e-07
3.78947181e+16 2.33967205e-07
3.78973722e+16 2.33892020e-07
3.79000263e+16 2.33816834e-07
3.79026804e+16 2.33741648e-07
3.79053344e+16 2.33666463e-07
3.79079885e+16 2.33591277e-07
3.79106426e+16 2.33516091e-07
3.79132967e+16 2.33440906e-07
3.79159508e+16 2.33365720e-07
3.79186049e+16 2.33290534e-07
3.79212590e+16 2.33215349e-07
3.79239130e+16 2.33140163e-07
3.79265671e+16 2.33064977e-07
3.79292212e+16 2.32989792e-07
3.79318753e+16 2.32914606e-07
3.79345294e+16 2.32839420e-07
3.79371835e+16 2.32764235e-07
3.79398376e+16 2.32689049e-07
3.79424916e+16 2.32613863e-07
3.79451457e+16 2.32538678e-07
3.79477998e+16 2.32463492e-07
3.79504539e+16 2.32388306e-07
3.79531080e+16 2.32313121e-07
3.79557621e+16 2.32237935e-07
3.79584161e+16 2.32162749e-07
3.79610702e+16 2.32087564e-07
3.79637243e+16 2.32012378e-07
3.79663784e+16 2.31937192e-07
3.79690325e+16 2.31862007e-07
3.79716866e+16 2.31786821e-07
3.79743407e+16 2.31711636e-07
3.79769947e+16 2.31636450e-07
3.79796488e+16 2.31561264e-07
3.79823029e+16 2.31486079e-07
3.79849570e+16 2.31410893e-07
3.79876111e+16 2.31335707e-07
3.79902652e+16 2.31260522e-07
3.79929193e+16 2.31185336e-07
3.79955733e+16 2.31110150e-07
3.79982274e+16 2.31034965e-07
3.80008815e+16 2.30959779e-07
3.80035356e+16 2.30884593e-07
3.80061897e+16 2.30809408e-07
3.80088438e+16 2.30734222e-07
3.80114978e+16 2.30659036e-07
3.80141519e+16 2.30583851e-07
3.80168060e+16 2.30508665e-07
3.80194601e+16 2.30433479e-07
3.80221142e+16 2.30358294e-07
3.80247683e+16 2.30283108e-07
3.80274224e+16 2.30207922e-07
3.80300764e+16 2.30132737e-07
3.80327305e+16 2.30057551e-07
3.80353846e+16 2.29982365e-07
3.80380387e+16 2.29907180e-07
3.80406928e+16 2.29831994e-07
3.80433469e+16 2.29756808e-07
3.80460010e+16 2.29681623e-07
3.80486550e+16 2.29606437e-07
3.80513091e+16 2.29531251e-07
3.80539632e+16 2.29456066e-07
3.80566173e+16 2.29380880e-07
3.80592714e+16 2.29305694e-07
3.80619255e+16 2.29230509e-07
3.80645796e+16 2.29155323e-07
3.80672336e+16 2.29080137e-07
3.80698877e+16 2.29004952e-07
3.80725418e+16 2.28929766e-07
3.80751959e+16 2.28854580e-07
3.80778500e+16 2.28779395e-07
3.80805041e+16 2.28704209e-07
3.80831581e+16 2.28629023e-07
3.80858122e+16 2.28553838e-07
3.80884663e+16 2.28478652e-07
3.80911204e+16 2.28403466e-07
3.80937745e+16 2.28328281e-07
3.80964286e+16 2.28253095e-07
3.80990827e+16 2.28177909e-07
3.81017367e+16 2.28102724e-07
3.81043908e+16 2.28027538e-07
3.81070449e+16 2.27952352e-07
3.81096990e+16 2.27877167e-07
3.81123531e+16 2.27801981e-07
3.81150072e+16 2.27726795e-07
3.81176613e+16 2.27651610e-07
3.81203153e+16 2.27576424e-07
3.81229694e+16 2.27501238e-07
3.81256235e+16 2.27426053e-07
3.81282776e+16 2.27350867e-07
3.81309317e+16 2.27275681e-07
3.81335858e+16 2.27200496e-07
3.81362398e+16 2.27125310e-07
3.81388939e+16 2.27050125e-07
3.81415480e+16 2.26974939e-07
3.81442021e+16 2.26899753e-07
3.81468562e+16 2.26824568e-07
3.81495103e+16 2.26749382e-07
3.81521644e+16 2.26674196e-07
3.81548184e+16 2.26599011e-07
3.81574725e+16 2.26523825e-07
3.81601266e+16 2.26448639e-07
3.81627807e+16 2.26373454e-07
3.81654348e+16 2.26298268e-07
3.81680889e+16 2.26223082e-07
3.81707430e+16 2.26147897e-07
3.81733970e+16 2.26072711e-07
3.81760511e+16 2.25997525e-07
3.81787052e+16 2.25922340e-07
3.81813593e+16 2.25847154e-07
3.81840134e+16 2.25771968e-07
3.81866675e+16 2.25696783e-07
3.81893215e+16 2.25621597e-07
3.81919756e+16 2.25546411e-07
3.81946297e+16 2.25471226e-07
3.81972838e+16 2.25396040e-07
3.81999379e+16 2.25320854e-07
3.82025920e+16 2.25245669e-07
3.82052461e+16 2.25170483e-07
3.82079001e+16 2.25095297e-07
3.82105542e+16 2.25020112e-07
3.82132083e+16 2.24944926e-07
3.82158624e+16 2.24869740e-07
3.82185165e+16 2.24794555e-07
3.82211706e+16 2.24719369e-07
3.82238247e+16 2.24644183e-07
3.82264787e+16 2.24568998e-07
3.82291328e+16 2.24493812e-07
3.82317869e+16 2.24418626e-07
3.82344410e+16 2.24343441e-07
3.82370951e+16 2.24268255e-07
3.82397492e+16 2.24193069e-07
3.82424032e+16 2.24117884e-07
3.82450573e+16 2.24042698e-07
3.82477114e+16 2.23967512e-07
3.82503655e+16 2.23892327e-07
3.82530196e+16 2.23817141e-07
3.82556737e+16 2.23741955e-07
3.82583278e+16 2.23666770e-07
3.82609818e+16 2.23591584e-07
3.82636359e+16 2.23516398e-07
3.82662900e+16 2.23441213e-07
3.82689441e+16 2.23366027e-07
3.82715982e+16 2.23290841e-07
3.82742523e+16 2.23215656e-07
3.82769064e+16 2.23140470e-07
3.82795604e+16 2.23065284e-07
3.82822145e+16 2.22990099e-07
3.82848686e+16 2.22914913e-07
3.82875227e+16 2.22839727e-07
3.82901768e+16 2.22764542e-07
3.82928309e+16 2.22689356e-07
3.82954849e+16 2.22614170e-07
3.82981390e+16 2.22538985e-07
3.83007931e+16 2.22463799e-07
3.83034472e+16 2.22388613e-07
3.83061013e+16 2.22313428e-07
3.83087554e+16 2.22238242e-07
3.83114095e+16 2.22163057e-07
3.83140635e+16 2.22087871e-07
3.83167176e+16 2.22012685e-07
3.83193717e+16 2.21937500e-07
3.83220258e+16 2.21862314e-07
3.83246799e+16 2.21787128e-07
3.83273340e+16 2.21711943e-07
3.83299881e+16 2.21636757e-07
3.83326421e+16 2.21561571e-07
3.83352962e+16 2.21486386e-07
3.83379503e+16 2.21411200e-07
3.83406044e+16 2.21336014e-07
3.83432585e+16 2.21260829e-07
3.83459126e+16 2.21185643e-07
3.83485667e+16 2.21110457e-07
3.83512207e+16 2.21035272e-07
3.83538748e+16 2.20960086e-07
3.83565289e+16 2.20884900e-07
3.83591830e+16 2.20809715e-07
3.83618371e+16 2.20734529e-07
3.83644912e+16 2.20659343e-07
3.83671452e+16 2.20584158e-07
3.83697993e+16 2.20508972e-07
3.83724534e+16 2.20433786e-07
3.83751075e+16 2.20358601e-07
3.83777616e+16 2.20283415e-07
3.83804157e+16 2.20208229e-07
3.83830698e+16 2.20133044e-07
3.83857238e+16 2.20057858e-07
3.83883779e+16 2.19982672e-07
3.83910320e+16 2.19907487e-07
3.83936861e+16 2.19832301e-07
3.83963402e+16 2.19757115e-07
3.83989943e+16 2.19681930e-07
3.84016484e+16 2.19606744e-07
3.84043024e+16 2.19531558e-07
3.84069565e+16 2.19456373e-07
3.84096106e+16 2.19381187e-07
3.84122647e+16 2.19306001e-07
3.84149188e+16 2.19230816e-07
3.84175729e+16 2.19155630e-07
3.84202269e+16 2.19080444e-07
3.84228810e+16 2.19005259e-07
3.84255351e+16 2.18930073e-07
3.84281892e+16 2.18854887e-07
3.84308433e+16 2.18779702e-07
3.84334974e+16 2.18704516e-07
3.84361515e+16 2.18629330e-07
3.84388055e+16 2.18554145e-07
3.84414596e+16 2.18478959e-07
3.84441137e+16 2.18403773e-07
3.84467678e+16 2.18328588e-07
3.84494219e+16 2.18253402e-07
3.84520760e+16 2.18178216e-07
3.84547301e+16 2.18103031e-07
3.84573841e+16 2.18027845e-07
3.84600382e+16 2.17952659e-07
3.84626923e+16 2.17877474e-07
3.84653464e+16 2.17802288e-07
3.84680005e+16 2.17727102e-07
3.84706546e+16 2.17651917e-07
3.84733086e+16 2.17576731e-07
3.84759627e+16 2.17501545e-07
3.84786168e+16 2.17426360e-07
3.84812709e+16 2.17351174e-07
3.84839250e+16 2.17275989e-07
3.84865791e+16 2.17200803e-07
3.84892332e+16 2.17125617e-07
3.84918872e+16 2.17050432e-07
3.84945413e+16 2.16975246e-07
3.84971954e+16 2.16900060e-07
3.84998495e+16 2.16824875e-07
3.85025036e+16 2.16749689e-07
3.85051577e+16 2.16674503e-07
3.85078118e+16 2.16599318e-07
3.85104658e+16 2.16524132e-07
3.85131199e+16 2.16448946e-07
3.85157740e+16 2.16373761e-07
3.85184281e+16 2.16298575e-07
3.85210822e+16 2.16223389e-07
3.85237363e+16 2.16148204e-07
3.85263903e+16 2.16073018e-07
3.85290444e+16 2.15997832e-07
3.85316985e+16 2.15922647e-07
3.85343526e+16 2.15847461e-07
3.85370067e+16 2.15772275e-07
3.85396608e+16 2.15697090e-07
3.85423149e+16 2.15621904e-07
3.85449689e+16 2.15546718e-07
3.85476230e+16 2.15471533e-07
3.85502771e+16 2.15396347e-07
3.85529312e+16 2.15321161e-07
3.85555853e+16 2.15245976e-07
3.85582394e+16 2.15170790e-07
3.85608935e+16 2.15095604e-07
3.85635475e+16 2.15020419e-07
3.85662016e+16 2.14945233e-07
3.85688557e+16 2.14870047e-07
3.85715098e+16 2.14794862e-07
3.85741639e+16 2.14719676e-07
3.85768180e+16 2.14644490e-07
3.85794720e+16 2.14569305e-07
3.85821261e+16 2.14494119e-07
3.85847802e+16 2.14418933e-07
3.85874343e+16 2.14343748e-07
3.85900884e+16 2.14268562e-07
3.85927425e+16 2.14193376e-07
3.85953966e+16 2.14118191e-07
3.85980506e+16 2.14043005e-07
3.86007047e+16 2.13967819e-07
3.86033588e+16 2.13892634e-07
3.86060129e+16 2.13817448e-07
3.86086670e+16 2.13742262e-07
3.86113211e+16 2.13667077e-07
3.86139752e+16 2.13591891e-07
3.86166292e+16 2.13516705e-07
3.86192833e+16 2.13441520e-07
3.86219374e+16 2.13366334e-07
3.86245915e+16 2.13291148e-07
3.86272456e+16 2.13215963e-07
3.86298997e+16 2.13140777e-07
3.86325538e+16 2.13065591e-07
3.86352078e+16 2.12990406e-07
3.86378619e+16 2.12915220e-07
3.86405160e+16 2.12840034e-07
3.86431701e+16 2.12764849e-07
3.86458242e+16 2.12689663e-07
3.86484783e+16 2.12614478e-07
3.86511323e+16 2.12539292e-07
3.86537864e+16 2.12464106e-07
3.86564405e+16 2.12388921e-07
3.86590946e+16 2.12313735e-07
3.86617487e+16 2.12238549e-07
3.86644028e+16 2.12163364e-07
3.86670569e+16 2.12088178e-07
3.86697109e+16 2.12012992e-07
3.86723650e+16 2.11937807e-07
3.86750191e+16 2.11862621e-07
3.86776732e+16 2.11787435e-07
3.86803273e+16 2.11712250e-07
3.86829814e+16 2.11637064e-07
3.86856355e+16 2.11561878e-07
3.86882895e+16 2.11486693e-07
3.86909436e+16 2.11411507e-07
3.86935977e+16 2.11336321e-07
3.86962518e+16 2.11261136e-07
3.86989059e+16 2.11185950e-07
3.87015600e+16 2.11110764e-07
3.87042140e+16 2.11035579e-07
3.87068681e+16 2.10960393e-07
3.87095222e+16 2.10885207e-07
3.87121763e+16 2.10810022e-07
3.87148304e+16 2.10734836e-07
3.87174845e+16 2.10659650e-07
3.87201386e+16 2.10584465e-07
3.87227926e+16 2.10509279e-07
3.87254467e+16 2.10434093e-07
3.87281008e+16 2.10358908e-07
3.87307549e+16 2.10283722e-07
3.87334090e+16 2.10208536e-07
3.87360631e+16 2.10133351e-07
3.87387172e+16 2.10058165e-07
3.87413712e+16 2.09982979e-07
3.87440253e+16 2.09907794e-07
3.87466794e+16 2.09832608e-07
3.87493335e+16 2.09757422e-07
3.87519876e+16 2.09682237e-07
3.87546417e+16 2.09607051e-07
3.87572957e+16 2.09531865e-07
3.87599498e+16 2.09456680e-07
3.87626039e+16 2.09381494e-07
3.87652580e+16 2.09306308e-07
3.87679121e+16 2.09231123e-07
3.87705662e+16 2.09155937e-07
3.87732203e+16 2.09080751e-07
3.87758743e+16 2.09005566e-07
3.87785284e+16 2.08930380e-07
3.87811825e+16 2.08855194e-07
3.87838366e+16 2.08780009e-07
3.87864907e+16 2.08704823e-07
3.87891448e+16 2.08629637e-07
3.87917989e+16 2.08554452e-07
3.87944529e+16 2.08479266e-07
3.87971070e+16 2.08404080e-07
3.87997611e+16 2.08328895e-07
3.88024152e+16 2.08253709e-07
3.88050693e+16 2.08178523e-07
3.88077234e+16 2.08103338e-07
3.88103774e+16 2.08028152e-07
3.88130315e+16 2.07952966e-07
3.88156856e+16 2.07877781e-07
3.88183397e+16 2.07802595e-07
3.88209938e+16 2.07727410e-07
3.88236479e+16 2.07652224e-07
3.88263020e+16 2.07577038e-07
3.88289560e+16 2.07501853e-07
3.88316101e+16 2.07426667e-07
3.88342642e+16 2.07351481e-07
3.88369183e+16 2.07276296e-07
3.88395724e+16 2.07201110e-07
3.88422265e+16 2.07125924e-07
3.88448806e+16 2.07050739e-07
3.88475346e+16 2.06975553e-07
3.88501887e+16 2.06900367e-07
3.88528428e+16 2.06825182e-07
3.88554969e+16 2.06749996e-07
3.88581510e+16 2.06674810e-07
3.88608051e+16 2.06599625e-07
3.88634591e+16 2.06524439e-07
3.88661132e+16 2.06449253e-07
3.88687673e+16 2.06374068e-07
3.88714214e+16 2.06298882e-07
3.88740755e+16 2.06223696e-07
3.88767296e+16 2.06148511e-07
3.88793837e+16 2.06073325e-07
3.88820377e+16 2.05998139e-07
3.88846918e+16 2.05922954e-07
3.88873459e+16 2.05847768e-07
3.88900000e+16 2.05772582e-07
3.88926541e+16 2.05697397e-07
3.88953082e+16 2.05622211e-07
3.88979623e+16 2.05547025e-07
3.89006163e+16 2.05471840e-07
3.89032704e+16 2.05396654e-07
3.89059245e+16 2.05321468e-07
3.89085786e+16 2.05246283e-07
3.89112327e+16 2.05171097e-07
3.89138868e+16 2.05095911e-07
3.89165409e+16 2.05020726e-07
3.89191949e+16 2.04945540e-07
3.89218490e+16 2.04870354e-07
3.89245031e+16 2.04795169e-07
3.89271572e+16 2.04719983e-07
3.89298113e+16 2.04644797e-07
3.89324654e+16 2.04569612e-07
3.89351194e+16 2.04494426e-07
3.89377735e+16 2.04419240e-07
3.89404276e+16 2.04344055e-07
3.89430817e+16 2.04268869e-07
3.89457358e+16 2.04193683e-07
3.89483899e+16 2.04118498e-07
3.89510440e+16 2.04043312e-07
3.89536980e+16 2.03968126e-07
3.89563521e+16 2.03892941e-07
3.89590062e+16 2.03817755e-07
3.89616603e+16 2.03742569e-07
3.89643144e+16 2.03667384e-07
3.89669685e+16 2.03592198e-07
3.89696226e+16 2.03517012e-07
3.89722766e+16 2.03441827e-07
3.89749307e+16 2.03366641e-07
3.89775848e+16 2.03291455e-07
3.89802389e+16 2.03216270e-07
3.89828930e+16 2.03141084e-07
3.89855471e+16 2.03065899e-07
3.89882011e+16 2.02990713e-07
3.89908552e+16 2.02915527e-07
3.89935093e+16 2.02840342e-07
3.89961634e+16 2.02765156e-07
3.89988175e+16 2.02689970e-07
3.90014716e+16 2.02614785e-07
3.90041257e+16 2.02539599e-07
3.90067797e+16 2.02464413e-07
3.90094338e+16 2.02389228e-07
3.90120879e+16 2.02314042e-07
3.90147420e+16 2.02238856e-07
3.90173961e+16 2.02163671e-07
3.90200502e+16 2.02088485e-07
3.90227043e+16 2.02013299e-07
3.90253583e+16 2.01938114e-07
3.90280124e+16 2.01862928e-07
3.90306665e+16 2.01787742e-07
3.90333206e+16 2.01712557e-07
3.90359747e+16 2.01637371e-07
3.90386288e+16 2.01562185e-07
3.90412828e+16 2.01487000e-07
3.90439369e+16 2.01411814e-07
3.90465910e+16 2.01336628e-07
3.90492451e+16 2.01261443e-07
3.90518992e+16 2.01186257e-07
3.90545533e+16 2.01111071e-07
3.90572074e+16 2.01035886e-07
3.90598614e+16 2.00960700e-07
3.90625155e+16 2.00885514e-07
3.90651696e+16 2.00810329e-07
3.90678237e+16 2.00735143e-07
3.90704778e+16 2.00659957e-07
3.90731319e+16 2.00584772e-07
3.90757860e+16 2.00509586e-07
3.90784400e+16 2.00434400e-07
3.90810941e+16 2.00359215e-07
3.90837482e+16 2.00284029e-07
3.90864023e+16 2.00208843e-07
3.90890564e+16 2.00133658e-07
3.90917105e+16 2.00058472e-07
3.90943645e+16 1.99983286e-07
3.90970186e+16 1.99908101e-07
3.90996727e+16 1.99832915e-07
3.91023268e+16 1.99757729e-07
3.91049809e+16 1.99682544e-07
3.91076350e+16 1.99607358e-07
3.91102891e+16 1.99532172e-07
3.91129431e+16 1.99456987e-07
3.91155972e+16 1.99381801e-07
3.91182513e+16 1.99306615e-07
3.91209054e+16 1.99231430e-07
3.91235595e+16 1.99156244e-07
3.91262136e+16 1.99081058e-07
3.91288677e+16 1.99005873e-07
3.91315217e+16 1.98930687e-07
3.91341758e+16 1.98855501e-07
3.91368299e+16 1.98780316e-07
3.91394840e+16 1.98705130e-07
3.91421381e+16 1.98629944e-07
3.91447922e+16 1.98554759e-07
3.91474462e+16 1.98479573e-07
3.91501003e+16 1.98404387e-07
3.91527544e+16 1.98329202e-07
3.91554085e+16 1.98254016e-07
3.91580626e+16 1.98178831e-07
3.91607167e+16 1.98103645e-07
3.91633708e+16 1.98028459e-07
3.91660248e+16 1.97953274e-07
3.91686789e+16 1.97878088e-07
3.91713330e+16 1.97802902e-07
3.91739871e+16 1.97727717e-07
3.91766412e+16 1.97652531e-07
3.91792953e+16 1.97577345e-07
3.91819494e+16 1.97502160e-07
3.91846034e+16 1.97426974e-07
3.91872575e+16 1.97351788e-07
3.91899116e+16 1.97276603e-07
3.91925657e+16 1.97201417e-07
3.91952198e+16 1.97126231e-07
3.91978739e+16 1.97051046e-07
3.92005280e+16 1.96975860e-07
3.92031820e+16 1.96900674e-07
3.92058361e+16 1.96825489e-07
3.92084902e+16 1.96750303e-07
3.92111443e+16 1.96675117e-07
3.92137984e+16 1.96599932e-07
3.92164525e+16 1.96524746e-07
3.92191065e+16 1.96449560e-07
3.92217606e+16 1.96374375e-07
3.92244147e+16 1.96299189e-07
3.92270688e+16 1.96224003e-07
3.92297229e+16 1.96148818e-07
3.92323770e+16 1.96073632e-07
3.92350311e+16 1.95998446e-07
3.92376851e+16 1.95923261e-07
3.92403392e+16 1.95848075e-07
3.92429933e+16 1.95772889e-07
3.92456474e+16 1.95697704e-07
3.92483015e+16 1.95622518e-07
3.92509556e+16 1.95547332e-07
3.92536097e+16 1.95472147e-07
3.92562637e+16 1.95396961e-07
3.92589178e+16 1.95321775e-07
3.92615719e+16 1.95246590e-07
3.92642260e+16 1.95171404e-07
3.92668801e+16 1.95096218e-07
3.92695342e+16 1.95021033e-07
3.92721882e+16 1.94945847e-07
3.92748423e+16 1.94870661e-07
3.92774964e+16 1.94795476e-07
3.92801505e+16 1.94720290e-07
3.92828046e+16 1.94645104e-07
3.92854587e+16 1.94569919e-07
3.92881128e+16 1.94494733e-07
3.92907668e+16 1.94419547e-07
3.92934209e+16 1.94344362e-07
3.92960750e+16 1.94269176e-07
3.92987291e+16 1.94193990e-07
3.93013832e+16 1.94118805e-07
3.93040373e+16 1.94043619e-07
3.93066914e+16 1.93968433e-07
3.93093454e+16 1.93893248e-07
3.93119995e+16 1.93818062e-07
3.93146536e+16 1.93742876e-07
3.93173077e+16 1.93667691e-07
3.93199618e+16 1.93592505e-07
3.93226159e+16 1.93517320e-07
3.93252699e+16 1.93442134e-07
3.93279240e+16 1.93366948e-07
3.93305781e+16 1.93291763e-07
3.93332322e+16 1.93216577e-07
3.93358863e+16 1.93141391e-07
3.93385404e+16 1.93066206e-07
3.93411945e+16 1.92991020e-07
3.93438485e+16 1.92915834e-07
3.93465026e+16 1.92840649e-07
3.93491567e+16 1.92765463e-07
3.93518108e+16 1.92690277e-07
3.93544649e+16 1.92615092e-07
3.93571190e+16 1.92539906e-07
3.93597731e+16 1.92464720e-07
3.93624271e+16 1.92389535e-07
3.93650812e+16 1.92314349e-07
3.93677353e+16 1.92239163e-07
3.93703894e+16 1.92163978e-07
3.93730435e+16 1.92088792e-07
3.93756976e+16 1.92013606e-07
3.93783516e+16 1.91938421e-07
3.93810057e+16 1.91863235e-07
3.93836598e+16 1.91788049e-07
3.93863139e+16 1.91712864e-07
3.93889680e+16 1.91637678e-07
3.93916221e+16 1.91562492e-07
3.93942762e+16 1.91487307e-07
3.93969302e+16 1.91412121e-07
3.93995843e+16 1.91336935e-07
3.94022384e+16 1.91261750e-07
3.94048925e+16 1.91186564e-07
3.94075466e+16 1.91111378e-07
3.94102007e+16 1.91036193e-07
3.94128548e+16 1.90961007e-07
3.94155088e+16 1.90885821e-07
3.94181629e+16 1.90810636e-07
3.94208170e+16 1.90735450e-07
3.94234711e+16 1.90660264e-07
3.94261252e+16 1.90585079e-07
3.94287793e+16 1.90509893e-07
3.94314333e+16 1.90434707e-07
3.94340874e+16 1.90359522e-07
3.94367415e+16 1.90284336e-07
3.94393956e+16 1.90209150e-07
3.94420497e+16 1.90133965e-07
3.94447038e+16 1.90058779e-07
3.94473579e+16 1.89983593e-07
3.94500119e+16 1.89908408e-07
3.94526660e+16 1.89833222e-07
3.94553201e+16 1.89758036e-07
3.94579742e+16 1.89682851e-07
3.94606283e+16 1.89607665e-07
3.94632824e+16 1.89532479e-07
3.94659365e+16 1.89457294e-07
3.94685905e+16 1.89382108e-07
3.94712446e+16 1.89306922e-07
3.94738987e+16 1.89231737e-07
3.94765528e+16 1.89156551e-07
3.94792069e+16 1.89081365e-07
3.94818610e+16 1.89006180e-07
3.94845151e+16 1.88930994e-07
3.94871691e+16 1.88855808e-07
3.94898232e+16 1.88780623e-07
3.94924773e+16 1.88705437e-07
3.94951314e+16 1.88630252e-07
3.94977855e+16 1.88555066e-07
3.95004396e+16 1.88479880e-07
3.95030936e+16 1.88404695e-07
3.95057477e+16 1.88329509e-07
3.95084018e+16 1.88254323e-07
3.95110559e+16 1.88179138e-07
3.95137100e+16 1.88103952e-07
3.95163641e+16 1.88028766e-07
3.95190182e+16 1.87953581e-07
3.95216722e+16 1.87878395e-07
3.95243263e+16 1.87803209e-07
3.95269804e+16 1.87728024e-07
3.95296345e+16 1.87652838e-07
3.95322886e+16 1.87577652e-07
3.95349427e+16 1.87502467e-07
3.95375968e+16 1.87427281e-07
3.95402508e+16 1.87352095e-07
3.95429049e+16 1.87276910e-07
3.95455590e+16 1.87201724e-07
3.95482131e+16 1.87126538e-07
3.95508672e+16 1.87051353e-07
3.95535213e+16 1.86976167e-07
3.95561753e+16 1.86900981e-07
3.95588294e+16 1.86825796e-07
3.95614835e+16 1.86750610e-07
3.95641376e+16 1.86675424e-07
3.95667917e+16 1.86600239e-07
3.95694458e+16 1.86525053e-07
3.95720999e+16 1.86449867e-07
3.95747539e+16 1.86374682e-07
3.95774080e+16 1.86299496e-07
3.95800621e+16 1.86224310e-07
3.95827162e+16 1.86149125e-07
3.95853703e+16 1.86073939e-07
3.95880244e+16 1.85998753e-07
3.95906785e+16 1.85923568e-07
3.95933325e+16 1.85848382e-07
3.95959866e+16 1.85773196e-07
3.95986407e+16 1.85698011e-07
3.96012948e+16 1.85622825e-07
3.96039489e+16 1.85547639e-07
3.96066030e+16 1.85472454e-07
3.96092570e+16 1.85397268e-07
3.96119111e+16 1.85322082e-07
3.96145652e+16 1.85246897e-07
3.96172193e+16 1.85171711e-07
3.96198734e+16 1.85096525e-07
3.96225275e+16 1.85021340e-07
3.96251816e+16 1.84946154e-07
3.96278356e+16 1.84870968e-07
3.96304897e+16 1.84795783e-07
3.96331438e+16 1.84720597e-07
3.96357979e+16 1.84645411e-07
3.96384520e+16 1.84570226e-07
3.96411061e+16 1.84495040e-07
3.96437602e+16 1.84419854e-07
3.96464142e+16 1.84344669e-07
3.96490683e+16 1.84269483e-07
3.96517224e+16 1.84194297e-07
3.96543765e+16 1.84119112e-07
3.96570306e+16 1.84043926e-07
3.96596847e+16 1.83968741e-07
3.96623387e+16 1.83893555e-07
3.96649928e+16 1.83818369e-07
3.96676469e+16 1.83743184e-07
3.96703010e+16 1.83667998e-07
3.96729551e+16 1.83592812e-07
3.96756092e+16 1.83517627e-07
3.96782633e+16 1.83442441e-07
3.96809173e+16 1.83367255e-07
3.96835714e+16 1.83292070e-07
3.96862255e+16 1.83216884e-07
3.96888796e+16 1.83141698e-07
3.96915337e+16 1.83066513e-07
3.96941878e+16 1.82991327e-07
3.96968419e+16 1.82916141e-07
3.96994959e+16 1.82840956e-07
3.97021500e+16 1.82765770e-07
3.97048041e+16 1.82690584e-07
3.97074582e+16 1.82615399e-07
3.97101123e+16 1.82540213e-07
3.97127664e+16 1.82465027e-07
3.97154204e+16 1.82389842e-07
3.97180745e+16 1.82314656e-07
3.97207286e+16 1.82239470e-07
3.97233827e+16 1.82164285e-07
3.97260368e+16 1.82089099e-07
3.97286909e+16 1.82013913e-07
3.97313450e+16 1.81938728e-07
3.97339990e+16 1.81863542e-07
3.97366531e+16 1.81788356e-07
3.97393072e+16 1.81713171e-07
3.97419613e+16 1.81637985e-07
3.97446154e+16 1.81562799e-07
3.97472695e+16 1.81487614e-07
3.97499236e+16 1.81412428e-07
3.97525776e+16 1.81337242e-07
3.97552317e+16 1.81262057e-07
3.97578858e+16 1.81186871e-07
3.97605399e+16 1.81111685e-07
3.97631940e+16 1.81036500e-07
3.97658481e+16 1.80961314e-07
3.97685022e+16 1.80886128e-07
3.97711562e+16 1.80810943e-07
3.97738103e+16 1.80735757e-07
3.97764644e+16 1.80660571e-07
3.97791185e+16 1.80585386e-07
3.97817726e+16 1.80510200e-07
3.97844267e+16 1.80435014e-07
3.97870807e+16 1.80359829e-07
3.97897348e+16 1.80284643e-07
3.97923889e+16 1.80209457e-07
3.97950430e+16 1.80134272e-07
3.97976971e+16 1.80059086e-07
3.98003512e+16 1.79983900e-07
3.98030053e+16 1.79908715e-07
3.98056593e+16 1.79833529e-07
3.98083134e+16 1.79758343e-07
3.98109675e+16 1.79683158e-07
3.98136216e+16 1.79607972e-07
3.98162757e+16 1.79532786e-07
3.98189298e+16 1.79457601e-07
3.98215839e+16 1.79382415e-07
3.98242379e+16 1.79307229e-07
3.98268920e+16 1.79232044e-07
3.98295461e+16 1.79156858e-07
3.98322002e+16 1.79081673e-07
3.98348543e+16 1.79006487e-07
3.98375084e+16 1.78931301e-07
3.98401624e+16 1.78856116e-07
3.98428165e+16 1.78780930e-07
3.98454706e+16 1.78705744e-07
3.98481247e+16 1.78630559e-07
3.98507788e+16 1.78555373e-07
3.98534329e+16 1.78480187e-07
3.98560870e+16 1.78405002e-07
3.98587410e+16 1.78329816e-07
3.98613951e+16 1.78254630e-07
3.98640492e+16 1.78179445e-07
3.98667033e+16 1.78104259e-07
3.98693574e+16 1.78029073e-07
3.98720115e+16 1.77953888e-07
3.98746656e+16 1.77878702e-07
3.98773196e+16 1.77803516e-07
3.98799737e+16 1.77728331e-07
3.98826278e+16 1.77653145e-07
3.98852819e+16 1.77577959e-07
3.98879360e+16 1.77502774e-07
3.98905901e+16 1.77427588e-07
3.98932441e+16 1.77352402e-07
3.98958982e+16 1.77277217e-07
3.98985523e+16 1.77202031e-07
3.99012064e+16 1.77126845e-07
3.99038605e+16 1.77051660e-07
3.99065146e+16 1.76976474e-07
3.99091687e+16 1.76901288e-07
3.99118227e+16 1.76826103e-07
3.99144768e+16 1.76750917e-07
3.99171309e+16 1.76675731e-07
3.99197850e+16 1.76600546e-07
3.99224391e+16 1.76525360e-07
3.99250932e+16 1.76450174e-07
3.99277473e+16 1.76374989e-07
3.99304013e+16 1.76299803e-07
3.99330554e+16 1.76224617e-07
3.99357095e+16 1.76149432e-07
3.99383636e+16 1.76074246e-07
3.99410177e+16 1.75999060e-07
3.99436718e+16 1.75923875e-07
3.99463258e+16 1.75848689e-07
3.99489799e+16 1.75773503e-07
3.99516340e+16 1.75698318e-07
3.99542881e+16 1.75641857e-07
3.99569422e+16 1.75589133e-07
3.99595963e+16 1.75536410e-07
3.99622504e+16 1.75483687e-07
3.99649044e+16 1.75430964e-07
3.99675585e+16 1.75378241e-07
3.99702126e+16 1.75325518e-07
3.99728667e+16 1.75272795e-07
3.99755208e+16 1.75220072e-07
3.99781749e+16 1.75167349e-07
3.99808290e+16 1.75114626e-07
3.99834830e+16 1.75061903e-07
3.99861371e+16 1.75009180e-07
3.99887912e+16 1.74956457e-07
3.99914453e+16 1.74903733e-07
3.99940994e+16 1.74851010e-07
3.99967535e+16 1.74798287e-07
3.99994075e+16 1.74745564e-07
4.00020616e+16 1.74692841e-07
4.00047157e+16 1.74640118e-07
4.00073698e+16 1.74587395e-07
4.00100239e+16 1.74534672e-07
4.00126780e+16 1.74481949e-07
4.00153321e+16 1.74429226e-07
4.00179861e+16 1.74376503e-07
4.00206402e+16 1.74323780e-07
4.00232943e+16 1.74271057e-07
4.00259484e+16 1.74218334e-07
4.00286025e+16 1.74165610e-07
4.00312566e+16 1.74112887e-07
4.00339107e+16 1.74060164e-07
4.00365647e+16 1.74007441e-07
4.00392188e+16 1.73954718e-07
4.00418729e+16 1.73901995e-07
4.00445270e+16 1.73849272e-07
4.00471811e+16 1.73796549e-07
4.00498352e+16 1.73743826e-07
4.00524892e+16 1.73691103e-07
4.00551433e+16 1.73638380e-07
4.00577974e+16 1.73585657e-07
4.00604515e+16 1.73532934e-07
4.00631056e+16 1.73480210e-07
4.00657597e+16 1.73427487e-07
4.00684138e+16 1.73374764e-07
4.00710678e+16 1.73322041e-07
4.00737219e+16 1.73269318e-07
4.00763760e+16 1.73216595e-07
4.00790301e+16 1.73163872e-07
4.00816842e+16 1.73111149e-07
4.00843383e+16 1.73058426e-07
4.00869924e+16 1.73005703e-07
4.00896464e+16 1.72952980e-07
4.00923005e+16 1.72900257e-07
4.00949546e+16 1.72847534e-07
4.00976087e+16 1.72794810e-07
4.01002628e+16 1.72742087e-07
4.01029169e+16 1.72689364e-07
4.01055710e+16 1.72636641e-07
4.01082250e+16 1.72583918e-07
4.01108791e+16 1.72531195e-07
4.01135332e+16 1.72478472e-07
4.01161873e+16 1.72425749e-07
4.01188414e+16 1.72373026e-07
4.01214955e+16 1.72320303e-07
4.01241495e+16 1.72267580e-07
4.01268036e+16 1.72214857e-07
4.01294577e+16 1.72162134e-07
4.01321118e+16 1.72109411e-07
4.01347659e+16 1.72056687e-07
4.01374200e+16 1.72003964e-07
4.01400741e+16 1.71951241e-07
4.01427281e+16 1.71898518e-07
4.01453822e+16 1.71845795e-07
4.01480363e+16 1.71793072e-07
4.01506904e+16 1.71740349e-07
4.01533445e+16 1.71687626e-07
4.01559986e+16 1.71634903e-07
4.01586527e+16 1.71582180e-07
4.01613067e+16 1.71529457e-07
4.01639608e+16 1.71476734e-07
4.01666149e+16 1.71424011e-07
4.01692690e+16 1.71371287e-07
4.01719231e+16 1.71318564e-07
4.01745772e+16 1.71265841e-07
4.01772312e+16 1.71213118e-07
4.01798853e+16 1.71160395e-07
4.01825394e+16 1.71107672e-07
4.01851935e+16 1.71054949e-07
4.01878476e+16 1.71002226e-07
4.01905017e+16 1.70949503e-07
4.01931558e+16 1.70896780e-07
4.01958098e+16 1.70844057e-07
4.01984639e+16 1.70791334e-07
4.02011180e+16 1.70738611e-07
4.02037721e+16 1.70685887e-07
4.02064262e+16 1.70633164e-07
4.02090803e+16 1.70580441e-07
4.02117344e+16 1.70527718e-07
4.02143884e+16 1.70474995e-07
4.02170425e+16 1.70422272e-07
4.02196966e+16 1.70369549e-07
4.02223507e+16 1.70316826e-07
4.02250048e+16 1.70264103e-07
4.02276589e+16 1.70211380e-07
4.02303129e+16 1.70158657e-07
4.02329670e+16 1.70105934e-07
4.02356211e+16 1.70053211e-07
4.02382752e+16 1.70000488e-07
4.02409293e+16 1.69947764e-07
4.02435834e+16 1.69895041e-07
4.02462375e+16 1.69842318e-07
4.02488915e+16 1.69789595e-07
4.02515456e+16 1.69736872e-07
4.02541997e+16 1.69684149e-07
4.02568538e+16 1.69631426e-07
4.02595079e+16 1.69578703e-07
4.02621620e+16 1.69525980e-07
4.02648161e+16 1.69473257e-07
4.02674701e+16 1.69420534e-07
4.02701242e+16 1.69367811e-07
4.02727783e+16 1.69315088e-07
4.02754324e+16 1.69262364e-07
4.02780865e+16 1.69209641e-07
4.02807406e+16 1.69156918e-07
4.02833946e+16 1.69104195e-07
4.02860487e+16 1.69051472e-07
4.02887028e+16 1.68998749e-07
4.02913569e+16 1.68946026e-07
4.02940110e+16 1.68893303e-07
4.02966651e+16 1.68840580e-07
4.02993192e+16 1.68787857e-07
4.03019732e+16 1.68735134e-07
4.03046273e+16 1.68682411e-07
4.03072814e+16 1.68629688e-07
4.03099355e+16 1.68576965e-07
4.03125896e+16 1.68524241e-07
4.03152437e+16 1.68471518e-07
4.03178978e+16 1.68418795e-07
4.03205518e+16 1.68366072e-07
4.03232059e+16 1.68313349e-07
4.03258600e+16 1.68260626e-07
4.03285141e+16 1.68207903e-07
4.03311682e+16 1.68155180e-07
4.03338223e+16 1.68102457e-07
4.03364763e+16 1.68049734e-07
4.03391304e+16 1.67997011e-07
4.03417845e+16 1.67944288e-07
4.03444386e+16 1.67891565e-07
4.03470927e+16 1.67838841e-07
4.03497468e+16 1.67786118e-07
4.03524009e+16 1.67733395e-07
4.03550549e+16 1.67680672e-07
4.03577090e+16 1.67627949e-07
4.03603631e+16 1.67575226e-07
4.03630172e+16 1.67522503e-07
4.03656713e+16 1.67469780e-07
4.03683254e+16 1.67417057e-07
4.03709795e+16 1.67364334e-07
4.03736335e+16 1.67311611e-07
4.03762876e+16 1.67258888e-07
4.03789417e+16 1.67206165e-07
4.03815958e+16 1.67153441e-07
4.03842499e+16 1.67100718e-07
4.03869040e+16 1.67047995e-07
4.03895581e+16 1.66995272e-07
4.03922121e+16 1.66942549e-07
4.03948662e+16 1.66889826e-07
4.03975203e+16 1.66837103e-07
4.04001744e+16 1.66784380e-07
4.04028285e+16 1.66731657e-07
4.04054826e+16 1.66678934e-07
4.04081366e+16 1.66626211e-07
4.04107907e+16 1.66573488e-07
4.04134448e+16 1.66520765e-07
4.04160989e+16 1.66468042e-07
4.04187530e+16 1.66415318e-07
4.04214071e+16 1.66362595e-07
4.04240612e+16 1.66309872e-07
4.04267152e+16 1.66257149e-07
4.04293693e+16 1.66204426e-07
4.04320234e+16 1.66151703e-07
4.04346775e+16 1.66098980e-07
4.04373316e+16 1.66046257e-07
4.04399857e+16 1.65993534e-07
4.04426398e+16 1.65940811e-07
4.04452938e+16 1.65888088e-07
4.04479479e+16 1.65835365e-07
4.04506020e+16 1.65782642e-07
4.04532561e+16 1.65729918e-07
4.04559102e+16 1.65677195e-07
4.04585643e+16 1.65624472e-07
4.04612183e+16 1.65571749e-07
4.04638724e+16 1.65519026e-07
4.04665265e+16 1.65466303e-07
4.04691806e+16 1.65413580e-07
4.04718347e+16 1.65360857e-07
4.04744888e+16 1.65308134e-07
4.04771429e+16 1.65255411e-07
4.04797969e+16 1.65202688e-07
4.04824510e+16 1.65149965e-07
4.04851051e+16 1.65097242e-07
4.04877592e+16 1.65044518e-07
4.04904133e+16 1.64991795e-07
4.04930674e+16 1.64939072e-07
4.04957215e+16 1.64886349e-07
4.04983755e+16 1.64833626e-07
4.05010296e+16 1.64780903e-07
4.05036837e+16 1.64728180e-07
4.05063378e+16 1.64675457e-07
4.05089919e+16 1.64622734e-07
4.05116460e+16 1.64570011e-07
4.05143000e+16 1.64517288e-07
4.05169541e+16 1.64464565e-07
4.05196082e+16 1.64411842e-07
4.05222623e+16 1.64359119e-07
4.05249164e+16 1.64306395e-07
4.05275705e+16 1.64253672e-07
4.05302246e+16 1.64200949e-07
4.05328786e+16 1.64148226e-07
4.05355327e+16 1.64095503e-07
4.05381868e+16 1.64042780e-07
4.05408409e+16 1.63990057e-07
4.05434950e+16 1.63937334e-07
4.05461491e+16 1.63884611e-07
4.05488032e+16 1.63831888e-07
4.05514572e+16 1.63779165e-07
4.05541113e+16 1.63726442e-07
4.05567654e+16 1.63673719e-07
4.05594195e+16 1.63620995e-07
4.05620736e+16 1.63568272e-07
4.05647277e+16 1.63515549e-07
4.05673817e+16 1.63462826e-07
4.05700358e+16 1.63410103e-07
4.05726899e+16 1.63357380e-07
4.05753440e+16 1.63304657e-07
4.05779981e+16 1.63251934e-07
4.05806522e+16 1.63199211e-07
4.05833063e+16 1.63146488e-07
4.05859603e+16 1.63093765e-07
4.05886144e+16 1.63041042e-07
4.05912685e+16 1.62988319e-07
4.05939226e+16 1.62935595e-07
4.05965767e+16 1.62882872e-07
4.05992308e+16 1.62830149e-07
4.06018849e+16 1.62777426e-07
4.06045389e+16 1.62724703e-07
4.06071930e+16 1.62671980e-07
4.06098471e+16 1.62619257e-07
4.06125012e+16 1.62566534e-07
4.06151553e+16 1.62513811e-07
4.06178094e+16 1.62461088e-07
4.06204634e+16 1.62408365e-07
4.06231175e+16 1.62355642e-07
4.06257716e+16 1.62302919e-07
4.06284257e+16 1.62250196e-07
4.06310798e+16 1.62197472e-07
4.06337339e+16 1.62144749e-07
4.06363880e+16 1.62092026e-07
4.06390420e+16 1.62039303e-07
4.06416961e+16 1.61986580e-07
4.06443502e+16 1.61933857e-07
4.06470043e+16 1.61881134e-07
4.06496584e+16 1.61828411e-07
4.06523125e+16 1.61775688e-07
4.06549666e+16 1.61722965e-07
4.06576206e+16 1.61670242e-07
4.06602747e+16 1.61617519e-07
4.06629288e+16 1.61564796e-07
4.06655829e+16 1.61512072e-07
4.06682370e+16 1.61459349e-07
4.06708911e+16 1.61406626e-07
4.06735452e+16 1.61353903e-07
4.06761992e+16 1.61301180e-07
4.06788533e+16 1.61248457e-07
4.06815074e+16 1.61195734e-07
4.06841615e+16 1.61143011e-07
4.06868156e+16 1.61090288e-07
4.06894697e+16 1.61037565e-07
4.06921237e+16 1.60984842e-07
4.06947778e+16 1.60932119e-07
4.06974319e+16 1.60879396e-07
4.07000860e+16 1.60826672e-07
4.07027401e+16 1.60773949e-07
4.07053942e+16 1.60721226e-07
4.07080483e+16 1.60668503e-07
4.07107023e+16 1.60615780e-07
4.07133564e+16 1.60563057e-07
4.07160105e+16 1.60510334e-07
4.07186646e+16 1.60457611e-07
4.07213187e+16 1.60404888e-07
4.07239728e+16 1.60352165e-07
4.07266269e+16 1.60299442e-07
4.07292809e+16 1.60246719e-07
4.07319350e+16 1.60193996e-07
4.07345891e+16 1.60141273e-07
4.07372432e+16 1.60088549e-07
4.07398973e+16 1.60035826e-07
4.07425514e+16 1.59983103e-07
4.07452054e+16 1.59930380e-07
4.07478595e+16 1.59877657e-07
4.07505136e+16 1.59824934e-07
4.07531677e+16 1.59772211e-07
4.07558218e+16 1.59719488e-07
4.07584759e+16 1.59666765e-07
4.07611300e+16 1.59614042e-07
4.07637840e+16 1.59561319e-07
4.07664381e+16 1.59508596e-07
4.07690922e+16 1.59455873e-07
4.07717463e+16 1.59403149e-07
4.07744004e+16 1.59350426e-07
4.07770545e+16 1.59297703e-07
4.07797086e+16 1.59244980e-07
4.07823626e+16 1.59192257e-07
4.07850167e+16 1.59139534e-07
4.07876708e+16 1.59086811e-07
4.07903249e+16 1.59034088e-07
4.07929790e+16 1.58981365e-07
4.07956331e+16 1.58928642e-07
4.07982871e+16 1.58875919e-07
4.08009412e+16 1.58823196e-07
4.08035953e+16 1.58770473e-07
4.08062494e+16 1.58717750e-07
4.08089035e+16 1.58665026e-07
4.08115576e+16 1.58612303e-07
4.08142117e+16 1.58559580e-07
4.08168657e+16 1.58506857e-07
4.08195198e+16 1.58454134e-07
4.08221739e+16 1.58401411e-07
4.08248280e+16 1.58348688e-07
4.08274821e+16 1.58295965e-07
4.08301362e+16 1.58243242e-07
4.08327903e+16 1.58190519e-07
4.08354443e+16 1.58137796e-07
4.08380984e+16 1.58085073e-07
4.08407525e+16 1.58032350e-07
4.08434066e+16 1.57979626e-07
4.08460607e+16 1.57926903e-07
4.08487148e+16 1.57874180e-07
4.08513688e+16 1.57821457e-07
4.08540229e+16 1.57768734e-07
4.08566770e+16 1.57716011e-07
4.08593311e+16 1.57663288e-07
4.08619852e+16 1.57610565e-07
4.08646393e+16 1.57557842e-07
4.08672934e+16 1.57505119e-07
4.08699474e+16 1.57452396e-07
4.08726015e+16 1.57399673e-07
4.08752556e+16 1.57346950e-07
4.08779097e+16 1.57294226e-07
4.08805638e+16 1.57241503e-07
4.08832179e+16 1.57188780e-07
4.08858720e+16 1.57136057e-07
4.08885260e+16 1.57083334e-07
4.08911801e+16 1.57030611e-07
4.08938342e+16 1.56977888e-07
4.08964883e+16 1.56925165e-07
4.08991424e+16 1.56872442e-07
4.09017965e+16 1.56819719e-07
4.09044505e+16 1.56766996e-07
4.09071046e+16 1.56714273e-07
4.09097587e+16 1.56661550e-07
4.09124128e+16 1.56608827e-07
4.09150669e+16 1.56556103e-07
4.09177210e+16 1.56503380e-07
4.09203751e+16 1.56450657e-07
4.09230291e+16 1.56397934e-07
4.09256832e+16 1.56345211e-07
4.09283373e+16 1.56292488e-07
4.09309914e+16 1.56239765e-07
4.09336455e+16 1.56187042e-07
4.09362996e+16 1.56134319e-07
4.09389537e+16 1.56081596e-07
4.09416077e+16 1.56028873e-07
4.09442618e+16 1.55976150e-07
4.09469159e+16 1.55923427e-07
4.09495700e+16 1.55870703e-07
4.09522241e+16 1.55817980e-07
4.09548782e+16 1.55765257e-07
4.09575323e+16 1.55712534e-07
4.09601863e+16 1.55659811e-07
4.09628404e+16 1.55607088e-07
4.09654945e+16 1.55554365e-07
4.09681486e+16 1.55501642e-07
4.09708027e+16 1.55448919e-07
4.09734568e+16 1.55396196e-07
4.09761108e+16 1.55343473e-07
4.09787649e+16 1.55290750e-07
4.09814190e+16 1.55238027e-07
4.09840731e+16 1.55185303e-07
4.09867272e+16 1.55132580e-07
4.09893813e+16 1.55079857e-07
4.09920354e+16 1.55027134e-07
4.09946894e+16 1.54974411e-07
4.09973435e+16 1.54921688e-07
4.09999976e+16 1.54868965e-07
4.10026517e+16 1.54816242e-07
4.10053058e+16 1.54763519e-07
4.10079599e+16 1.54710796e-07
4.10106140e+16 1.54658073e-07
4.10132680e+16 1.54605350e-07
4.10159221e+16 1.54552627e-07
4.10185762e+16 1.54499904e-07
4.10212303e+16 1.54447180e-07
4.10238844e+16 1.54394457e-07
4.10265385e+16 1.54341734e-07
4.10291925e+16 1.54289011e-07
4.10318466e+16 1.54236288e-07
4.10345007e+16 1.54183565e-07
4.10371548e+16 1.54130842e-07
4.10398089e+16 1.54078119e-07
4.10424630e+16 1.54025396e-07
4.10451171e+16 1.53972673e-07
4.10477711e+16 1.53919950e-07
4.10504252e+16 1.53867227e-07
4.10530793e+16 1.53814504e-07
4.10557334e+16 1.53761780e-07
4.10583875e+16 1.53709057e-07
4.10610416e+16 1.53656334e-07
4.10636957e+16 1.53603611e-07
4.10663497e+16 1.53550888e-07
4.10690038e+16 1.53498165e-07
4.10716579e+16 1.53445442e-07
4.10743120e+16 1.53392719e-07
4.10769661e+16 1.53339996e-07
4.10796202e+16 1.53287273e-07
4.10822742e+16 1.53234550e-07
4.10849283e+16 1.53181827e-07
4.10875824e+16 1.53129104e-07
4.10902365e+16 1.53076380e-07
4.10928906e+16 1.53023657e-07
4.10955447e+16 1.52970934e-07
4.10981988e+16 1.52918211e-07
4.11008528e+16 1.52865488e-07
4.11035069e+16 1.52812765e-07
4.11061610e+16 1.52760042e-07
4.11088151e+16 1.52707319e-07
4.11114692e+16 1.52654596e-07
4.11141233e+16 1.52601873e-07
4.11167774e+16 1.52549150e-07
4.11194314e+16 1.52496427e-07
4.11220855e+16 1.52443704e-07
4.11247396e+16 1.52390981e-07
4.11273937e+16 1.52338257e-07
4.11300478e+16 1.52285534e-07
4.11327019e+16 1.52232811e-07
4.11353559e+16 1.52180088e-07
4.11380100e+16 1.52127365e-07
4.11406641e+16 1.52074642e-07
4.11433182e+16 1.52021919e-07
4.11459723e+16 1.51969196e-07
4.11486264e+16 1.51916473e-07
4.11512805e+16 1.51863750e-07
4.11539345e+16 1.51811027e-07
4.11565886e+16 1.51758304e-07
4.11592427e+16 1.51705581e-07
4.11618968e+16 1.51652857e-07
4.11645509e+16 1.51600134e-07
4.11672050e+16 1.51547411e-07
4.11698591e+16 1.51494688e-07
4.11725131e+16 1.51441965e-07
4.11751672e+16 1.51389242e-07
4.11778213e+16 1.51336519e-07
4.11804754e+16 1.51283796e-07
4.11831295e+16 1.51231073e-07
4.11857836e+16 1.51178350e-07
4.11884376e+16 1.51125627e-07
4.11910917e+16 1.51072904e-07
4.11937458e+16 1.51020181e-07
4.11963999e+16 1.50967457e-07
4.11990540e+16 1.50914734e-07
4.12017081e+16 1.50862011e-07
4.12043622e+16 1.50809288e-07
4.12070162e+16 1.50756565e-07
4.12096703e+16 1.50703842e-07
4.12123244e+16 1.50651119e-07
4.12149785e+16 1.50598396e-07
4.12176326e+16 1.50545673e-07
4.12202867e+16 1.50492950e-07
4.12229408e+16 1.50440227e-07
4.12255948e+16 1.50387504e-07
4.12282489e+16 1.50334781e-07
4.12309030e+16 1.50282058e-07
4.12335571e+16 1.50229334e-07
4.12362112e+16 1.50176611e-07
4.12388653e+16 1.50123888e-07
4.12415194e+16 1.50071165e-07
4.12441734e+16 1.50018442e-07
4.12468275e+16 1.49965719e-07
4.12494816e+16 1.49912996e-07
4.12521357e+16 1.49860273e-07
4.12547898e+16 1.49807550e-07
4.12574439e+16 1.49754827e-07
4.12600979e+16 1.49702104e-07
4.12627520e+16 1.49649381e-07
4.12654061e+16 1.49596658e-07
4.12680602e+16 1.49543934e-07
4.12707143e+16 1.49491211e-07
4.12733684e+16 1.49438488e-07
4.12760225e+16 1.49385765e-07
4.12786765e+16 1.49333042e-07
4.12813306e+16 1.49280319e-07
4.12839847e+16 1.49227596e-07
4.12866388e+16 1.49174873e-07
4.12892929e+16 1.49122150e-07
4.12919470e+16 1.49069427e-07
4.12946011e+16 1.49016704e-07
4.12972551e+16 1.48963981e-07
4.12999092e+16 1.48911258e-07
4.13025633e+16 1.48858534e-07
4.13052174e+16 1.48805811e-07
4.13078715e+16 1.48753088e-07
4.13105256e+16 1.48700365e-07
4.13131796e+16 1.48647642e-07
4.13158337e+16 1.48594919e-07
4.13184878e+16 1.48542196e-07
4.13211419e+16 1.48489473e-07
4.13237960e+16 1.48436750e-07
4.13264501e+16 1.48384027e-07
4.13291042e+16 1.48331304e-07
4.13317582e+16 1.48278581e-07
4.13344123e+16 1.48225858e-07
4.13370664e+16 1.48173135e-07
4.13397205e+16 1.48120411e-07
4.13423746e+16 1.48067688e-07
4.13450287e+16 1.48014965e-07
4.13476828e+16 1.47962242e-07
4.13503368e+16 1.47909519e-07
4.13529909e+16 1.47856796e-07
4.13556450e+16 1.47804073e-07
4.13582991e+16 1.47751350e-07
4.13609532e+16 1.47698627e-07
4.13636073e+16 1.47645904e-07
4.13662613e+16 1.47593181e-07
4.13689154e+16 1.47540458e-07
4.13715695e+16 1.47487735e-07
4.13742236e+16 1.47435011e-07
4.13768777e+16 1.47382288e-07
4.13795318e+16 1.47329565e-07
4.13821859e+16 1.47276842e-07
4.13848399e+16 1.47224119e-07
4.13874940e+16 1.47171396e-07
4.13901481e+16 1.47118673e-07
4.13928022e+16 1.47065950e-07
4.13954563e+16 1.47013227e-07
4.13981104e+16 1.46960504e-07
4.14007645e+16 1.46907781e-07
4.14034185e+16 1.46855058e-07
4.14060726e+16 1.46802335e-07
4.14087267e+16 1.46749612e-07
4.14113808e+16 1.46696888e-07
4.14140349e+16 1.46644165e-07
4.14166890e+16 1.46591442e-07
4.14193430e+16 1.46538719e-07
4.14219971e+16 1.46485996e-07
4.14246512e+16 1.46433273e-07
4.14273053e+16 1.46380550e-07
4.14299594e+16 1.46327827e-07
4.14326135e+16 1.46275104e-07
4.14352676e+16 1.46222381e-07
4.14379216e+16 1.46169658e-07
4.14405757e+16 1.46116935e-07
4.14432298e+16 1.46064212e-07
4.14458839e+16 1.46011488e-07
4.14485380e+16 1.45958765e-07
4.14511921e+16 1.45906042e-07
4.14538462e+16 1.45853319e-07
4.14565002e+16 1.45800596e-07
4.14591543e+16 1.45747873e-07
4.14618084e+16 1.45695150e-07
4.14644625e+16 1.45642427e-07
4.14671166e+16 1.45589704e-07
4.14697707e+16 1.45536981e-07
4.14724247e+16 1.45484258e-07
4.14750788e+16 1.45431535e-07
4.14777329e+16 1.45378812e-07
4.14803870e+16 1.45326088e-07
4.14830411e+16 1.45273365e-07
4.14856952e+16 1.45220642e-07
4.14883493e+16 1.45167919e-07
4.14910033e+16 1.45115196e-07
4.14936574e+16 1.45062473e-07
4.14963115e+16 1.45009750e-07
4.14989656e+16 1.44957027e-07
4.15016197e+16 1.44904304e-07
4.15042738e+16 1.44851581e-07
4.15069279e+16 1.44798858e-07
4.15095819e+16 1.44746135e-07
4.15122360e+16 1.44693412e-07
4.15148901e+16 1.44640689e-07
4.15175442e+16 1.44587965e-07
4.15201983e+16 1.44535242e-07
4.15228524e+16 1.44482519e-07
4.15255065e+16 1.44429796e-07
4.15281605e+16 1.44377073e-07
4.15308146e+16 1.44324350e-07
4.15334687e+16 1.44271627e-07
4.15361228e+16 1.44218904e-07
4.15387769e+16 1.44166181e-07
4.15414310e+16 1.44113458e-07
4.15440850e+16 1.44060735e-07
4.15467391e+16 1.44008012e-07
4.15493932e+16 1.43955289e-07
4.15520473e+16 1.43902565e-07
4.15547014e+16 1.43849842e-07
4.15573555e+16 1.43797119e-07
4.15600096e+16 1.43744396e-07
4.15626636e+16 1.43691673e-07
4.15653177e+16 1.43638950e-07
4.15679718e+16 1.43586227e-07
4.15706259e+16 1.43533504e-07
4.15732800e+16 1.43480781e-07
4.15759341e+16 1.43428058e-07
4.15785882e+16 1.43375335e-07
4.15812422e+16 1.43322612e-07
4.15838963e+16 1.43269889e-07
4.15865504e+16 1.43217165e-07
4.15892045e+16 1.43164442e-07
4.15918586e+16 1.43111719e-07
4.15945127e+16 1.43058996e-07
4.15971667e+16 1.43006273e-07
4.15998208e+16 1.42953550e-07
4.16024749e+16 1.42900827e-07
4.16051290e+16 1.42848104e-07
4.16077831e+16 1.42795381e-07
4.16104372e+16 1.42742658e-07
4.16130913e+16 1.42689935e-07
4.16157453e+16 1.42637212e-07
4.16183994e+16 1.42584489e-07
4.16210535e+16 1.42531766e-07
4.16237076e+16 1.42479042e-07
4.16263617e+16 1.42426319e-07
4.16290158e+16 1.42373596e-07
4.16316699e+16 1.42320873e-07
4.16343239e+16 1.42268150e-07
4.16369780e+16 1.42215427e-07
4.16396321e+16 1.42162704e-07
4.16422862e+16 1.42109981e-07
4.16449403e+16 1.42057258e-07
4.16475944e+16 1.42004535e-07
4.16502484e+16 1.41951812e-07
4.16529025e+16 1.41899089e-07
4.16555566e+16 1.41846366e-07
4.16582107e+16 1.41793642e-07
4.16608648e+16 1.41740919e-07
4.16635189e+16 1.41688196e-07
4.16661730e+16 1.41635473e-07
4.16688270e+16 1.41582750e-07
4.16714811e+16 1.41530027e-07
4.16741352e+16 1.41477304e-07
4.16767893e+16 1.41424581e-07
4.16794434e+16 1.41371858e-07
4.16820975e+16 1.41319135e-07
4.16847516e+16 1.41266412e-07
4.16874056e+16 1.41213689e-07
4.16900597e+16 1.41160966e-07
4.16927138e+16 1.41108242e-07
4.16953679e+16 1.41055519e-07
4.16980220e+16 1.41002796e-07
4.17006761e+16 1.40950073e-07
4.17033301e+16 1.40897350e-07
4.17059842e+16 1.40844627e-07
4.17086383e+16 1.40791904e-07
4.17112924e+16 1.40739181e-07
4.17139465e+16 1.40686458e-07
4.17166006e+16 1.40633735e-07
4.17192547e+16 1.40581012e-07
4.17219087e+16 1.40528289e-07
4.17245628e+16 1.40475566e-07
4.17272169e+16 1.40422843e-07
4.17298710e+16 1.40370119e-07
4.17325251e+16 1.40317396e-07
4.17351792e+16 1.40264673e-07
4.17378333e+16 1.40211950e-07
4.17404873e+16 1.40159227e-07
4.17431414e+16 1.40106504e-07
4.17457955e+16 1.40053781e-07
4.17484496e+16 1.40001058e-07
4.17511037e+16 1.39948335e-07
4.17537578e+16 1.39895612e-07
4.17564118e+16 1.39842889e-07
4.17590659e+16 1.39790166e-07
4.17617200e+16 1.39737443e-07
4.17643741e+16 1.39684719e-07
4.17670282e+16 1.39631996e-07
4.17696823e+16 1.39579273e-07
4.17723364e+16 1.39526550e-07
4.17749904e+16 1.39473827e-07
4.17776445e+16 1.39421104e-07
4.17802986e+16 1.39368381e-07
4.17829527e+16 1.39315658e-07
4.17856068e+16 1.39262935e-07
4.17882609e+16 1.39210212e-07
4.17909150e+16 1.39157489e-07
4.17935690e+16 1.39104766e-07
4.17962231e+16 1.39052043e-07
4.17988772e+16 1.38999319e-07
4.18015313e+16 1.38946596e-07
4.18041854e+16 1.38893873e-07
4.18068395e+16 1.38841150e-07
4.18094935e+16 1.38788427e-07
4.18121476e+16 1.38735704e-07
4.18148017e+16 1.38682981e-07
4.18174558e+16 1.38630258e-07
4.18201099e+16 1.38577535e-07
4.18227640e+16 1.38524812e-07
4.18254181e+16 1.38472089e-07
4.18280721e+16 1.38419366e-07
4.18307262e+16 1.38366643e-07
4.18333803e+16 1.38313920e-07
4.18360344e+16 1.38261196e-07
4.18386885e+16 1.38208473e-07
4.18413426e+16 1.38155750e-07
4.18439967e+16 1.38103027e-07
4.18466507e+16 1.38050304e-07
4.18493048e+16 1.37997581e-07
4.18519589e+16 1.37944858e-07
4.18546130e+16 1.37892135e-07
4.18572671e+16 1.37839412e-07
4.18599212e+16 1.37786689e-07
4.18625753e+16 1.37733966e-07
4.18652293e+16 1.37681243e-07
4.18678834e+16 1.37628520e-07
4.18705375e+16 1.37575796e-07
4.18731916e+16 1.37523073e-07
4.18758457e+16 1.37470350e-07
4.18784998e+16 1.37417627e-07
4.18811538e+16 1.37364904e-07
4.18838079e+16 1.37312181e-07
4.18864620e+16 1.37259458e-07
4.18891161e+16 1.37206735e-07
4.18917702e+16 1.37154012e-07
4.18944243e+16 1.37101289e-07
4.18970784e+16 1.37048566e-07
4.18997324e+16 1.36995843e-07
4.19023865e+16 1.36943120e-07
4.19050406e+16 1.36890397e-07
4.19076947e+16 1.36837673e-07
4.19103488e+16 1.36784950e-07
4.19130029e+16 1.36732227e-07
4.19156570e+16 1.36679504e-07
4.19183110e+16 1.36626781e-07
4.19209651e+16 1.36574058e-07
4.19236192e+16 1.36521335e-07
4.19262733e+16 1.36468612e-07
4.19289274e+16 1.36415889e-07
4.19315815e+16 1.36363166e-07
4.19342355e+16 1.36310443e-07
4.19368896e+16 1.36257720e-07
4.19395437e+16 1.36204997e-07
4.19421978e+16 1.36152273e-07
4.19448519e+16 1.36099550e-07
4.19475060e+16 1.36046827e-07
4.19501601e+16 1.35994104e-07
4.19528141e+16 1.35941381e-07
4.19554682e+16 1.35888658e-07
4.19581223e+16 1.35835935e-07
4.19607764e+16 1.35783212e-07
4.19634305e+16 1.35730489e-07
4.19660846e+16 1.35677766e-07
4.19687387e+16 1.35625043e-07
4.19713927e+16 1.35572320e-07
4.19740468e+16 1.35519597e-07
4.19767009e+16 1.35466873e-07
4.19793550e+16 1.35414150e-07
4.19820091e+16 1.35361427e-07
4.19846632e+16 1.35308704e-07
4.19873172e+16 1.35255981e-07
4.19899713e+16 1.35203258e-07
4.19926254e+16 1.35150535e-07
4.19952795e+16 1.35097812e-07
4.19979336e+16 1.35045089e-07
4.20005877e+16 1.34992366e-07
4.20032418e+16 1.34939643e-07
4.20058958e+16 1.34886920e-07
4.20085499e+16 1.34834197e-07
4.20112040e+16 1.34781474e-07
4.20138581e+16 1.34728750e-07
4.20165122e+16 1.34676027e-07
4.20191663e+16 1.34623304e-07
4.20218204e+16 1.34570581e-07
4.20244744e+16 1.34517858e-07
4.20271285e+16 1.34465135e-07
4.20297826e+16 1.34412412e-07
4.20324367e+16 1.34359689e-07
4.20350908e+16 1.34306966e-07
4.20377449e+16 1.34254243e-07
4.20403989e+16 1.34201520e-07
4.20430530e+16 1.34148797e-07
4.20457071e+16 1.34096074e-07
4.20483612e+16 1.34043350e-07
4.20510153e+16 1.33990627e-07
4.20536694e+16 1.33937904e-07
4.20563235e+16 1.33885181e-07
4.20589775e+16 1.33832458e-07
4.20616316e+16 1.33779735e-07
4.20642857e+16 1.33727012e-07
4.20669398e+16 1.33674289e-07
4.20695939e+16 1.33621566e-07
4.20722480e+16 1.33568843e-07
4.20749021e+16 1.33516120e-07
4.20775561e+16 1.33463397e-07
4.20802102e+16 1.33410674e-07
4.20828643e+16 1.33357950e-07
4.20855184e+16 1.33305227e-07
4.20881725e+16 1.33252504e-07
4.20908266e+16 1.33199781e-07
4.20934806e+16 1.33147058e-07
4.20961347e+16 1.33094335e-07
4.20987888e+16 1.33041612e-07
4.21014429e+16 1.32988889e-07
4.21040970e+16 1.32936166e-07
4.21067511e+16 1.32883443e-07
4.21094052e+16 1.32830720e-07
4.21120592e+16 1.32777997e-07
4.21147133e+16 1.32725274e-07
4.21173674e+16 1.32672551e-07
4.21200215e+16 1.32619827e-07
4.21226756e+16 1.32567104e-07
4.21253297e+16 1.32514381e-07
4.21279838e+16 1.32461658e-07
4.21306378e+16 1.32408935e-07
4.21332919e+16 1.32356212e-07
4.21359460e+16 1.32303489e-07
4.21386001e+16 1.32250766e-07
4.21412542e+16 1.32198043e-07
4.21439083e+16 1.32145320e-07
4.21465624e+16 1.32092597e-07
4.21492164e+16 1.32039874e-07
4.21518705e+16 1.31987151e-07
4.21545246e+16 1.31934427e-07
4.21571787e+16 1.31881704e-07
4.21598328e+16 1.31828981e-07
4.21624869e+16 1.31776258e-07
4.21651409e+16 1.31723535e-07
4.21677950e+16 1.31670812e-07
4.21704491e+16 1.31618089e-07
4.21731032e+16 1.31565366e-07
4.21757573e+16 1.31512643e-07
4.21784114e+16 1.31459920e-07
4.21810655e+16 1.31407197e-07
4.21837195e+16 1.31354474e-07
4.21863736e+16 1.31301751e-07
4.21890277e+16 1.31249027e-07
4.21916818e+16 1.31196304e-07
4.21943359e+16 1.31143581e-07
4.21969900e+16 1.31090858e-07
4.21996441e+16 1.31038135e-07
4.22022981e+16 1.30985412e-07
4.22049522e+16 1.30932689e-07
4.22076063e+16 1.30879966e-07
4.22102604e+16 1.30827243e-07
4.22129145e+16 1.30774520e-07
4.22155686e+16 1.30721797e-07
4.22182226e+16 1.30669074e-07
4.22208767e+16 1.30616351e-07
4.22235308e+16 1.30563628e-07
4.22261849e+16 1.30510904e-07
4.22288390e+16 1.30458181e-07
4.22314931e+16 1.30405458e-07
4.22341472e+16 1.30352735e-07
4.22368012e+16 1.30300012e-07
4.22394553e+16 1.30247289e-07
4.22421094e+16 1.30194566e-07
4.22447635e+16 1.30141843e-07
4.22474176e+16 1.30089120e-07
4.22500717e+16 1.30036397e-07
4.22527258e+16 1.29983674e-07
4.22553798e+16 1.29930951e-07
4.22580339e+16 1.29878228e-07
4.22606880e+16 1.29825504e-07
4.22633421e+16 1.29772781e-07
4.22659962e+16 1.29720058e-07
4.22686503e+16 1.29667335e-07
4.22713043e+16 1.29614612e-07
4.22739584e+16 1.29561889e-07
4.22766125e+16 1.29509166e-07
4.22792666e+16 1.29456443e-07
4.22819207e+16 1.29403720e-07
4.22845748e+16 1.29350997e-07
4.22872289e+16 1.29298274e-07
4.22898829e+16 1.29245551e-07
4.22925370e+16 1.29192828e-07
4.22951911e+16 1.29140104e-07
4.22978452e+16 1.29087381e-07
4.23004993e+16 1.29034658e-07
4.23031534e+16 1.28981935e-07
4.23058075e+16 1.28929212e-07
4.23084615e+16 1.28876489e-07
4.23111156e+16 1.28823766e-07
4.23137697e+16 1.28771043e-07
4.23164238e+16 1.28718320e-07
4.23190779e+16 1.28665597e-07
4.23217320e+16 1.28612874e-07
4.23243860e+16 1.28560151e-07
4.23270401e+16 1.28507428e-07
4.23296942e+16 1.28454705e-07
4.23323483e+16 1.28401981e-07
4.23350024e+16 1.28349258e-07
4.23376565e+16 1.28296535e-07
4.23403106e+16 1.28243812e-07
4.23429646e+16 1.28191089e-07
4.23456187e+16 1.28138366e-07
4.23482728e+16 1.28085643e-07
4.23509269e+16 1.28032920e-07
4.23535810e+16 1.27980197e-07
4.23562351e+16 1.27927474e-07
4.23588892e+16 1.27874751e-07
4.23615432e+16 1.27822028e-07
4.23641973e+16 1.27769305e-07
4.23668514e+16 1.27716581e-07
4.23695055e+16 1.27663858e-07
4.23721596e+16 1.27611135e-07
4.23748137e+16 1.27558412e-07
4.23774677e+16 1.27505689e-07
4.23801218e+16 1.27452966e-07
4.23827759e+16 1.27400243e-07
4.23854300e+16 1.27347520e-07
4.23880841e+16 1.27294797e-07
4.23907382e+16 1.27242074e-07
4.23933923e+16 1.27189351e-07
4.23960463e+16 1.27136628e-07
4.23987004e+16 1.27083905e-07
4.24013545e+16 1.27031181e-07
4.24040086e+16 1.26978458e-07
4.24066627e+16 1.26925735e-07
4.24093168e+16 1.26873012e-07
4.24119709e+16 1.26820289e-07
4.24146249e+16 1.26767566e-07
4.24172790e+16 1.26714843e-07
4.24199331e+16 1.26662120e-07
4.24225872e+16 1.26609397e-07
4.24252413e+16 1.26556674e-07
4.24278954e+16 1.26503951e-07
4.24305495e+16 1.26451228e-07
4.24332035e+16 1.26398505e-07
4.24358576e+16 1.26345782e-07
4.24385117e+16 1.26293058e-07
4.24411658e+16 1.26240335e-07
4.24438199e+16 1.26187612e-07
4.24464740e+16 1.26134889e-07
4.24491280e+16 1.26082166e-07
4.24517821e+16 1.26029443e-07
4.24544362e+16 1.25976720e-07
4.24570903e+16 1.25923997e-07
4.24597444e+16 1.25871274e-07
4.24623985e+16 1.25818551e-07
4.24650526e+16 1.25771634e-07
4.24677066e+16 1.25734388e-07
4.24703607e+16 1.25697142e-07
4.24730148e+16 1.25659896e-07
4.24756689e+16 1.25622650e-07
4.24783230e+16 1.25585404e-07
4.24809771e+16 1.25548159e-07
4.24836312e+16 1.25510913e-07
4.24862852e+16 1.25473667e-07
4.24889393e+16 1.25436421e-07
4.24915934e+16 1.25399175e-07
4.24942475e+16 1.25361929e-07
4.24969016e+16 1.25324683e-07
4.24995557e+16 1.25287437e-07
4.25022097e+16 1.25250191e-07
4.25048638e+16 1.25212945e-07
4.25075179e+16 1.25175699e-07
4.25101720e+16 1.25138453e-07
4.25128261e+16 1.25101207e-07
4.25154802e+16 1.25063961e-07
4.25181343e+16 1.25026715e-07
4.25207883e+16 1.24989469e-07
4.25234424e+16 1.24952223e-07
4.25260965e+16 1.24914977e-07
4.25287506e+16 1.24877731e-07
4.25314047e+16 1.24840485e-07
4.25340588e+16 1.24803239e-07
4.25367129e+16 1.24765993e-07
4.25393669e+16 1.24728747e-07
4.25420210e+16 1.24691501e-07
4.25446751e+16 1.24654255e-07
4.25473292e+16 1.24617009e-07
4.25499833e+16 1.24579763e-07
4.25526374e+16 1.24542517e-07
4.25552914e+16 1.24505271e-07
4.25579455e+16 1.24468025e-07
4.25605996e+16 1.24430779e-07
4.25632537e+16 1.24393533e-07
4.25659078e+16 1.24356287e-07
4.25685619e+16 1.24319041e-07
4.25712160e+16 1.24281795e-07
4.25738700e+16 1.24244549e-07
4.25765241e+16 1.24207303e-07
4.25791782e+16 1.24170057e-07
4.25818323e+16 1.24132811e-07
4.25844864e+16 1.24095565e-07
4.25871405e+16 1.24058319e-07
4.25897946e+16 1.24021073e-07
4.25924486e+16 1.23983827e-07
4.25951027e+16 1.23946581e-07
4.25977568e+16 1.23909335e-07
4.26004109e+16 1.23872089e-07
4.26030650e+16 1.23834843e-07
4.26057191e+16 1.23797597e-07
4.26083731e+16 1.23760351e-07
4.26110272e+16 1.23723106e-07
4.26136813e+16 1.23685860e-07
4.26163354e+16 1.23648614e-07
4.26189895e+16 1.23611368e-07
4.26216436e+16 1.23574122e-07
4.26242977e+16 1.23536876e-07
4.26269517e+16 1.23499630e-07
4.26296058e+16 1.23462384e-07
4.26322599e+16 1.23425138e-07
4.26349140e+16 1.23387892e-07
4.26375681e+16 1.23350646e-07
4.26402222e+16 1.23313400e-07
4.26428763e+16 1.23276154e-07
4.26455303e+16 1.23238908e-07
4.26481844e+16 1.23201662e-07
4.26508385e+16 1.23164416e-07
4.26534926e+16 1.23127170e-07
4.26561467e+16 1.23089924e-07
4.26588008e+16 1.23052678e-07
4.26614548e+16 1.23015432e-07
4.26641089e+16 1.22978186e-07
4.26667630e+16 1.22940940e-07
4.26694171e+16 1.22903694e-07
4.26720712e+16 1.22866448e-07
4.26747253e+16 1.22829202e-07
4.26773794e+16 1.22791956e-07
4.26800334e+16 1.22754710e-07
4.26826875e+16 1.22717464e-07
4.26853416e+16 1.22680218e-07
4.26879957e+16 1.22642972e-07
4.26906498e+16 1.22605726e-07
4.26933039e+16 1.22568480e-07
4.26959580e+16 1.22531234e-07
4.26986120e+16 1.22493988e-07
4.27012661e+16 1.22456742e-07
4.27039202e+16 1.22419496e-07
4.27065743e+16 1.22382250e-07
4.27092284e+16 1.22345004e-07
4.27118825e+16 1.22307758e-07
4.27145366e+16 1.22270512e-07
4.27171906e+16 1.22233266e-07
4.27198447e+16 1.22196020e-07
4.27224988e+16 1.22158774e-07
4.27251529e+16 1.22121528e-07
4.27278070e+16 1.22084282e-07
4.27304611e+16 1.22047036e-07
4.27331151e+16 1.22009790e-07
4.27357692e+16 1.21972544e-07
4.27384233e+16 1.21935298e-07
4.27410774e+16 1.21898053e-07
4.27437315e+16 1.21860807e-07
4.27463856e+16 1.21823561e-07
4.27490397e+16 1.21786315e-07
4.27516937e+16 1.21749069e-07
4.27543478e+16 1.21711823e-07
4.27570019e+16 1.21674577e-07
4.27596560e+16 1.21637331e-07
4.27623101e+16 1.21600085e-07
4.27649642e+16 1.21562839e-07
4.27676183e+16 1.21525593e-07
4.27702723e+16 1.21488347e-07
4.27729264e+16 1.21451101e-07
4.27755805e+16 1.21413855e-07
4.27782346e+16 1.21376609e-07
4.27808887e+16 1.21339363e-07
4.27835428e+16 1.21302117e-07
4.27861968e+16 1.21264871e-07
4.27888509e+16 1.21227625e-07
4.27915050e+16 1.21190379e-07
4.27941591e+16 1.21153133e-07
4.27968132e+16 1.21115887e-07
4.27994673e+16 1.21078641e-07
4.28021214e+16 1.21041395e-07
4.28047754e+16 1.21004149e-07
4.28074295e+16 1.20966903e-07
4.28100836e+16 1.20929657e-07
4.28127377e+16 1.20892411e-07
4.28153918e+16 1.20855165e-07
4.28180459e+16 1.20817919e-07
4.28207000e+16 1.20780673e-07
4.28233540e+16 1.20743427e-07
4.28260081e+16 1.20706181e-07
4.28286622e+16 1.20668935e-07
4.28313163e+16 1.20631689e-07
4.28339704e+16 1.20594443e-07
4.28366245e+16 1.20557197e-07
4.28392785e+16 1.20519951e-07
4.28419326e+16 1.20482705e-07
4.28445867e+16 1.20445459e-07
4.28472408e+16 1.20408213e-07
4.28498949e+16 1.20370967e-07
4.28525490e+16 1.20333721e-07
4.28552031e+16 1.20296475e-07
4.28578571e+16 1.20259229e-07
4.28605112e+16 1.20221983e-07
4.28631653e+16 1.20184737e-07
4.28658194e+16 1.20147491e-07
4.28684735e+16 1.20110245e-07
4.28711276e+16 1.20073000e-07
4.28737817e+16 1.20035754e-07
4.28764357e+16 1.19998508e-07
4.28790898e+16 1.19961262e-07
4.28817439e+16 1.19924016e-07
4.28843980e+16 1.19886770e-07
4.28870521e+16 1.19849524e-07
4.28897062e+16 1.19812278e-07
4.28923602e+16 1.19775032e-07
4.28950143e+16 1.19737786e-07
4.28976684e+16 1.19700540e-07
4.29003225e+16 1.19663294e-07
4.29029766e+16 1.19626048e-07
4.29056307e+16 1.19588802e-07
4.29082848e+16 1.19551556e-07
4.29109388e+16 1.19514310e-07
4.29135929e+16 1.19477064e-07
4.29162470e+16 1.19439818e-07
4.29189011e+16 1.19402572e-07
4.29215552e+16 1.19365326e-07
4.29242093e+16 1.19328080e-07
4.29268634e+16 1.19290834e-07
4.29295174e+16 1.19253588e-07
4.29321715e+16 1.19216342e-07
4.29348256e+16 1.19179096e-07
4.29374797e+16 1.19141850e-07
4.29401338e+16 1.19104604e-07
4.29427879e+16 1.19067358e-07
4.29454419e+16 1.19030112e-07
4.29480960e+16 1.18992866e-07
4.29507501e+16 1.18955620e-07
4.29534042e+16 1.18918374e-07
4.29560583e+16 1.18881128e-07
4.29587124e+16 1.18843882e-07
4.29613665e+16 1.18806636e-07
4.29640205e+16 1.18769390e-07
4.29666746e+16 1.18732144e-07
4.29693287e+16 1.18694898e-07
4.29719828e+16 1.18657652e-07
4.29746369e+16 1.18620406e-07
4.29772910e+16 1.18583160e-07
4.29799451e+16 1.18545914e-07
4.29825991e+16 1.18508668e-07
4.29852532e+16 1.18471422e-07
4.29879073e+16 1.18434176e-07
4.29905614e+16 1.18396930e-07
4.29932155e+16 1.18359684e-07
4.29958696e+16 1.18322438e-07
4.29985237e+16 1.18285193e-07
4.30011777e+16 1.18247947e-07
4.30038318e+16 1.18210701e-07
4.30064859e+16 1.18173455e-07
4.30091400e+16 1.18136209e-07
4.30117941e+16 1.18098963e-07
4.30144482e+16 1.18061717e-07
4.30171022e+16 1.18024471e-07
4.30197563e+16 1.17987225e-07
4.30224104e+16 1.17949979e-07
4.30250645e+16 1.17912733e-07
4.30277186e+16 1.17875487e-07
4.30303727e+16 1.17838241e-07
4.30330268e+16 1.17800995e-07
4.30356808e+16 1.17763749e-07
4.30383349e+16 1.17726503e-07
4.30409890e+16 1.17689257e-07
4.30436431e+16 1.17652011e-07
4.30462972e+16 1.17614765e-07
4.30489513e+16 1.17577519e-07
4.30516054e+16 1.17540273e-07
4.30542594e+16 1.17503027e-07
4.30569135e+16 1.17465781e-07
4.30595676e+16 1.17428535e-07
4.30622217e+16 1.17391289e-07
4.30648758e+16 1.17354043e-07
4.30675299e+16 1.17316797e-07
4.30701839e+16 1.17279551e-07
4.30728380e+16 1.17242305e-07
4.30754921e+16 1.17205059e-07
4.30781462e+16 1.17167813e-07
4.30808003e+16 1.17130567e-07
4.30834544e+16 1.17093321e-07
4.30861085e+16 1.17056075e-07
4.30887625e+16 1.17018829e-07
4.30914166e+16 1.16981583e-07
4.30940707e+16 1.16944337e-07
4.30967248e+16 1.16907091e-07
4.30993789e+16 1.16869845e-07
4.31020330e+16 1.16832599e-07
4.31046871e+16 1.16795353e-07
4.31073411e+16 1.16758107e-07
4.31099952e+16 1.16720861e-07
4.31126493e+16 1.16683615e-07
4.31153034e+16 1.16646369e-07
4.31179575e+16 1.16609123e-07
4.31206116e+16 1.16571877e-07
4.31232656e+16 1.16534631e-07
4.31259197e+16 1.16497385e-07
4.31285738e+16 1.16460140e-07
4.31312279e+16 1.16422894e-07
4.31338820e+16 1.16385648e-07
4.31365361e+16 1.16348402e-07
4.31391902e+16 1.16311156e-07
4.31418442e+16 1.16273910e-07
4.31444983e+16 1.16236664e-07
4.31471524e+16 1.16199418e-07
4.31498065e+16 1.16162172e-07
4.31524606e+16 1.16124926e-07
4.31551147e+16 1.16087680e-07
4.31577688e+16 1.16050434e-07
4.31604228e+16 1.16013188e-07
4.31630769e+16 1.15975942e-07
4.31657310e+16 1.15938696e-07
4.31683851e+16 1.15901450e-07
4.31710392e+16 1.15864204e-07
4.31736933e+16 1.15826958e-07
4.31763473e+16 1.15789712e-07
4.31790014e+16 1.15752466e-07
4.31816555e+16 1.15715220e-07
4.31843096e+16 1.15677974e-07
4.31869637e+16 1.15640728e-07
4.31896178e+16 1.15603482e-07
4.31922719e+16 1.15566236e-07
4.31949259e+16 1.15528990e-07
4.31975800e+16 1.15491744e-07
4.32002341e+16 1.15454498e-07
4.32028882e+16 1.15417252e-07
4.32055423e+16 1.15380006e-07
4.32081964e+16 1.15342760e-07
4.32108505e+16 1.15305514e-07
4.32135045e+16 1.15268268e-07
4.32161586e+16 1.15231022e-07
4.32188127e+16 1.15193776e-07
4.32214668e+16 1.15156530e-07
4.32241209e+16 1.15119284e-07
4.32267750e+16 1.15082038e-07
4.32294290e+16 1.15044792e-07
4.32320831e+16 1.15007546e-07
4.32347372e+16 1.14970300e-07
4.32373913e+16 1.14933054e-07
4.32400454e+16 1.14895808e-07
4.32426995e+16 1.14858562e-07
4.32453536e+16 1.14821316e-07
4.32480076e+16 1.14784070e-07
4.32506617e+16 1.14746824e-07
4.32533158e+16 1.14709578e-07
4.32559699e+16 1.14672332e-07
4.32586240e+16 1.14635087e-07
4.32612781e+16 1.14597841e-07
4.32639322e+16 1.14560595e-07
4.32665862e+16 1.14523349e-07
4.32692403e+16 1.14486103e-07
4.32718944e+16 1.14448857e-07
4.32745485e+16 1.14411611e-07
4.32772026e+16 1.14374365e-07
4.32798567e+16 1.14337119e-07
4.32825108e+16 1.14299873e-07
4.32851648e+16 1.14262627e-07
4.32878189e+16 1.14225381e-07
4.32904730e+16 1.14188135e-07
4.32931271e+16 1.14150889e-07
4.32957812e+16 1.14113643e-07
4.32984353e+16 1.14076397e-07
4.33010893e+16 1.14039151e-07
4.33037434e+16 1.14001905e-07
4.33063975e+16 1.13964659e-07
4.33090516e+16 1.13927413e-07
4.33117057e+16 1.13890167e-07
4.33143598e+16 1.13852921e-07
4.33170139e+16 1.13815675e-07
4.33196679e+16 1.13778429e-07
4.33223220e+16 1.13741183e-07
4.33249761e+16 1.13703937e-07
4.33276302e+16 1.13666691e-07
4.33302843e+16 1.13629445e-07
4.33329384e+16 1.13592199e-07
4.33355925e+16 1.13554953e-07
4.33382465e+16 1.13517707e-07
4.33409006e+16 1.13480461e-07
4.33435547e+16 1.13443215e-07
4.33462088e+16 1.13405969e-07
4.33488629e+16 1.13368723e-07
4.33515170e+16 1.13331477e-07
4.33541710e+16 1.13294231e-07
4.33568251e+16 1.13256985e-07
4.33594792e+16 1.13219739e-07
4.33621333e+16 1.13182493e-07
4.33647874e+16 1.13145247e-07
4.33674415e+16 1.13108001e-07
4.33700956e+16 1.13070755e-07
4.33727496e+16 1.13033509e-07
4.33754037e+16 1.12996263e-07
4.33780578e+16 1.12959017e-07
4.33807119e+16 1.12921771e-07
4.33833660e+16 1.12884525e-07
4.33860201e+16 1.12847280e-07
4.33886742e+16 1.12810034e-07
4.33913282e+16 1.12772788e-07
4.33939823e+16 1.12735542e-07
4.33966364e+16 1.12698296e-07
4.33992905e+16 1.12661050e-07
4.34019446e+16 1.12623804e-07
4.34045987e+16 1.12586558e-07
4.34072527e+16 1.12549312e-07
4.34099068e+16 1.12512066e-07
4.34125609e+16 1.12474820e-07
4.34152150e+16 1.12437574e-07
4.34178691e+16 1.12400328e-07
4.34205232e+16 1.12363082e-07
4.34231773e+16 1.12325836e-07
4.34258313e+16 1.12288590e-07
4.34284854e+16 1.12251344e-07
4.34311395e+16 1.12214098e-07
4.34337936e+16 1.12176852e-07
4.34364477e+16 1.12139606e-07
4.34391018e+16 1.12102360e-07
4.34417559e+16 1.12065114e-07
4.34444099e+16 1.12027868e-07
4.34470640e+16 1.11990622e-07
4.34497181e+16 1.11953376e-07
4.34523722e+16 1.11916130e-07
4.34550263e+16 1.11878884e-07
4.34576804e+16 1.11841638e-07
4.34603344e+16 1.11804392e-07
4.34629885e+16 1.11767146e-07
4.34656426e+16 1.11729900e-07
4.34682967e+16 1.11692654e-07
4.34709508e+16 1.11655408e-07
4.34736049e+16 1.11618162e-07
4.34762590e+16 1.11580916e-07
4.34789130e+16 1.11543670e-07
4.34815671e+16 1.11506424e-07
4.34842212e+16 1.11469178e-07
4.34868753e+16 1.11431932e-07
4.34895294e+16 1.11394686e-07
4.34921835e+16 1.11357440e-07
4.34948376e+16 1.11320194e-07
4.34974916e+16 1.11282948e-07
4.35001457e+16 1.11245702e-07
4.35027998e+16 1.11208456e-07
4.35054539e+16 1.11171210e-07
4.35081080e+16 1.11133964e-07
4.35107621e+16 1.11096718e-07
4.35134161e+16 1.11059472e-07
4.35160702e+16 1.11022227e-07
4.35187243e+16 1.10984981e-07
4.35213784e+16 1.10947735e-07
4.35240325e+16 1.10910489e-07
4.35266866e+16 1.10873243e-07
4.35293407e+16 1.10835997e-07
4.35319947e+16 1.10798751e-07
4.35346488e+16 1.10761505e-07
4.35373029e+16 1.10724259e-07
4.35399570e+16 1.10687013e-07
4.35426111e+16 1.10649767e-07
4.35452652e+16 1.10612521e-07
4.35479193e+16 1.10575275e-07
4.35505733e+16 1.10538029e-07
4.35532274e+16 1.10500783e-07
4.35558815e+16 1.10463537e-07
4.35585356e+16 1.10426291e-07
4.35611897e+16 1.10389045e-07
4.35638438e+16 1.10351799e-07
4.35664978e+16 1.10314553e-07
4.35691519e+16 1.10277307e-07
4.35718060e+16 1.10240061e-07
4.35744601e+16 1.10202815e-07
4.35771142e+16 1.10165569e-07
4.35797683e+16 1.10128323e-07
4.35824224e+16 1.10091077e-07
4.35850764e+16 1.10053831e-07
4.35877305e+16 1.10016585e-07
4.35903846e+16 1.09979339e-07
4.35930387e+16 1.09942093e-07
4.35956928e+16 1.09904847e-07
4.35983469e+16 1.09867601e-07
4.36010010e+16 1.09830355e-07
4.36036550e+16 1.09793109e-07
4.36063091e+16 1.09755863e-07
4.36089632e+16 1.09718617e-07
4.36116173e+16 1.09681371e-07
4.36142714e+16 1.09644125e-07
4.36169255e+16 1.09606879e-07
4.36195796e+16 1.09569633e-07
4.36222336e+16 1.09532387e-07
4.36248877e+16 1.09495141e-07
4.36275418e+16 1.09457895e-07
4.36301959e+16 1.09420649e-07
4.36328500e+16 1.09383403e-07
4.36355041e+16 1.09346157e-07
4.36381581e+16 1.09308911e-07
4.36408122e+16 1.09271665e-07
4.36434663e+16 1.09234419e-07
4.36461204e+16 1.09197174e-07
4.36487745e+16 1.09159928e-07
4.36514286e+16 1.09122682e-07
4.36540827e+16 1.09085436e-07
4.36567367e+16 1.09048190e-07
4.36593908e+16 1.09010944e-07
4.36620449e+16 1.08973698e-07
4.36646990e+16 1.08936452e-07
4.36673531e+16 1.08899206e-07
4.36700072e+16 1.08861960e-07
4.36726613e+16 1.08824714e-07
4.36753153e+16 1.08787468e-07
4.36779694e+16 1.08750222e-07
4.36806235e+16 1.08712976e-07
4.36832776e+16 1.08675730e-07
4.36859317e+16 1.08638484e-07
4.36885858e+16 1.08601238e-07
4.36912398e+16 1.08563992e-07
4.36938939e+16 1.08526746e-07
4.36965480e+16 1.08489500e-07
4.36992021e+16 1.08452254e-07
4.37018562e+16 1.08415008e-07
4.37045103e+16 1.08377762e-07
4.37071644e+16 1.08340516e-07
4.37098184e+16 1.08303270e-07
4.37124725e+16 1.08266024e-07
4.37151266e+16 1.08228778e-07
4.37177807e+16 1.08191532e-07
4.37204348e+16 1.08154286e-07
4.37230889e+16 1.08117040e-07
4.37257430e+16 1.08079794e-07
4.37283970e+16 1.08042548e-07
4.37310511e+16 1.08005302e-07
4.37337052e+16 1.07968056e-07
4.37363593e+16 1.07930810e-07
4.37390134e+16 1.07893564e-07
4.37416675e+16 1.07856318e-07
4.37443215e+16 1.07819072e-07
4.37469756e+16 1.07781826e-07
4.37496297e+16 1.07744580e-07
4.37522838e+16 1.07707334e-07
4.37549379e+16 1.07670088e-07
4.37575920e+16 1.07632842e-07
4.37602461e+16 1.07595596e-07
4.37629001e+16 1.07558350e-07
4.37655542e+16 1.07521104e-07
4.37682083e+16 1.07483858e-07
4.37708624e+16 1.07446612e-07
4.37735165e+16 1.07409367e-07
4.37761706e+16 1.07372121e-07
4.37788247e+16 1.07334875e-07
4.37814787e+16 1.07297629e-07
4.37841328e+16 1.07260383e-07
4.37867869e+16 1.07223137e-07
4.37894410e+16 1.07185891e-07
4.37920951e+16 1.07148645e-07
4.37947492e+16 1.07111399e-07
4.37974032e+16 1.07074153e-07
4.38000573e+16 1.07036907e-07
4.38027114e+16 1.06999661e-07
4.38053655e+16 1.06962415e-07
4.38080196e+16 1.06925169e-07
4.38106737e+16 1.06887923e-07
4.38133278e+16 1.06850677e-07
4.38159818e+16 1.06813431e-07
4.38186359e+16 1.06776185e-07
4.38212900e+16 1.06738939e-07
4.38239441e+16 1.06701693e-07
4.38265982e+16 1.06664447e-07
4.38292523e+16 1.06627201e-07
4.38319064e+16 1.06589955e-07
4.38345604e+16 1.06552709e-07
4.38372145e+16 1.06515463e-07
4.38398686e+16 1.06478217e-07
4.38425227e+16 1.06440971e-07
4.38451768e+16 1.06403725e-07
4.38478309e+16 1.06366479e-07
4.38504849e+16 1.06329233e-07
4.38531390e+16 1.06291987e-07
4.38557931e+16 1.06254741e-07
4.38584472e+16 1.06217495e-07
4.38611013e+16 1.06180249e-07
4.38637554e+16 1.06143003e-07
4.38664095e+16 1.06105757e-07
4.38690635e+16 1.06068511e-07
4.38717176e+16 1.06031265e-07
4.38743717e+16 1.05994019e-07
4.38770258e+16 1.05956773e-07
4.38796799e+16 1.05919527e-07
4.38823340e+16 1.05882281e-07
4.38849881e+16 1.05845035e-07
4.38876421e+16 1.05807789e-07
4.38902962e+16 1.05770543e-07
4.38929503e+16 1.05733297e-07
4.38956044e+16 1.05696051e-07
4.38982585e+16 1.05658805e-07
4.39009126e+16 1.05621559e-07
4.39035667e+16 1.05584314e-07
4.39062207e+16 1.05547068e-07
4.39088748e+16 1.05509822e-07
4.39115289e+16 1.05472576e-07
4.39141830e+16 1.05435330e-07
4.39168371e+16 1.05398084e-07
4.39194912e+16 1.05360838e-07
4.39221452e+16 1.05323592e-07
4.39247993e+16 1.05286346e-07
4.39274534e+16 1.05249100e-07
4.39301075e+16 1.05211854e-07
4.39327616e+16 1.05174608e-07
4.39354157e+16 1.05137362e-07
4.39380698e+16 1.05100116e-07
4.39407238e+16 1.05062870e-07
4.39433779e+16 1.05025624e-07
4.39460320e+16 1.04988378e-07
4.39486861e+16 1.04951132e-07
4.39513402e+16 1.04913886e-07
4.39539943e+16 1.04876640e-07
4.39566484e+16 1.04839394e-07
4.39593024e+16 1.04802148e-07
4.39619565e+16 1.04764902e-07
4.39646106e+16 1.04727656e-07
4.39672647e+16 1.04690410e-07
4.39699188e+16 1.04653164e-07
4.39725729e+16 1.04615918e-07
4.39752269e+16 1.04578672e-07
4.39778810e+16 1.04541426e-07
4.39805351e+16 1.04504180e-07
4.39831892e+16 1.04466934e-07
4.39858433e+16 1.04429688e-07
4.39884974e+16 1.04392442e-07
4.39911515e+16 1.04355196e-07
4.39938055e+16 1.04317950e-07
4.39964596e+16 1.04280704e-07
4.39991137e+16 1.04243458e-07
4.40017678e+16 1.04206212e-07
4.40044219e+16 1.04168966e-07
4.40070760e+16 1.04131720e-07
4.40097301e+16 1.04094474e-07
4.40123841e+16 1.04057228e-07
4.40150382e+16 1.04019982e-07
4.40176923e+16 1.03982736e-07
4.40203464e+16 1.03945490e-07
4.40230005e+16 1.03908244e-07
4.40256546e+16 1.03870998e-07
4.40283086e+16 1.03833752e-07
4.40309627e+16 1.03796506e-07
4.40336168e+16 1.03759261e-07
4.40362709e+16 1.03722015e-07
4.40389250e+16 1.03684769e-07
4.40415791e+16 1.03647523e-07
4.40442332e+16 1.03610277e-07
4.40468872e+16 1.03573031e-07
4.40495413e+16 1.03535785e-07
4.40521954e+16 1.03498539e-07
4.40548495e+16 1.03461293e-07
4.40575036e+16 1.03424047e-07
4.40601577e+16 1.03386801e-07
4.40628118e+16 1.03349555e-07
4.40654658e+16 1.03312309e-07
4.40681199e+16 1.03275063e-07
4.40707740e+16 1.03237817e-07
4.40734281e+16 1.03200571e-07
4.40760822e+16 1.03163325e-07
4.40787363e+16 1.03126079e-07
4.40813903e+16 1.03088833e-07
4.40840444e+16 1.03051587e-07
4.40866985e+16 1.03014341e-07
4.40893526e+16 1.02977095e-07
4.40920067e+16 1.02939849e-07
4.40946608e+16 1.02902603e-07
4.40973149e+16 1.02865357e-07
4.40999689e+16 1.02828111e-07
4.41026230e+16 1.02790865e-07
4.41052771e+16 1.02753619e-07
4.41079312e+16 1.02716373e-07
4.41105853e+16 1.02679127e-07
4.41132394e+16 1.02641881e-07
4.41158935e+16 1.02604635e-07
4.41185475e+16 1.02567389e-07
4.41212016e+16 1.02530143e-07
4.41238557e+16 1.02492897e-07
4.41265098e+16 1.02455651e-07
4.41291639e+16 1.02418405e-07
4.41318180e+16 1.02381159e-07
4.41344720e+16 1.02343913e-07
4.41371261e+16 1.02306667e-07
4.41397802e+16 1.02269421e-07
4.41424343e+16 1.02232175e-07
4.41450884e+16 1.02194929e-07
4.41477425e+16 1.02157683e-07
4.41503966e+16 1.02120437e-07
4.41530506e+16 1.02083191e-07
4.41557047e+16 1.02045945e-07
4.41583588e+16 1.02008699e-07
4.41610129e+16 1.01971454e-07
4.41636670e+16 1.01934208e-07
4.41663211e+16 1.01896962e-07
4.41689752e+16 1.01859716e-07
4.41716292e+16 1.01822470e-07
4.41742833e+16 1.01785224e-07
4.41769374e+16 1.01747978e-07
4.41795915e+16 1.01710732e-07
4.41822456e+16 1.01673486e-07
4.41848997e+16 1.01636240e-07
4.41875538e+16 1.01598994e-07
4.41902078e+16 1.01561748e-07
4.41928619e+16 1.01524502e-07
4.41955160e+16 1.01487256e-07
4.41981701e+16 1.01450010e-07
4.42008242e+16 1.01412764e-07
4.42034783e+16 1.01375518e-07
4.42061323e+16 1.01338272e-07
4.42087864e+16 1.01301026e-07
4.42114405e+16 1.01263780e-07
4.42140946e+16 1.01226534e-07
4.42167487e+16 1.01189288e-07
4.42194028e+16 1.01152042e-07
4.42220569e+16 1.01114796e-07
4.42247109e+16 1.01077550e-07
4.42273650e+16 1.01040304e-07
4.42300191e+16 1.01003058e-07
4.42326732e+16 1.00965812e-07
4.42353273e+16 1.00928566e-07
4.42379814e+16 1.00891320e-07
4.42406355e+16 1.00854074e-07
4.42432895e+16 1.00816828e-07
4.42459436e+16 1.00779582e-07
4.42485977e+16 1.00742336e-07
4.42512518e+16 1.00705090e-07
4.42539059e+16 1.00667844e-07
4.42565600e+16 1.00630598e-07
4.42592140e+16 1.00593352e-07
4.42618681e+16 1.00556106e-07
4.42645222e+16 1.00518860e-07
4.42671763e+16 1.00481614e-07
4.42698304e+16 1.00444368e-07
4.42724845e+16 1.00407122e-07
4.42751386e+16 1.00369876e-07
4.42777926e+16 1.00332630e-07
4.42804467e+16 1.00295384e-07
4.42831008e+16 1.00258138e-07
4.42857549e+16 1.00220892e-07
4.42884090e+16 1.00183646e-07
4.42910631e+16 1.00146401e-07
4.42937172e+16 1.00109155e-07
4.42963712e+16 1.00071909e-07
4.42990253e+16 1.00034663e-07
4.43016794e+16 9.99974166e-08
4.43043335e+16 9.99601706e-08
4.43069876e+16 9.99229246e-08
4.43096417e+16 9.98856787e-08
4.43122957e+16 9.98484327e-08
4.43149498e+16 9.98111867e-08
4.43176039e+16 9.97739407e-08
4.43202580e+16 9.97366947e-08
4.43229121e+16 9.96994488e-08
4.43255662e+16 9.96622028e-08
4.43282203e+16 9.96249568e-08
4.43308743e+16 9.95877108e-08
4.43335284e+16 9.95504648e-08
4.43361825e+16 9.95132189e-08
4.43388366e+16 9.94759729e-08
4.43414907e+16 9.94387269e-08
4.43441448e+16 9.94014809e-08
4.43467989e+16 9.93642349e-08
4.43494529e+16 9.93269890e-08
4.43521070e+16 9.92897430e-08
4.43547611e+16 9.92524970e-08
4.43574152e+16 9.92152510e-08
4.43600693e+16 9.91780050e-08
4.43627234e+16 9.91407591e-08
4.43653774e+16 9.91035131e-08
4.43680315e+16 9.90662671e-08
4.43706856e+16 9.90290211e-08
4.43733397e+16 9.89917751e-08
4.43759938e+16 9.89545292e-08
4.43786479e+16 9.89172832e-08
4.43813020e+16 9.88800372e-08
4.43839560e+16 9.88427912e-08
4.43866101e+16 9.88055452e-08
4.43892642e+16 9.87682993e-08
4.43919183e+16 9.87310533e-08
4.43945724e+16 9.86938073e-08
4.43972265e+16 9.86565613e-08
4.43998806e+16 9.86193154e-08
4.44025346e+16 9.85820694e-08
4.44051887e+16 9.85448234e-08
4.44078428e+16 9.85075774e-08
4.44104969e+16 9.84703314e-08
4.44131510e+16 9.84330855e-08
4.44158051e+16 9.83958395e-08
4.44184591e+16 9.83585935e-08
4.44211132e+16 9.83213475e-08
4.44237673e+16 9.82841015e-08
4.44264214e+16 9.82468556e-08
4.44290755e+16 9.82096096e-08
4.44317296e+16 9.81723636e-08
4.44343837e+16 9.81351176e-08
4.44370377e+16 9.80978716e-08
4.44396918e+16 9.80606257e-08
4.44423459e+16 9.80233797e-08
4.44450000e+16 9.79861337e-08
4.44476541e+16 9.79488877e-08
4.44503082e+16 9.79116417e-08
4.44529623e+16 9.78743958e-08
4.44556163e+16 9.78371498e-08
4.44582704e+16 9.77999038e-08
4.44609245e+16 9.77626578e-08
4.44635786e+16 9.77254118e-08
4.44662327e+16 9.76881659e-08
4.44688868e+16 9.76509199e-08
4.44715409e+16 9.76136739e-08
4.44741949e+16 9.75764279e-08
4.44768490e+16 9.75391819e-08
4.44795031e+16 9.75019360e-08
4.44821572e+16 9.74646900e-08
4.44848113e+16 9.74274440e-08
4.44874654e+16 9.73901980e-08
4.44901194e+16 9.73529520e-08
4.44927735e+16 9.73157061e-08
4.44954276e+16 9.72784601e-08
4.44980817e+16 9.72412141e-08
4.45007358e+16 9.72039681e-08
4.45033899e+16 9.71667222e-08
4.45060440e+16 9.71294762e-08
4.45086980e+16 9.70922302e-08
4.45113521e+16 9.70549842e-08
4.45140062e+16 9.70177382e-08
4.45166603e+16 9.69804923e-08
4.45193144e+16 9.69432463e-08
4.45219685e+16 9.69060003e-08
4.45246226e+16 9.68687543e-08
4.45272766e+16 9.68315083e-08
4.45299307e+16 9.67942624e-08
4.45325848e+16 9.67570164e-08
4.45352389e+16 9.67197704e-08
4.45378930e+16 9.66825244e-08
4.45405471e+16 9.66452784e-08
4.45432011e+16 9.66080325e-08
4.45458552e+16 9.65707865e-08
4.45485093e+16 9.65335405e-08
4.45511634e+16 9.64962945e-08
4.45538175e+16 9.64590485e-08
4.45564716e+16 9.64218026e-08
4.45591257e+16 9.63845566e-08
4.45617797e+16 9.63473106e-08
4.45644338e+16 9.63100646e-08
4.45670879e+16 9.62728186e-08
4.45697420e+16 9.62355727e-08
4.45723961e+16 9.61983267e-08
4.45750502e+16 9.61610807e-08
4.45777043e+16 9.61238347e-08
4.45803583e+16 9.60865887e-08
4.45830124e+16 9.60493428e-08
4.45856665e+16 9.60120968e-08
4.45883206e+16 9.59748508e-08
4.45909747e+16 9.59376048e-08
4.45936288e+16 9.59003589e-08
4.45962828e+16 9.58631129e-08
4.45989369e+16 9.58258669e-08
4.46015910e+16 9.57886209e-08
4.46042451e+16 9.57513749e-08
4.46068992e+16 9.57141290e-08
4.46095533e+16 9.56768830e-08
4.46122074e+16 9.56396370e-08
4.46148614e+16 9.56023910e-08
4.46175155e+16 9.55651450e-08
4.46201696e+16 9.55278991e-08
4.46228237e+16 9.54906531e-08
4.46254778e+16 9.54534071e-08
4.46281319e+16 9.54161611e-08
4.46307860e+16 9.53789151e-08
4.46334400e+16 9.53416692e-08
4.46360941e+16 9.53044232e-08
4.46387482e+16 9.52671772e-08
4.46414023e+16 9.52299312e-08
4.46440564e+16 9.51926852e-08
4.46467105e+16 9.51554393e-08
4.46493645e+16 9.51181933e-08
4.46520186e+16 9.50809473e-08
4.46546727e+16 9.50437013e-08
4.46573268e+16 9.50064553e-08
4.46599809e+16 9.49692094e-08
4.46626350e+16 9.49319634e-08
4.46652891e+16 9.48947174e-08
4.46679431e+16 9.48574714e-08
4.46705972e+16 9.48202254e-08
4.46732513e+16 9.47829795e-08
4.46759054e+16 9.47457335e-08
4.46785595e+16 9.47084875e-08
4.46812136e+16 9.46712415e-08
4.46838677e+16 9.46339955e-08
4.46865217e+16 9.45967496e-08
4.46891758e+16 9.45595036e-08
4.46918299e+16 9.45222576e-08
4.46944840e+16 9.44850116e-08
4.46971381e+16 9.44477657e-08
4.46997922e+16 9.44105197e-08
4.47024462e+16 9.43732737e-08
4.47051003e+16 9.43360277e-08
4.47077544e+16 9.42987817e-08
4.47104085e+16 9.42615358e-08
4.47130626e+16 9.42242898e-08
4.47157167e+16 9.41870438e-08
4.47183708e+16 9.41497978e-08
4.47210248e+16 9.41125518e-08
4.47236789e+16 9.40753059e-08
4.47263330e+16 9.40380599e-08
4.47289871e+16 9.40008139e-08
4.47316412e+16 9.39635679e-08
4.47342953e+16 9.39263219e-08
4.47369494e+16 9.38890760e-08
4.47396034e+16 9.38518300e-08
4.47422575e+16 9.38145840e-08
4.47449116e+16 9.37773380e-08
4.47475657e+16 9.37400920e-08
4.47502198e+16 9.37028461e-08
4.47528739e+16 9.36656001e-08
4.47555280e+16 9.36283541e-08
4.47581820e+16 9.35911081e-08
4.47608361e+16 9.35538621e-08
4.47634902e+16 9.35166162e-08
4.47661443e+16 9.34793702e-08
4.47687984e+16 9.34421242e-08
4.47714525e+16 9.34048782e-08
4.47741065e+16 9.33676322e-08
4.47767606e+16 9.33303863e-08
4.47794147e+16 9.32931403e-08
4.47820688e+16 9.32558943e-08
4.47847229e+16 9.32186483e-08
4.47873770e+16 9.31814023e-08
4.47900311e+16 9.31441564e-08
4.47926851e+16 9.31069104e-08
4.47953392e+16 9.30696644e-08
4.47979933e+16 9.30324184e-08
4.48006474e+16 9.29951725e-08
4.48033015e+16 9.29579265e-08
4.48059556e+16 9.29206805e-08
4.48086097e+16 9.28834345e-08
4.48112637e+16 9.28461885e-08
4.48139178e+16 9.28089426e-08
4.48165719e+16 9.27716966e-08
4.48192260e+16 9.27344506e-08
4.48218801e+16 9.26972046e-08
4.48245342e+16 9.26599586e-08
4.48271882e+16 9.26227127e-08
4.48298423e+16 9.25854667e-08
4.48324964e+16 9.25482207e-08
4.48351505e+16 9.25109747e-08
4.48378046e+16 9.24737287e-08
4.48404587e+16 9.24364828e-08
4.48431128e+16 9.23992368e-08
4.48457668e+16 9.23619908e-08
4.48484209e+16 9.23247448e-08
4.48510750e+16 9.22874988e-08
4.48537291e+16 9.22502529e-08
4.48563832e+16 9.22130069e-08
4.48590373e+16 9.21757609e-08
4.48616914e+16 9.21385149e-08
4.48643454e+16 9.21012689e-08
4.48669995e+16 9.20640230e-08
4.48696536e+16 9.20267770e-08
4.48723077e+16 9.19895310e-08
4.48749618e+16 9.19522850e-08
4.48776159e+16 9.19150390e-08
4.48802699e+16 9.18777931e-08
4.48829240e+16 9.18405471e-08
4.48855781e+16 9.18033011e-08
4.48882322e+16 9.17660551e-08
4.48908863e+16 9.17288092e-08
4.48935404e+16 9.16915632e-08
4.48961945e+16 9.16543172e-08
4.48988485e+16 9.16170712e-08
4.49015026e+16 9.15798252e-08
4.49041567e+16 9.15425793e-08
4.49068108e+16 9.15053333e-08
4.49094649e+16 9.14680873e-08
4.49121190e+16 9.14308413e-08
4.49147731e+16 9.13935953e-08
4.49174271e+16 9.13563494e-08
4.49200812e+16 9.13191034e-08
4.49227353e+16 9.12818574e-08
4.49253894e+16 9.12446114e-08
4.49280435e+16 9.12073654e-08
4.49306976e+16 9.11701195e-08
4.49333516e+16 9.11328735e-08
4.49360057e+16 9.10956275e-08
4.49386598e+16 9.10583815e-08
4.49413139e+16 9.10211355e-08
4.49439680e+16 9.09838896e-08
4.49466221e+16 9.09466436e-08
4.49492762e+16 9.09093976e-08
4.49519302e+16 9.08721516e-08
4.49545843e+16 9.08349056e-08
4.49572384e+16 9.07976597e-08
4.49598925e+16 9.07604137e-08
4.49625466e+16 9.07231677e-08
4.49652007e+16 9.06859217e-08
4.49678548e+16 9.06486757e-08
4.49705088e+16 9.06114298e-08
4.49731629e+16 9.05741838e-08
4.49758170e+16 9.05369378e-08
4.49784711e+16 9.05095650e-08
4.49811252e+16 9.04830882e-08
4.49837793e+16 9.04566113e-08
4.49864333e+16 9.04301344e-08
4.49890874e+16 9.04036575e-08
4.49917415e+16 9.03771806e-08
4.49943956e+16 9.03507037e-08
4.49970497e+16 9.03242268e-08
4.49997038e+16 9.02977499e-08
4.50023579e+16 9.02712730e-08
4.50050119e+16 9.02447962e-08
4.50076660e+16 9.02183193e-08
4.50103201e+16 9.01918424e-08
4.50129742e+16 9.01653655e-08
4.50156283e+16 9.01388886e-08
4.50182824e+16 9.01124117e-08
4.50209365e+16 9.00859348e-08
4.50235905e+16 9.00594579e-08
4.50262446e+16 9.00329810e-08
4.50288987e+16 9.00065042e-08
4.50315528e+16 8.99800273e-08
4.50342069e+16 8.99535504e-08
4.50368610e+16 8.99270735e-08
4.50395151e+16 8.99005966e-08
4.50421691e+16 8.98741197e-08
4.50448232e+16 8.98476428e-08
4.50474773e+16 8.98211659e-08
4.50501314e+16 8.97946890e-08
4.50527855e+16 8.97682122e-08
4.50554396e+16 8.97417353e-08
4.50580936e+16 8.97152584e-08
4.50607477e+16 8.96887815e-08
4.50634018e+16 8.96623046e-08
4.50660559e+16 8.96358277e-08
4.50687100e+16 8.96093508e-08
4.50713641e+16 8.95828739e-08
4.50740182e+16 8.95563970e-08
4.50766722e+16 8.95299202e-08
4.50793263e+16 8.95034433e-08
4.50819804e+16 8.94769664e-08
4.50846345e+16 8.94504895e-08
4.50872886e+16 8.94240126e-08
4.50899427e+16 8.93975357e-08
4.50925968e+16 8.93710588e-08
4.50952508e+16 8.93445819e-08
4.50979049e+16 8.93181050e-08
4.51005590e+16 8.92916282e-08
4.51032131e+16 8.92651513e-08
4.51058672e+16 8.92386744e-08
4.51085213e+16 8.92121975e-08
4.51111753e+16 8.91857206e-08
4.51138294e+16 8.91592437e-08
4.51164835e+16 8.91327668e-08
4.51191376e+16 8.91062899e-08
4.51217917e+16 8.90798130e-08
4.51244458e+16 8.90533362e-08
4.51270999e+16 8.90268593e-08
4.51297539e+16 8.90003824e-08
4.51324080e+16 8.89739055e-08
4.51350621e+16 8.89474286e-08
4.51377162e+16 8.89209517e-08
4.51403703e+16 8.88944748e-08
4.51430244e+16 8.88679979e-08
4.51456785e+16 8.88415210e-08
4.51483325e+16 8.88150442e-08
4.51509866e+16 8.87885673e-08
4.51536407e+16 8.87620904e-08
4.51562948e+16 8.87356135e-08
4.51589489e+16 8.87091366e-08
4.51616030e+16 8.86826597e-08
4.51642570e+16 8.86561828e-08
4.51669111e+16 8.86297059e-08
4.51695652e+16 8.86032290e-08
4.51722193e+16 8.85767522e-08
4.51748734e+16 8.85502753e-08
4.51775275e+16 8.85237984e-08
4.51801816e+16 8.84973215e-08
4.51828356e+16 8.84708446e-08
4.51854897e+16 8.84443677e-08
4.51881438e+16 8.84178908e-08
4.51907979e+16 8.83914139e-08
4.51934520e+16 8.83649370e-08
4.51961061e+16 8.83384602e-08
4.51987602e+16 8.83119833e-08
4.52014142e+16 8.82855064e-08
4.52040683e+16 8.82590295e-08
4.52067224e+16 8.82325526e-08
4.52093765e+16 8.82060757e-08
4.52120306e+16 8.81795988e-08
4.52146847e+16 8.81531219e-08
4.52173387e+16 8.81266450e-08
4.52199928e+16 8.81001682e-08
4.52226469e+16 8.80736913e-08
4.52253010e+16 8.80472144e-08
4.52279551e+16 8.80207375e-08
4.52306092e+16 8.79942606e-08
4.52332633e+16 8.79677837e-08
4.52359173e+16 8.79413068e-08
4.52385714e+16 8.79148299e-08
4.52412255e+16 8.78883530e-08
4.52438796e+16 8.78618762e-08
4.52465337e+16 8.78353993e-08
4.52491878e+16 8.78089224e-08
4.52518419e+16 8.77824455e-08
4.52544959e+16 8.77559686e-08
4.52571500e+16 8.77294917e-08
4.52598041e+16 8.77030148e-08
4.52624582e+16 8.76765379e-08
4.52651123e+16 8.76500610e-08
4.52677664e+16 8.76235842e-08
4.52704204e+16 8.75971073e-08
4.52730745e+16 8.75706304e-08
4.52757286e+16 8.75441535e-08
4.52783827e+16 8.75176766e-08
4.52810368e+16 8.74911997e-08
4.52836909e+16 8.74647228e-08
4.52863450e+16 8.74382459e-08
4.52889990e+16 8.74117690e-08
4.52916531e+16 8.73852922e-08
4.52943072e+16 8.73588153e-08
4.52969613e+16 8.73323384e-08
4.52996154e+16 8.73058615e-08
4.53022695e+16 8.72793846e-08
4.53049236e+16 8.72529077e-08
4.53075776e+16 8.72264308e-08
4.53102317e+16 8.71999539e-08
4.53128858e+16 8.71734770e-08
4.53155399e+16 8.71470002e-08
4.53181940e+16 8.71205233e-08
4.53208481e+16 8.70940464e-08
4.53235022e+16 8.70675695e-08
4.53261562e+16 8.70410926e-08
4.53288103e+16 8.70146157e-08
4.53314644e+16 8.69881388e-08
4.53341185e+16 8.69616619e-08
4.53367726e+16 8.69351850e-08
4.53394267e+16 8.69087082e-08
4.53420807e+16 8.68822313e-08
4.53447348e+16 8.68557544e-08
4.53473889e+16 8.68292775e-08
4.53500430e+16 8.68028006e-08
4.53526971e+16 8.67763237e-08
4.53553512e+16 8.67498468e-08
4.53580053e+16 8.67233699e-08
4.53606593e+16 8.66968930e-08
4.53633134e+16 8.66704162e-08
4.53659675e+16 8.66439393e-08
4.53686216e+16 8.66174624e-08
4.53712757e+16 8.65909855e-08
4.53739298e+16 8.65645086e-08
4.53765839e+16 8.65380317e-08
4.53792379e+16 8.65115548e-08
4.53818920e+16 8.64850779e-08
4.53845461e+16 8.64586010e-08
4.53872002e+16 8.64321242e-08
4.53898543e+16 8.64056473e-08
4.53925084e+16 8.63791704e-08
4.53951624e+16 8.63526935e-08
4.53978165e+16 8.63262166e-08
4.54004706e+16 8.62997397e-08
4.54031247e+16 8.62732628e-08
4.54057788e+16 8.62467859e-08
4.54084329e+16 8.62203090e-08
4.54110870e+16 8.61938322e-08
4.54137410e+16 8.61673553e-08
4.54163951e+16 8.61408784e-08
4.54190492e+16 8.61144015e-08
4.54217033e+16 8.60879246e-08
4.54243574e+16 8.60614477e-08
4.54270115e+16 8.60349708e-08
4.54296656e+16 8.60084939e-08
4.54323196e+16 8.59820171e-08
4.54349737e+16 8.59555402e-08
4.54376278e+16 8.59290633e-08
4.54402819e+16 8.59025864e-08
4.54429360e+16 8.58761095e-08
4.54455901e+16 8.58496326e-08
4.54482441e+16 8.58231557e-08
4.54508982e+16 8.57966788e-08
4.54535523e+16 8.57702019e-08
4.54562064e+16 8.57437251e-08
4.54588605e+16 8.57172482e-08
4.54615146e+16 8.56907713e-08
4.54641687e+16 8.56642944e-08
4.54668227e+16 8.56378175e-08
4.54694768e+16 8.56113406e-08
4.54721309e+16 8.55848637e-08
4.54747850e+16 8.55583868e-08
4.54774391e+16 8.55319099e-08
4.54800932e+16 8.55054331e-08
4.54827473e+16 8.54789562e-08
4.54854013e+16 8.54524793e-08
4.54880554e+16 8.54260024e-08
4.54907095e+16 8.53995255e-08
4.54933636e+16 8.53730486e-08
4.54960177e+16 8.53465717e-08
4.54986718e+16 8.53200948e-08
4.55013258e+16 8.52936179e-08
4.55039799e+16 8.52671411e-08
4.55066340e+16 8.52406642e-08
4.55092881e+16 8.52141873e-08
4.55119422e+16 8.51877104e-08
4.55145963e+16 8.51612335e-08
4.55172504e+16 8.51347566e-08
4.55199044e+16 8.51082797e-08
4.55225585e+16 8.50818028e-08
4.55252126e+16 8.50553259e-08
4.55278667e+16 8.50288491e-08
4.55305208e+16 8.50023722e-08
4.55331749e+16 8.49758953e-08
4.55358290e+16 8.49494184e-08
4.55384830e+16 8.49229415e-08
4.55411371e+16 8.48964646e-08
4.55437912e+16 8.48699877e-08
4.55464453e+16 8.48435108e-08
4.55490994e+16 8.48170339e-08
4.55517535e+16 8.47905571e-08
4.55544075e+16 8.47640802e-08
4.55570616e+16 8.47376033e-08
4.55597157e+16 8.47111264e-08
4.55623698e+16 8.46846495e-08
4.55650239e+16 8.46581726e-08
4.55676780e+16 8.46316957e-08
4.55703321e+16 8.46052188e-08
4.55729861e+16 8.45787419e-08
4.55756402e+16 8.45522651e-08
4.55782943e+16 8.45257882e-08
4.55809484e+16 8.44993113e-08
4.55836025e+16 8.44728344e-08
4.55862566e+16 8.44463575e-08
4.55889107e+16 8.44198806e-08
4.55915647e+16 8.43934037e-08
4.55942188e+16 8.43669268e-08
4.55968729e+16 8.43404499e-08
4.55995270e+16 8.43139731e-08
4.56021811e+16 8.42874962e-08
4.56048352e+16 8.42610193e-08
4.56074892e+16 8.42345424e-08
4.56101433e+16 8.42080655e-08
4.56127974e+16 8.41815886e-08
4.56154515e+16 8.41551117e-08
4.56181056e+16 8.41286348e-08
4.56207597e+16 8.41021579e-08
4.56234138e+16 8.40756811e-08
4.56260678e+16 8.40492042e-08
4.56287219e+16 8.40227273e-08
4.56313760e+16 8.39962504e-08
4.56340301e+16 8.39697735e-08
4.56366842e+16 8.39432966e-08
4.56393383e+16 8.39168197e-08
4.56419924e+16 8.38903428e-08
4.56446464e+16 8.38638659e-08
4.56473005e+16 8.38373891e-08
4.56499546e+16 8.38109122e-08
4.56526087e+16 8.37844353e-08
4.56552628e+16 8.37579584e-08
4.56579169e+16 8.37314815e-08
4.56605710e+16 8.37050046e-08
4.56632250e+16 8.36785277e-08
4.56658791e+16 8.36520508e-08
4.56685332e+16 8.36255739e-08
4.56711873e+16 8.35990971e-08
4.56738414e+16 8.35726202e-08
4.56764955e+16 8.35461433e-08
4.56791495e+16 8.35196664e-08
4.56818036e+16 8.34931895e-08
4.56844577e+16 8.34667126e-08
4.56871118e+16 8.34402357e-08
4.56897659e+16 8.34137588e-08
4.56924200e+16 8.33872819e-08
4.56950741e+16 8.33608051e-08
4.56977281e+16 8.33343282e-08
4.57003822e+16 8.33078513e-08
4.57030363e+16 8.32813744e-08
4.57056904e+16 8.32548975e-08
4.57083445e+16 8.32284206e-08
4.57109986e+16 8.32019437e-08
4.57136527e+16 8.31754668e-08
4.57163067e+16 8.31489899e-08
4.57189608e+16 8.31225131e-08
4.57216149e+16 8.30960362e-08
4.57242690e+16 8.30695593e-08
4.57269231e+16 8.30430824e-08
4.57295772e+16 8.30166055e-08
4.57322312e+16 8.29901286e-08
4.57348853e+16 8.29636517e-08
4.57375394e+16 8.29371748e-08
4.57401935e+16 8.29106979e-08
4.57428476e+16 8.28842211e-08
4.57455017e+16 8.28577442e-08
4.57481558e+16 8.28312673e-08
4.57508098e+16 8.28047904e-08
4.57534639e+16 8.27783135e-08
4.57561180e+16 8.27518366e-08
4.57587721e+16 8.27253597e-08
4.57614262e+16 8.26988828e-08
4.57640803e+16 8.26724059e-08
4.57667344e+16 8.26459291e-08
4.57693884e+16 8.26194522e-08
4.57720425e+16 8.25929753e-08
4.57746966e+16 8.25664984e-08
4.57773507e+16 8.25400215e-08
4.57800048e+16 8.25135446e-08
4.57826589e+16 8.24870677e-08
4.57853129e+16 8.24605908e-08
4.57879670e+16 8.24341139e-08
4.57906211e+16 8.24076371e-08
4.57932752e+16 8.23811602e-08
4.57959293e+16 8.23546833e-08
4.57985834e+16 8.23282064e-08
4.58012375e+16 8.23017295e-08
4.58038915e+16 8.22752526e-08
4.58065456e+16 8.22487757e-08
4.58091997e+16 8.22222988e-08
4.58118538e+16 8.21958219e-08
4.58145079e+16 8.21693451e-08
4.58171620e+16 8.21428682e-08
4.58198161e+16 8.21163913e-08
4.58224701e+16 8.20899144e-08
4.58251242e+16 8.20634375e-08
4.58277783e+16 8.20369606e-08
4.58304324e+16 8.20104837e-08
4.58330865e+16 8.19840068e-08
4.58357406e+16 8.19575299e-08
4.58383946e+16 8.19310531e-08
4.58410487e+16 8.19045762e-08
4.58437028e+16 8.18780993e-08
4.58463569e+16 8.18516224e-08
4.58490110e+16 8.18251455e-08
4.58516651e+16 8.17986686e-08
4.58543192e+16 8.17721917e-08
4.58569732e+16 8.17457148e-08
4.58596273e+16 8.17192379e-08
4.58622814e+16 8.16927611e-08
4.58649355e+16 8.16662842e-08
4.58675896e+16 8.16398073e-08
4.58702437e+16 8.16133304e-08
4.58728978e+16 8.15868535e-08
4.58755518e+16 8.15603766e-08
4.58782059e+16 8.15338997e-08
4.58808600e+16 8.15074228e-08
4.58835141e+16 8.14809459e-08
4.58861682e+16 8.14544691e-08
4.58888223e+16 8.14279922e-08
4.58914763e+16 8.14015153e-08
4.58941304e+16 8.13750384e-08
4.58967845e+16 8.13485615e-08
4.58994386e+16 8.13220846e-08
4.59020927e+16 8.12956077e-08
4.59047468e+16 8.12691308e-08
4.59074009e+16 8.12426539e-08
4.59100549e+16 8.12161771e-08
4.59127090e+16 8.11897002e-08
4.59153631e+16 8.11632233e-08
4.59180172e+16 8.11367464e-08
4.59206713e+16 8.11102695e-08
4.59233254e+16 8.10837926e-08
4.59259795e+16 8.10573157e-08
4.59286335e+16 8.10308388e-08
4.59312876e+16 8.10043619e-08
4.59339417e+16 8.09778851e-08
4.59365958e+16 8.09514082e-08
4.59392499e+16 8.09249313e-08
4.59419040e+16 8.08984544e-08
4.59445581e+16 8.08719775e-08
4.59472121e+16 8.08455006e-08
4.59498662e+16 8.08190237e-08
4.59525203e+16 8.07925468e-08
4.59551744e+16 8.07660699e-08
4.59578285e+16 8.07395931e-08
4.59604826e+16 8.07131162e-08
4.59631366e+16 8.06866393e-08
4.59657907e+16 8.06601624e-08
4.59684448e+16 8.06336855e-08
4.59710989e+16 8.06072086e-08
4.59737530e+16 8.05807317e-08
4.59764071e+16 8.05542548e-08
4.59790612e+16 8.05277779e-08
4.59817152e+16 8.05013011e-08
4.59843693e+16 8.04748242e-08
4.59870234e+16 8.04483473e-08
4.59896775e+16 8.04218704e-08
4.59923316e+16 8.03953935e-08
4.59949857e+16 8.03689166e-08
4.59976398e+16 8.03424397e-08
4.60002938e+16 8.03159628e-08
4.60029479e+16 8.02894859e-08
4.60056020e+16 8.02630091e-08
4.60082561e+16 8.02365322e-08
4.60109102e+16 8.02100553e-08
4.60135643e+16 8.01835784e-08
4.60162183e+16 8.01571015e-08
4.60188724e+16 8.01306246e-08
4.60215265e+16 8.01041477e-08
4.60241806e+16 8.00776708e-08
4.60268347e+16 8.00511939e-08
4.60294888e+16 8.00247171e-08
4.60321429e+16 7.99982402e-08
4.60347969e+16 7.99717633e-08
4.60374510e+16 7.99452864e-08
4.60401051e+16 7.99188095e-08
4.60427592e+16 7.98923326e-08
4.60454133e+16 7.98658557e-08
4.60480674e+16 7.98393788e-08
4.60507215e+16 7.98129019e-08
4.60533755e+16 7.97864251e-08
4.60560296e+16 7.97599482e-08
4.60586837e+16 7.97334713e-08
4.60613378e+16 7.97069944e-08
4.60639919e+16 7.96805175e-08
4.60666460e+16 7.96540406e-08
4.60693000e+16 7.96275637e-08
4.60719541e+16 7.96010868e-08
4.60746082e+16 7.95746099e-08
4.60772623e+16 7.95481331e-08
4.60799164e+16 7.95216562e-08
4.60825705e+16 7.94951793e-08
4.60852246e+16 7.94687024e-08
4.60878786e+16 7.94422255e-08
4.60905327e+16 7.94157486e-08
4.60931868e+16 7.93892717e-08
4.60958409e+16 7.93627948e-08
4.60984950e+16 7.93363179e-08
4.61011491e+16 7.93098411e-08
4.61038032e+16 7.92833642e-08
4.61064572e+16 7.92568873e-08
4.61091113e+16 7.92304104e-08
4.61117654e+16 7.92039335e-08
4.61144195e+16 7.91774566e-08
4.61170736e+16 7.91509797e-08
4.61197277e+16 7.91245028e-08
4.61223817e+16 7.90980259e-08
4.61250358e+16 7.90715491e-08
4.61276899e+16 7.90450722e-08
4.61303440e+16 7.90185953e-08
4.61329981e+16 7.89921184e-08
4.61356522e+16 7.89656415e-08
4.61383063e+16 7.89391646e-08
4.61409603e+16 7.89126877e-08
4.61436144e+16 7.88862108e-08
4.61462685e+16 7.88597339e-08
4.61489226e+16 7.88332571e-08
4.61515767e+16 7.88067802e-08
4.61542308e+16 7.87803033e-08
4.61568849e+16 7.87538264e-08
4.61595389e+16 7.87273495e-08
4.61621930e+16 7.87008726e-08
4.61648471e+16 7.86743957e-08
4.61675012e+16 7.86479188e-08
4.61701553e+16 7.86214419e-08
4.61728094e+16 7.85949651e-08
4.61754634e+16 7.85684882e-08
4.61781175e+16 7.85420113e-08
4.61807716e+16 7.85155344e-08
4.61834257e+16 7.84890575e-08
4.61860798e+16 7.84625806e-08
4.61887339e+16 7.84361037e-08
4.61913880e+16 7.84096268e-08
4.61940420e+16 7.83831499e-08
4.61966961e+16 7.83566731e-08
4.61993502e+16 7.83301962e-08
4.62020043e+16 7.83037193e-08
4.62046584e+16 7.82772424e-08
4.62073125e+16 7.82507655e-08
4.62099666e+16 7.82242886e-08
4.62126206e+16 7.81978117e-08
4.62152747e+16 7.81713348e-08
4.62179288e+16 7.81448579e-08
4.62205829e+16 7.81183811e-08
4.62232370e+16 7.80919042e-08
4.62258911e+16 7.80654273e-08
4.62285452e+16 7.80389504e-08
4.62311992e+16 7.80124735e-08
4.62338533e+16 7.79859966e-08
4.62365074e+16 7.79595197e-08
4.62391615e+16 7.79330428e-08
4.62418156e+16 7.79065659e-08
4.62444697e+16 7.78800891e-08
4.62471237e+16 7.78536122e-08
4.62497778e+16 7.78271353e-08
4.62524319e+16 7.78006584e-08
4.62550860e+16 7.77741815e-08
4.62577401e+16 7.77477046e-08
4.62603942e+16 7.77212277e-08
4.62630483e+16 7.76947508e-08
4.62657023e+16 7.76682739e-08
4.62683564e+16 7.76417971e-08
4.62710105e+16 7.76153202e-08
4.62736646e+16 7.75888433e-08
4.62763187e+16 7.75623664e-08
4.62789728e+16 7.75358895e-08
4.62816269e+16 7.75094126e-08
4.62842809e+16 7.74829357e-08
4.62869350e+16 7.74564588e-08
4.62895891e+16 7.74299819e-08
4.62922432e+16 7.74035051e-08
4.62948973e+16 7.73770282e-08
4.62975514e+16 7.73505513e-08
4.63002054e+16 7.73240744e-08
4.63028595e+16 7.72975975e-08
4.63055136e+16 7.72711206e-08
4.63081677e+16 7.72446437e-08
4.63108218e+16 7.72181668e-08
4.63134759e+16 7.71916899e-08
4.63161300e+16 7.71652131e-08
4.63187840e+16 7.71387362e-08
4.63214381e+16 7.71122593e-08
4.63240922e+16 7.70857824e-08
4.63267463e+16 7.70593055e-08
4.63294004e+16 7.70328286e-08
4.63320545e+16 7.70063517e-08
4.63347086e+16 7.69798748e-08
4.63373626e+16 7.69533979e-08
4.63400167e+16 7.69269211e-08
4.63426708e+16 7.69004442e-08
4.63453249e+16 7.68739673e-08
4.63479790e+16 7.68474904e-08
4.63506331e+16 7.68210135e-08
4.63532871e+16 7.67945366e-08
4.63559412e+16 7.67680597e-08
4.63585953e+16 7.67415828e-08
4.63612494e+16 7.67151059e-08
4.63639035e+16 7.66886291e-08
4.63665576e+16 7.66621522e-08
4.63692117e+16 7.66356753e-08
4.63718657e+16 7.66091984e-08
4.63745198e+16 7.65827215e-08
4.63771739e+16 7.65562446e-08
4.63798280e+16 7.65297677e-08
4.63824821e+16 7.65032908e-08
4.63851362e+16 7.64768139e-08
4.63877903e+16 7.64503371e-08
4.63904443e+16 7.64238602e-08
4.63930984e+16 7.63973833e-08
4.63957525e+16 7.63709064e-08
4.63984066e+16 7.63444295e-08
4.64010607e+16 7.63179526e-08
4.64037148e+16 7.62914757e-08
4.64063688e+16 7.62649988e-08
4.64090229e+16 7.62385219e-08
4.64116770e+16 7.62120451e-08
4.64143311e+16 7.61855682e-08
4.64169852e+16 7.61590913e-08
4.64196393e+16 7.61326144e-08
4.64222934e+16 7.61061375e-08
4.64249474e+16 7.60796606e-08
4.64276015e+16 7.60531837e-08
4.64302556e+16 7.60267068e-08
4.64329097e+16 7.60002299e-08
4.64355638e+16 7.59737531e-08
4.64382179e+16 7.59472762e-08
4.64408720e+16 7.59207993e-08
4.64435260e+16 7.58943224e-08
4.64461801e+16 7.58678455e-08
4.64488342e+16 7.58413686e-08
4.64514883e+16 7.58148917e-08
4.64541424e+16 7.57884148e-08
4.64567965e+16 7.57619379e-08
4.64594505e+16 7.57354611e-08
4.64621046e+16 7.57089842e-08
4.64647587e+16 7.56825073e-08
4.64674128e+16 7.56560304e-08
4.64700669e+16 7.56295535e-08
4.64727210e+16 7.56030766e-08
4.64753751e+16 7.55765997e-08
4.64780291e+16 7.55501228e-08
4.64806832e+16 7.55236459e-08
4.64833373e+16 7.54971691e-08
4.64859914e+16 7.54706922e-08
4.64886455e+16 7.54442153e-08
4.64912996e+16 7.54177384e-08
4.64939537e+16 7.53912615e-08
4.64966077e+16 7.53647846e-08
4.64992618e+16 7.53383077e-08
4.65019159e+16 7.53118308e-08
4.65045700e+16 7.52853539e-08
4.65072241e+16 7.52588771e-08
4.65098782e+16 7.52324002e-08
4.65125323e+16 7.52059233e-08
4.65151863e+16 7.51794464e-08
4.65178404e+16 7.51529695e-08
4.65204945e+16 7.51264926e-08
4.65231486e+16 7.51000157e-08
4.65258027e+16 7.50735388e-08
4.65284568e+16 7.50470619e-08
4.65311108e+16 7.50205851e-08
4.65337649e+16 7.49941082e-08
4.65364190e+16 7.49676313e-08
4.65390731e+16 7.49411544e-08
4.65417272e+16 7.49146775e-08
4.65443813e+16 7.48882006e-08
4.65470354e+16 7.48617237e-08
4.65496894e+16 7.48352468e-08
4.65523435e+16 7.48087699e-08
4.65549976e+16 7.47822931e-08
4.65576517e+16 7.47558162e-08
4.65603058e+16 7.47293393e-08
4.65629599e+16 7.47028624e-08
4.65656140e+16 7.46763855e-08
4.65682680e+16 7.46499086e-08
4.65709221e+16 7.46234317e-08
4.65735762e+16 7.45969548e-08
4.65762303e+16 7.45704779e-08
4.65788844e+16 7.45440011e-08
4.65815385e+16 7.45175242e-08
4.65841925e+16 7.44910473e-08
4.65868466e+16 7.44645704e-08
4.65895007e+16 7.44380935e-08
4.65921548e+16 7.44116166e-08
4.65948089e+16 7.43851397e-08
4.65974630e+16 7.43586628e-08
4.66001171e+16 7.43321859e-08
4.66027711e+16 7.43057091e-08
4.66054252e+16 7.42792322e-08
4.66080793e+16 7.42527553e-08
4.66107334e+16 7.42262784e-08
4.66133875e+16 7.41998015e-08
4.66160416e+16 7.41733246e-08
4.66186957e+16 7.41468477e-08
4.66213497e+16 7.41203708e-08
4.66240038e+16 7.40938939e-08
4.66266579e+16 7.40674171e-08
4.66293120e+16 7.40409402e-08
4.66319661e+16 7.40144633e-08
4.66346202e+16 7.39879864e-08
4.66372742e+16 7.39615095e-08
4.66399283e+16 7.39350326e-08
4.66425824e+16 7.39085557e-08
4.66452365e+16 7.38820788e-08
4.66478906e+16 7.38556019e-08
4.66505447e+16 7.38291251e-08
4.66531988e+16 7.38026482e-08
4.66558528e+16 7.37761713e-08
4.66585069e+16 7.37496944e-08
4.66611610e+16 7.37232175e-08
4.66638151e+16 7.36967406e-08
4.66664692e+16 7.36702637e-08
4.66691233e+16 7.36437868e-08
4.66717774e+16 7.36173099e-08
4.66744314e+16 7.35908331e-08
4.66770855e+16 7.35643562e-08
4.66797396e+16 7.35378793e-08
4.66823937e+16 7.35114024e-08
4.66850478e+16 7.34849255e-08
4.66877019e+16 7.34584486e-08
4.66903559e+16 7.34319717e-08
4.66930100e+16 7.34054948e-08
4.66956641e+16 7.33790179e-08
4.66983182e+16 7.33525411e-08
4.67009723e+16 7.33260642e-08
4.67036264e+16 7.32995873e-08
4.67062805e+16 7.32731104e-08
4.67089345e+16 7.32466335e-08
4.67115886e+16 7.32201566e-08
4.67142427e+16 7.31936797e-08
4.67168968e+16 7.31672028e-08
4.67195509e+16 7.31407259e-08
4.67222050e+16 7.31142491e-08
4.67248591e+16 7.30877722e-08
4.67275131e+16 7.30612953e-08
4.67301672e+16 7.30348184e-08
4.67328213e+16 7.30083415e-08
4.67354754e+16 7.29818646e-08
4.67381295e+16 7.29553877e-08
4.67407836e+16 7.29289108e-08
4.67434376e+16 7.29024339e-08
4.67460917e+16 7.28759571e-08
4.67487458e+16 7.28494802e-08
4.67513999e+16 7.28230033e-08
4.67540540e+16 7.27965264e-08
4.67567081e+16 7.27700495e-08
4.67593622e+16 7.27435726e-08
4.67620162e+16 7.27170957e-08
4.67646703e+16 7.26906188e-08
4.67673244e+16 7.26641419e-08
4.67699785e+16 7.26376651e-08
4.67726326e+16 7.26111882e-08
4.67752867e+16 7.25847113e-08
4.67779408e+16 7.25582344e-08
4.67805948e+16 7.25317575e-08
4.67832489e+16 7.25052806e-08
4.67859030e+16 7.24788037e-08
4.67885571e+16 7.24523268e-08
4.67912112e+16 7.24258499e-08
4.67938653e+16 7.23993731e-08
4.67965194e+16 7.23728962e-08
4.67991734e+16 7.23464193e-08
4.68018275e+16 7.23199424e-08
4.68044816e+16 7.22934655e-08
4.68071357e+16 7.22669886e-08
4.68097898e+16 7.22405117e-08
4.68124439e+16 7.22140348e-08
4.68150979e+16 7.21875579e-08
4.68177520e+16 7.21610811e-08
4.68204061e+16 7.21346042e-08
4.68230602e+16 7.21081273e-08
4.68257143e+16 7.20816504e-08
4.68283684e+16 7.20551735e-08
4.68310225e+16 7.20286966e-08
4.68336765e+16 7.20022197e-08
4.68363306e+16 7.19757428e-08
4.68389847e+16 7.19492659e-08
4.68416388e+16 7.19227891e-08
4.68442929e+16 7.18963122e-08
4.68469470e+16 7.18698353e-08
4.68496011e+16 7.18433584e-08
4.68522551e+16 7.18168815e-08
4.68549092e+16 7.17904046e-08
4.68575633e+16 7.17639277e-08
4.68602174e+16 7.17374508e-08
4.68628715e+16 7.17109739e-08
4.68655256e+16 7.16844971e-08
4.68681796e+16 7.16580202e-08
4.68708337e+16 7.16315433e-08
4.68734878e+16 7.16050664e-08
4.68761419e+16 7.15785895e-08
4.68787960e+16 7.15521126e-08
4.68814501e+16 7.15256357e-08
4.68841042e+16 7.14991588e-08
4.68867582e+16 7.14726819e-08
4.68894123e+16 7.14462051e-08
4.68920664e+16 7.14197282e-08
4.68947205e+16 7.13932513e-08
4.68973746e+16 7.13667744e-08
4.69000287e+16 7.13402975e-08
4.69026828e+16 7.13138206e-08
4.69053368e+16 7.12873437e-08
4.69079909e+16 7.12608668e-08
4.69106450e+16 7.12343899e-08
4.69132991e+16 7.12079131e-08
4.69159532e+16 7.11814362e-08
4.69186073e+16 7.11549593e-08
4.69212613e+16 7.11284824e-08
4.69239154e+16 7.11020055e-08
4.69265695e+16 7.10755286e-08
4.69292236e+16 7.10490517e-08
4.69318777e+16 7.10225748e-08
4.69345318e+16 7.09960979e-08
4.69371859e+16 7.09696211e-08
4.69398399e+16 7.09431442e-08
4.69424940e+16 7.09166673e-08
4.69451481e+16 7.08901904e-08
4.69478022e+16 7.08637135e-08
4.69504563e+16 7.08372366e-08
4.69531104e+16 7.08107597e-08
4.69557645e+16 7.07842828e-08
4.69584185e+16 7.07578059e-08
4.69610726e+16 7.07313291e-08
4.69637267e+16 7.07048522e-08
4.69663808e+16 7.06783753e-08
4.69690349e+16 7.06518984e-08
4.69716890e+16 7.06254215e-08
4.69743430e+16 7.05989446e-08
4.69769971e+16 7.05724677e-08
4.69796512e+16 7.05459908e-08
4.69823053e+16 7.05195139e-08
4.69849594e+16 7.04930371e-08
4.69876135e+16 7.04665602e-08
4.69902676e+16 7.04400833e-08
4.69929216e+16 7.04136064e-08
4.69955757e+16 7.03871295e-08
4.69982298e+16 7.03606526e-08
4.70008839e+16 7.03341757e-08
4.70035380e+16 7.03076988e-08
4.70061921e+16 7.02812219e-08
4.70088462e+16 7.02547451e-08
4.70115002e+16 7.02282682e-08
4.70141543e+16 7.02017913e-08
4.70168084e+16 7.01753144e-08
4.70194625e+16 7.01488375e-08
4.70221166e+16 7.01223606e-08
4.70247707e+16 7.00958837e-08
4.70274247e+16 7.00694068e-08
4.70300788e+16 7.00429299e-08
4.70327329e+16 7.00164531e-08
4.70353870e+16 6.99899762e-08
4.70380411e+16 6.99634993e-08
4.70406952e+16 6.99370224e-08
4.70433493e+16 6.99105455e-08
4.70460033e+16 6.98840686e-08
4.70486574e+16 6.98575917e-08
4.70513115e+16 6.98311148e-08
4.70539656e+16 6.98046379e-08
4.70566197e+16 6.97781611e-08
4.70592738e+16 6.97516842e-08
4.70619279e+16 6.97252073e-08
4.70645819e+16 6.96987304e-08
4.70672360e+16 6.96722535e-08
4.70698901e+16 6.96457766e-08
4.70725442e+16 6.96192997e-08
4.70751983e+16 6.95928228e-08
4.70778524e+16 6.95663459e-08
4.70805065e+16 6.95398691e-08
4.70831605e+16 6.95133922e-08
4.70858146e+16 6.94869153e-08
4.70884687e+16 6.94604384e-08
4.70911228e+16 6.94339615e-08
4.70937769e+16 6.94074846e-08
4.70964310e+16 6.93810077e-08
4.70990850e+16 6.93545308e-08
4.71017391e+16 6.93280539e-08
4.71043932e+16 6.93015771e-08
4.71070473e+16 6.92751002e-08
4.71097014e+16 6.92486233e-08
4.71123555e+16 6.92221464e-08
4.71150096e+16 6.91956695e-08
4.71176636e+16 6.91691926e-08
4.71203177e+16 6.91427157e-08
4.71229718e+16 6.91162388e-08
4.71256259e+16 6.90897619e-08
4.71282800e+16 6.90632851e-08
4.71309341e+16 6.90368082e-08
4.71335882e+16 6.90103313e-08
4.71362422e+16 6.89838544e-08
4.71388963e+16 6.89573775e-08
4.71415504e+16 6.89309006e-08
4.71442045e+16 6.89044237e-08
4.71468586e+16 6.88779468e-08
4.71495127e+16 6.88514699e-08
4.71521667e+16 6.88249931e-08
4.71548208e+16 6.87985162e-08
4.71574749e+16 6.87720393e-08
4.71601290e+16 6.87455624e-08
4.71627831e+16 6.87190855e-08
4.71654372e+16 6.86926086e-08
4.71680913e+16 6.86661317e-08
4.71707453e+16 6.86396548e-08
4.71733994e+16 6.86131779e-08
4.71760535e+16 6.85867011e-08
4.71787076e+16 6.85602242e-08
4.71813617e+16 6.85337473e-08
4.71840158e+16 6.85072704e-08
4.71866699e+16 6.84807935e-08
4.71893239e+16 6.84543166e-08
4.71919780e+16 6.84278397e-08
4.71946321e+16 6.84013628e-08
4.71972862e+16 6.83748859e-08
4.71999403e+16 6.83484091e-08
4.72025944e+16 6.83219322e-08
4.72052484e+16 6.82954553e-08
4.72079025e+16 6.82689784e-08
4.72105566e+16 6.82425015e-08
4.72132107e+16 6.82160246e-08
4.72158648e+16 6.81895477e-08
4.72185189e+16 6.81630708e-08
4.72211730e+16 6.81365939e-08
4.72238270e+16 6.81101171e-08
4.72264811e+16 6.80836402e-08
4.72291352e+16 6.80571633e-08
4.72317893e+16 6.80306864e-08
4.72344434e+16 6.80042095e-08
4.72370975e+16 6.79777326e-08
4.72397516e+16 6.79512557e-08
4.72424056e+16 6.79247788e-08
4.72450597e+16 6.78983019e-08
4.72477138e+16 6.78718251e-08
4.72503679e+16 6.78453482e-08
4.72530220e+16 6.78188713e-08
4.72556761e+16 6.77923944e-08
4.72583301e+16 6.77659175e-08
4.72609842e+16 6.77394406e-08
4.72636383e+16 6.77129637e-08
4.72662924e+16 6.76864868e-08
4.72689465e+16 6.76600099e-08
4.72716006e+16 6.76335331e-08
4.72742547e+16 6.76070562e-08
4.72769087e+16 6.75805793e-08
4.72795628e+16 6.75541024e-08
4.72822169e+16 6.75276255e-08
4.72848710e+16 6.75011486e-08
4.72875251e+16 6.74746717e-08
4.72901792e+16 6.74481948e-08
4.72928333e+16 6.74217179e-08
4.72954873e+16 6.73952411e-08
4.72981414e+16 6.73687642e-08
4.73007955e+16 6.73422873e-08
4.73034496e+16 6.73158104e-08
4.73061037e+16 6.72893335e-08
4.73087578e+16 6.72628566e-08
4.73114118e+16 6.72363797e-08
4.73140659e+16 6.72099028e-08
4.73167200e+16 6.71834259e-08
4.73193741e+16 6.71569491e-08
4.73220282e+16 6.71304722e-08
4.73246823e+16 6.71039953e-08
4.73273364e+16 6.70775184e-08
4.73299904e+16 6.70510415e-08
4.73326445e+16 6.70245646e-08
4.73352986e+16 6.69980877e-08
4.73379527e+16 6.69716108e-08
4.73406068e+16 6.69451339e-08
4.73432609e+16 6.69186571e-08
4.73459150e+16 6.68921802e-08
4.73485690e+16 6.68657033e-08
4.73512231e+16 6.68392264e-08
4.73538772e+16 6.68127495e-08
4.73565313e+16 6.67862726e-08
4.73591854e+16 6.67597957e-08
4.73618395e+16 6.67333188e-08
4.73644935e+16 6.67068419e-08
4.73671476e+16 6.66803651e-08
4.73698017e+16 6.66538882e-08
4.73724558e+16 6.66274113e-08
4.73751099e+16 6.66009344e-08
4.73777640e+16 6.65744575e-08
4.73804181e+16 6.65479806e-08
4.73830721e+16 6.65215037e-08
4.73857262e+16 6.64950268e-08
4.73883803e+16 6.64685499e-08
4.73910344e+16 6.64420731e-08
4.73936885e+16 6.64155962e-08
4.73963426e+16 6.63891193e-08
4.73989967e+16 6.63626424e-08
4.74016507e+16 6.63361655e-08
4.74043048e+16 6.63096886e-08
4.74069589e+16 6.62832117e-08
4.74096130e+16 6.62567348e-08
4.74122671e+16 6.62302579e-08
4.74149212e+16 6.62037811e-08
4.74175753e+16 6.61773042e-08
4.74202293e+16 6.61508273e-08
4.74228834e+16 6.61243504e-08
4.74255375e+16 6.60978735e-08
4.74281916e+16 6.60713966e-08
4.74308457e+16 6.60449197e-08
4.74334998e+16 6.60184428e-08
4.74361538e+16 6.59919659e-08
4.74388079e+16 6.59654891e-08
4.74414620e+16 6.59390122e-08
4.74441161e+16 6.59125353e-08
4.74467702e+16 6.58860584e-08
4.74494243e+16 6.58595815e-08
4.74520784e+16 6.58331046e-08
4.74547324e+16 6.58066277e-08
4.74573865e+16 6.57801508e-08
4.74600406e+16 6.57536739e-08
4.74626947e+16 6.57271971e-08
4.74653488e+16 6.57007202e-08
4.74680029e+16 6.56742433e-08
4.74706570e+16 6.56477664e-08
4.74733110e+16 6.56212895e-08
4.74759651e+16 6.55948126e-08
4.74786192e+16 6.55683357e-08
4.74812733e+16 6.55418588e-08
4.74839274e+16 6.55153819e-08
4.74865815e+16 6.54889051e-08
4.74892355e+16 6.54658895e-08
4.74918896e+16 6.54469633e-08
4.74945437e+16 6.54280371e-08
4.74971978e+16 6.54091110e-08
4.74998519e+16 6.53901848e-08
4.75025060e+16 6.53712587e-08
4.75051601e+16 6.53523325e-08
4.75078141e+16 6.53334064e-08
4.75104682e+16 6.53144802e-08
4.75131223e+16 6.52955540e-08
4.75157764e+16 6.52766279e-08
4.75184305e+16 6.52577017e-08
4.75210846e+16 6.52387756e-08
4.75237387e+16 6.52198494e-08
4.75263927e+16 6.52009232e-08
4.75290468e+16 6.51819971e-08
4.75317009e+16 6.51630709e-08
4.75343550e+16 6.51441448e-08
4.75370091e+16 6.51252186e-08
4.75396632e+16 6.51062925e-08
4.75423172e+16 6.50873663e-08
4.75449713e+16 6.50684401e-08
4.75476254e+16 6.50495140e-08
4.75502795e+16 6.50305878e-08
4.75529336e+16 6.50116617e-08
4.75555877e+16 6.49927355e-08
4.75582418e+16 6.49738093e-08
4.75608958e+16 6.49548832e-08
4.75635499e+16 6.49359570e-08
4.75662040e+16 6.49170309e-08
4.75688581e+16 6.48981047e-08
4.75715122e+16 6.48791786e-08
4.75741663e+16 6.48602524e-08
4.75768204e+16 6.48413262e-08
4.75794744e+16 6.48224001e-08
4.75821285e+16 6.48034739e-08
4.75847826e+16 6.47845478e-08
4.75874367e+16 6.47656216e-08
4.75900908e+16 6.47466954e-08
4.75927449e+16 6.47277693e-08
4.75953989e+16 6.47088431e-08
4.75980530e+16 6.46899170e-08
4.76007071e+16 6.46709908e-08
4.76033612e+16 6.46520647e-08
4.76060153e+16 6.46331385e-08
4.76086694e+16 6.46142123e-08
4.76113235e+16 6.45952862e-08
4.76139775e+16 6.45763600e-08
4.76166316e+16 6.45574339e-08
4.76192857e+16 6.45385077e-08
4.76219398e+16 6.45195815e-08
4.76245939e+16 6.45006554e-08
4.76272480e+16 6.44817292e-08
4.76299021e+16 6.44628031e-08
4.76325561e+16 6.44438769e-08
4.76352102e+16 6.44249507e-08
4.76378643e+16 6.44060246e-08
4.76405184e+16 6.43870984e-08
4.76431725e+16 6.43681723e-08
4.76458266e+16 6.43492461e-08
4.76484806e+16 6.43303200e-08
4.76511347e+16 6.43113938e-08
4.76537888e+16 6.42924676e-08
4.76564429e+16 6.42735415e-08
4.76590970e+16 6.42546153e-08
4.76617511e+16 6.42356892e-08
4.76644052e+16 6.42167630e-08
4.76670592e+16 6.41978368e-08
4.76697133e+16 6.41789107e-08
4.76723674e+16 6.41599845e-08
4.76750215e+16 6.41410584e-08
4.76776756e+16 6.41221322e-08
4.76803297e+16 6.41032061e-08
4.76829838e+16 6.40842799e-08
4.76856378e+16 6.40653537e-08
4.76882919e+16 6.40464276e-08
4.76909460e+16 6.40275014e-08
4.76936001e+16 6.40085753e-08
4.76962542e+16 6.39896491e-08
4.76989083e+16 6.39707229e-08
4.77015624e+16 6.39517968e-08
4.77042164e+16 6.39328706e-08
4.77068705e+16 6.39139445e-08
4.77095246e+16 6.38950183e-08
4.77121787e+16 6.38760922e-08
4.77148328e+16 6.38571660e-08
4.77174869e+16 6.38382398e-08
4.77201409e+16 6.38193137e-08
4.77227950e+16 6.38003875e-08
4.77254491e+16 6.37814614e-08
4.77281032e+16 6.37625352e-08
4.77307573e+16 6.37436090e-08
4.77334114e+16 6.37246829e-08
4.77360655e+16 6.37057567e-08
4.77387195e+16 6.36868306e-08
4.77413736e+16 6.36679044e-08
4.77440277e+16 6.36489783e-08
4.77466818e+16 6.36300521e-08
4.77493359e+16 6.36111259e-08
4.77519900e+16 6.35921998e-08
4.77546441e+16 6.35732736e-08
4.77572981e+16 6.35543475e-08
4.77599522e+16 6.35354213e-08
4.77626063e+16 6.35164951e-08
4.77652604e+16 6.34975690e-08
4.77679145e+16 6.34786428e-08
4.77705686e+16 6.34597167e-08
4.77732226e+16 6.34407905e-08
4.77758767e+16 6.34218644e-08
4.77785308e+16 6.34029382e-08
4.77811849e+16 6.33840120e-08
4.77838390e+16 6.33650859e-08
4.77864931e+16 6.33461597e-08
4.77891472e+16 6.33272336e-08
4.77918012e+16 6.33083074e-08
4.77944553e+16 6.32893812e-08
4.77971094e+16 6.32704551e-08
4.77997635e+16 6.32515289e-08
4.78024176e+16 6.32326028e-08
4.78050717e+16 6.32136766e-08
4.78077258e+16 6.31947504e-08
4.78103798e+16 6.31758243e-08
4.78130339e+16 6.31568981e-08
4.78156880e+16 6.31379720e-08
4.78183421e+16 6.31190458e-08
4.78209962e+16 6.31001197e-08
4.78236503e+16 6.30811935e-08
4.78263043e+16 6.30622673e-08
4.78289584e+16 6.30433412e-08
4.78316125e+16 6.30244150e-08
4.78342666e+16 6.30054889e-08
4.78369207e+16 6.29865627e-08
4.78395748e+16 6.29676365e-08
4.78422289e+16 6.29487104e-08
4.78448829e+16 6.29297842e-08
4.78475370e+16 6.29108581e-08
4.78501911e+16 6.28919319e-08
4.78528452e+16 6.28730058e-08
4.78554993e+16 6.28540796e-08
4.78581534e+16 6.28351534e-08
4.78608075e+16 6.28162273e-08
4.78634615e+16 6.27973011e-08
4.78661156e+16 6.27783750e-08
4.78687697e+16 6.27594488e-08
4.78714238e+16 6.27405226e-08
4.78740779e+16 6.27215965e-08
4.78767320e+16 6.27026703e-08
4.78793860e+16 6.26837442e-08
4.78820401e+16 6.26648180e-08
4.78846942e+16 6.26458919e-08
4.78873483e+16 6.26269657e-08
4.78900024e+16 6.26080395e-08
4.78926565e+16 6.25891134e-08
4.78953106e+16 6.25701872e-08
4.78979646e+16 6.25512611e-08
4.79006187e+16 6.25323349e-08
4.79032728e+16 6.25134087e-08
4.79059269e+16 6.24944826e-08
4.79085810e+16 6.24755564e-08
4.79112351e+16 6.24566303e-08
4.79138892e+16 6.24377041e-08
4.79165432e+16 6.24187780e-08
4.79191973e+16 6.23998518e-08
4.79218514e+16 6.23809256e-08
4.79245055e+16 6.23619995e-08
4.79271596e+16 6.23430733e-08
4.79298137e+16 6.23241472e-08
4.79324677e+16 6.23052210e-08
4.79351218e+16 6.22862948e-08
4.79377759e+16 6.22673687e-08
4.79404300e+16 6.22484425e-08
4.79430841e+16 6.22295164e-08
4.79457382e+16 6.22105902e-08
4.79483923e+16 6.21916641e-08
4.79510463e+16 6.21727379e-08
4.79537004e+16 6.21538117e-08
4.79563545e+16 6.21348856e-08
4.79590086e+16 6.21159594e-08
4.79616627e+16 6.20970333e-08
4.79643168e+16 6.20781071e-08
4.79669709e+16 6.20591809e-08
4.79696249e+16 6.20402548e-08
4.79722790e+16 6.20213286e-08
4.79749331e+16 6.20024025e-08
4.79775872e+16 6.19834763e-08
4.79802413e+16 6.19645501e-08
4.79828954e+16 6.19456240e-08
4.79855495e+16 6.19266978e-08
4.79882035e+16 6.19077717e-08
4.79908576e+16 6.18888455e-08
4.79935117e+16 6.18699194e-08
4.79961658e+16 6.18509932e-08
4.79988199e+16 6.18320670e-08
4.80014740e+16 6.18131409e-08
4.80041280e+16 6.17942147e-08
4.80067821e+16 6.17752886e-08
4.80094362e+16 6.17563624e-08
4.80120903e+16 6.17374362e-08
4.80147444e+16 6.17185101e-08
4.80173985e+16 6.16995839e-08
4.80200526e+16 6.16806578e-08
4.80227066e+16 6.16617316e-08
4.80253607e+16 6.16428055e-08
4.80280148e+16 6.16238793e-08
4.80306689e+16 6.16049531e-08
4.80333230e+16 6.15860270e-08
4.80359771e+16 6.15671008e-08
4.80386312e+16 6.15481747e-08
4.80412852e+16 6.15292485e-08
4.80439393e+16 6.15103223e-08
4.80465934e+16 6.14913962e-08
4.80492475e+16 6.14724700e-08
4.80519016e+16 6.14535439e-08
4.80545557e+16 6.14346177e-08
4.80572097e+16 6.14156916e-08
4.80598638e+16 6.13967654e-08
4.80625179e+16 6.13778392e-08
4.80651720e+16 6.13589131e-08
4.80678261e+16 6.13399869e-08
4.80704802e+16 6.13210608e-08
4.80731343e+16 6.13021346e-08
4.80757883e+16 6.12832084e-08
4.80784424e+16 6.12642823e-08
4.80810965e+16 6.12453561e-08
4.80837506e+16 6.12264300e-08
4.80864047e+16 6.12075038e-08
4.80890588e+16 6.11885777e-08
4.80917129e+16 6.11696515e-08
4.80943669e+16 6.11507253e-08
4.80970210e+16 6.11317992e-08
4.80996751e+16 6.11128730e-08
4.81023292e+16 6.10939469e-08
4.81049833e+16 6.10750207e-08
4.81076374e+16 6.10560945e-08
4.81102914e+16 6.10371684e-08
4.81129455e+16 6.10182422e-08
4.81155996e+16 6.09993161e-08
4.81182537e+16 6.09803899e-08
4.81209078e+16 6.09614637e-08
4.81235619e+16 6.09425376e-08
4.81262160e+16 6.09236114e-08
4.81288700e+16 6.09046853e-08
4.81315241e+16 6.08857591e-08
4.81341782e+16 6.08668330e-08
4.81368323e+16 6.08479068e-08
4.81394864e+16 6.08289806e-08
4.81421405e+16 6.08100545e-08
4.81447946e+16 6.07911283e-08
4.81474486e+16 6.07722022e-08
4.81501027e+16 6.07532760e-08
4.81527568e+16 6.07343498e-08
4.81554109e+16 6.07154237e-08
4.81580650e+16 6.06964975e-08
4.81607191e+16 6.06775714e-08
4.81633731e+16 6.06586452e-08
4.81660272e+16 6.06397191e-08
4.81686813e+16 6.06207929e-08
4.81713354e+16 6.06018667e-08
4.81739895e+16 6.05829406e-08
4.81766436e+16 6.05640144e-08
4.81792977e+16 6.05450883e-08
4.81819517e+16 6.05261621e-08
4.81846058e+16 6.05072359e-08
4.81872599e+16 6.04883098e-08
4.81899140e+16 6.04693836e-08
4.81925681e+16 6.04504575e-08
4.81952222e+16 6.04315313e-08
4.81978763e+16 6.04126052e-08
4.82005303e+16 6.03936790e-08
4.82031844e+16 6.03747528e-08
4.82058385e+16 6.03558267e-08
4.82084926e+16 6.03369005e-08
4.82111467e+16 6.03179744e-08
4.82138008e+16 6.02990482e-08
4.82164548e+16 6.02801220e-08
4.82191089e+16 6.02611959e-08
4.82217630e+16 6.02422697e-08
4.82244171e+16 6.02233436e-08
4.82270712e+16 6.02044174e-08
4.82297253e+16 6.01854913e-08
4.82323794e+16 6.01665651e-08
4.82350334e+16 6.01476389e-08
4.82376875e+16 6.01287128e-08
4.82403416e+16 6.01097866e-08
4.82429957e+16 6.00908605e-08
4.82456498e+16 6.00719343e-08
4.82483039e+16 6.00530081e-08
4.82509580e+16 6.00340820e-08
4.82536120e+16 6.00151558e-08
4.82562661e+16 5.99962297e-08
4.82589202e+16 5.99773035e-08
4.82615743e+16 5.99583774e-08
4.82642284e+16 5.99394512e-08
4.82668825e+16 5.99205250e-08
4.82695366e+16 5.99015989e-08
4.82721906e+16 5.98826727e-08
4.82748447e+16 5.98637466e-08
4.82774988e+16 5.98448204e-08
4.82801529e+16 5.98258942e-08
4.82828070e+16 5.98069681e-08
4.82854611e+16 5.97880419e-08
4.82881151e+16 5.97691158e-08
4.82907692e+16 5.97501896e-08
4.82934233e+16 5.97312634e-08
4.82960774e+16 5.97123373e-08
4.82987315e+16 5.96934111e-08
4.83013856e+16 5.96744850e-08
4.83040397e+16 5.96555588e-08
4.83066937e+16 5.96366327e-08
4.83093478e+16 5.96177065e-08
4.83120019e+16 5.95987803e-08
4.83146560e+16 5.95798542e-08
4.83173101e+16 5.95609280e-08
4.83199642e+16 5.95420019e-08
4.83226183e+16 5.95230757e-08
4.83252723e+16 5.95041495e-08
4.83279264e+16 5.94852234e-08
4.83305805e+16 5.94662972e-08
4.83332346e+16 5.94473711e-08
4.83358887e+16 5.94284449e-08
4.83385428e+16 5.94095188e-08
4.83411968e+16 5.93905926e-08
4.83438509e+16 5.93716664e-08
4.83465050e+16 5.93527403e-08
4.83491591e+16 5.93338141e-08
4.83518132e+16 5.93148880e-08
4.83544673e+16 5.92959618e-08
4.83571214e+16 5.92770356e-08
4.83597754e+16 5.92581095e-08
4.83624295e+16 5.92391833e-08
4.83650836e+16 5.92202572e-08
4.83677377e+16 5.92013310e-08
4.83703918e+16 5.91824049e-08
4.83730459e+16 5.91634787e-08
4.83757000e+16 5.91445525e-08
4.83783540e+16 5.91256264e-08
4.83810081e+16 5.91067002e-08
4.83836622e+16 5.90877741e-08
4.83863163e+16 5.90688479e-08
4.83889704e+16 5.90499217e-08
4.83916245e+16 5.90309956e-08
4.83942785e+16 5.90120694e-08
4.83969326e+16 5.89931433e-08
4.83995867e+16 5.89742171e-08
4.84022408e+16 5.89552910e-08
4.84048949e+16 5.89363648e-08
4.84075490e+16 5.89174386e-08
4.84102031e+16 5.88985125e-08
4.84128571e+16 5.88795863e-08
4.84155112e+16 5.88606602e-08
4.84181653e+16 5.88417340e-08
4.84208194e+16 5.88228078e-08
4.84234735e+16 5.88038817e-08
4.84261276e+16 5.87849555e-08
4.84287817e+16 5.87660294e-08
4.84314357e+16 5.87471032e-08
4.84340898e+16 5.87281770e-08
4.84367439e+16 5.87092509e-08
4.84393980e+16 5.86903247e-08
4.84420521e+16 5.86713986e-08
4.84447062e+16 5.86524724e-08
4.84473602e+16 5.86335463e-08
4.84500143e+16 5.86146201e-08
4.84526684e+16 5.85956939e-08
4.84553225e+16 5.85767678e-08
4.84579766e+16 5.85578416e-08
4.84606307e+16 5.85389155e-08
4.84632848e+16 5.85199893e-08
4.84659388e+16 5.85010631e-08
4.84685929e+16 5.84821370e-08
4.84712470e+16 5.84632108e-08
4.84739011e+16 5.84442847e-08
4.84765552e+16 5.84253585e-08
4.84792093e+16 5.84064324e-08
4.84818634e+16 5.83875062e-08
4.84845174e+16 5.83685800e-08
4.84871715e+16 5.83496539e-08
4.84898256e+16 5.83307277e-08
4.84924797e+16 5.83118016e-08
4.84951338e+16 5.82928754e-08
4.84977879e+16 5.82739492e-08
4.85004419e+16 5.82550231e-08
4.85030960e+16 5.82360969e-08
4.85057501e+16 5.82171708e-08
4.85084042e+16 5.81982446e-08
4.85110583e+16 5.81793185e-08
4.85137124e+16 5.81603923e-08
4.85163665e+16 5.81414661e-08
4.85190205e+16 5.81225400e-08
4.85216746e+16 5.81036138e-08
4.85243287e+16 5.80846877e-08
4.85269828e+16 5.80657615e-08
4.85296369e+16 5.80468353e-08
4.85322910e+16 5.80279092e-08
4.85349451e+16 5.80089830e-08
4.85375991e+16 5.79900569e-08
4.85402532e+16 5.79711307e-08
4.85429073e+16 5.79522046e-08
4.85455614e+16 5.79332784e-08
4.85482155e+16 5.79143522e-08
4.85508696e+16 5.78954261e-08
4.85535237e+16 5.78764999e-08
4.85561777e+16 5.78575738e-08
4.85588318e+16 5.78386476e-08
4.85614859e+16 5.78197214e-08
4.85641400e+16 5.78007953e-08
4.85667941e+16 5.77818691e-08
4.85694482e+16 5.77629430e-08
4.85721022e+16 5.77440168e-08
4.85747563e+16 5.77250907e-08
4.85774104e+16 5.77061645e-08
4.85800645e+16 5.76872383e-08
4.85827186e+16 5.76683122e-08
4.85853727e+16 5.76493860e-08
4.85880268e+16 5.76304599e-08
4.85906808e+16 5.76115337e-08
4.85933349e+16 5.75926075e-08
4.85959890e+16 5.75736814e-08
4.85986431e+16 5.75547552e-08
4.86012972e+16 5.75358291e-08
4.86039513e+16 5.75169029e-08
4.86066054e+16 5.74979767e-08
4.86092594e+16 5.74790506e-08
4.86119135e+16 5.74601244e-08
4.86145676e+16 5.74411983e-08
4.86172217e+16 5.74222721e-08
4.86198758e+16 5.74033460e-08
4.86225299e+16 5.73844198e-08
4.86251839e+16 5.73654936e-08
4.86278380e+16 5.73465675e-08
4.86304921e+16 5.73276413e-08
4.86331462e+16 5.73087152e-08
4.86358003e+16 5.72897890e-08
4.86384544e+16 5.72708628e-08
4.86411085e+16 5.72519367e-08
4.86437625e+16 5.72330105e-08
4.86464166e+16 5.72140844e-08
4.86490707e+16 5.71951582e-08
4.86517248e+16 5.71762321e-08
4.86543789e+16 5.71573059e-08
4.86570330e+16 5.71383797e-08
4.86596871e+16 5.71194536e-08
4.86623411e+16 5.71005274e-08
4.86649952e+16 5.70816013e-08
4.86676493e+16 5.70626751e-08
4.86703034e+16 5.70437489e-08
4.86729575e+16 5.70248228e-08
4.86756116e+16 5.70058966e-08
4.86782656e+16 5.69869705e-08
4.86809197e+16 5.69680443e-08
4.86835738e+16 5.69491182e-08
4.86862279e+16 5.69301920e-08
4.86888820e+16 5.69112658e-08
4.86915361e+16 5.68923397e-08
4.86941902e+16 5.68734135e-08
4.86968442e+16 5.68544874e-08
4.86994983e+16 5.68355612e-08
4.87021524e+16 5.68166350e-08
4.87048065e+16 5.67977089e-08
4.87074606e+16 5.67787827e-08
4.87101147e+16 5.67598566e-08
4.87127688e+16 5.67409304e-08
4.87154228e+16 5.67220043e-08
4.87180769e+16 5.67030781e-08
4.87207310e+16 5.66841519e-08
4.87233851e+16 5.66652258e-08
4.87260392e+16 5.66462996e-08
4.87286933e+16 5.66273735e-08
4.87313473e+16 5.66084473e-08
4.87340014e+16 5.65895211e-08
4.87366555e+16 5.65705950e-08
4.87393096e+16 5.65516688e-08
4.87419637e+16 5.65327427e-08
4.87446178e+16 5.65138165e-08
4.87472719e+16 5.64948904e-08
4.87499259e+16 5.64759642e-08
4.87525800e+16 5.64570380e-08
4.87552341e+16 5.64381119e-08
4.87578882e+16 5.64191857e-08
4.87605423e+16 5.64002596e-08
4.87631964e+16 5.63813334e-08
4.87658505e+16 5.63624072e-08
4.87685045e+16 5.63434811e-08
4.87711586e+16 5.63245549e-08
4.87738127e+16 5.63056288e-08
4.87764668e+16 5.62867026e-08
4.87791209e+16 5.62677764e-08
4.87817750e+16 5.62488503e-08
4.87844290e+16 5.62299241e-08
4.87870831e+16 5.62109980e-08
4.87897372e+16 5.61920718e-08
4.87923913e+16 5.61731457e-08
4.87950454e+16 5.61542195e-08
4.87976995e+16 5.61352933e-08
4.88003536e+16 5.61163672e-08
4.88030076e+16 5.60974410e-08
4.88056617e+16 5.60785149e-08
4.88083158e+16 5.60595887e-08
4.88109699e+16 5.60406625e-08
4.88136240e+16 5.60217364e-08
4.88162781e+16 5.60028102e-08
4.88189322e+16 5.59838841e-08
4.88215862e+16 5.59649579e-08
4.88242403e+16 5.59460318e-08
4.88268944e+16 5.59271056e-08
4.88295485e+16 5.59081794e-08
4.88322026e+16 5.58892533e-08
4.88348567e+16 5.58703271e-08
4.88375108e+16 5.58514010e-08
4.88401648e+16 5.58324748e-08
4.88428189e+16 5.58135486e-08
4.88454730e+16 5.57946225e-08
4.88481271e+16 5.57756963e-08
4.88507812e+16 5.57567702e-08
4.88534353e+16 5.57378440e-08
4.88560893e+16 5.57189179e-08
4.88587434e+16 5.56999917e-08
4.88613975e+16 5.56810655e-08
4.88640516e+16 5.56621394e-08
4.88667057e+16 5.56432132e-08
4.88693598e+16 5.56242871e-08
4.88720139e+16 5.56053609e-08
4.88746679e+16 5.55864347e-08
4.88773220e+16 5.55675086e-08
4.88799761e+16 5.55485824e-08
4.88826302e+16 5.55296563e-08
4.88852843e+16 5.55107301e-08
4.88879384e+16 5.54918040e-08
4.88905925e+16 5.54728778e-08
4.88932465e+16 5.54539516e-08
4.88959006e+16 5.54350255e-08
4.88985547e+16 5.54160993e-08
4.89012088e+16 5.53971732e-08
4.89038629e+16 5.53782470e-08
4.89065170e+16 5.53593208e-08
4.89091710e+16 5.53403947e-08
4.89118251e+16 5.53214685e-08
4.89144792e+16 5.53025424e-08
4.89171333e+16 5.52836162e-08
4.89197874e+16 5.52646900e-08
4.89224415e+16 5.52457639e-08
4.89250956e+16 5.52268377e-08
4.89277496e+16 5.52079116e-08
4.89304037e+16 5.51889854e-08
4.89330578e+16 5.51700593e-08
4.89357119e+16 5.51511331e-08
4.89383660e+16 5.51322069e-08
4.89410201e+16 5.51132808e-08
4.89436742e+16 5.50943546e-08
4.89463282e+16 5.50754285e-08
4.89489823e+16 5.50565023e-08
4.89516364e+16 5.50375761e-08
4.89542905e+16 5.50186500e-08
4.89569446e+16 5.49997238e-08
4.89595987e+16 5.49807977e-08
4.89622527e+16 5.49618715e-08
4.89649068e+16 5.49429454e-08
4.89675609e+16 5.49240192e-08
4.89702150e+16 5.49050930e-08
4.89728691e+16 5.48861669e-08
4.89755232e+16 5.48672407e-08
4.89781773e+16 5.48483146e-08
4.89808313e+16 5.48293884e-08
4.89834854e+16 5.48104622e-08
4.89861395e+16 5.47915361e-08
4.89887936e+16 5.47726099e-08
4.89914477e+16 5.47536838e-08
4.89941018e+16 5.47347576e-08
4.89967559e+16 5.47158315e-08
4.89994099e+16 5.46969053e-08
4.90020640e+16 5.46779791e-08
4.90047181e+16 5.46590530e-08
4.90073722e+16 5.46401268e-08
4.90100263e+16 5.46212007e-08
4.90126804e+16 5.46022745e-08
4.90153344e+16 5.45833483e-08
4.90179885e+16 5.45644222e-08
4.90206426e+16 5.45454960e-08
4.90232967e+16 5.45265699e-08
4.90259508e+16 5.45076437e-08
4.90286049e+16 5.44887176e-08
4.90312590e+16 5.44697914e-08
4.90339130e+16 5.44508652e-08
4.90365671e+16 5.44319391e-08
4.90392212e+16 5.44130129e-08
4.90418753e+16 5.43940868e-08
4.90445294e+16 5.43751606e-08
4.90471835e+16 5.43562344e-08
4.90498376e+16 5.43373083e-08
4.90524916e+16 5.43183821e-08
4.90551457e+16 5.42994560e-08
4.90577998e+16 5.42805298e-08
4.90604539e+16 5.42616037e-08
4.90631080e+16 5.42426775e-08
4.90657621e+16 5.42237513e-08
4.90684161e+16 5.42048252e-08
4.90710702e+16 5.41858990e-08
4.90737243e+16 5.41669729e-08
4.90763784e+16 5.41480467e-08
4.90790325e+16 5.41291205e-08
4.90816866e+16 5.41101944e-08
4.90843407e+16 5.40912682e-08
4.90869947e+16 5.40723421e-08
4.90896488e+16 5.40534159e-08
4.90923029e+16 5.40344897e-08
4.90949570e+16 5.40155636e-08
4.90976111e+16 5.39966374e-08
4.91002652e+16 5.39777113e-08
4.91029193e+16 5.39587851e-08
4.91055733e+16 5.39398590e-08
4.91082274e+16 5.39209328e-08
4.91108815e+16 5.39020066e-08
4.91135356e+16 5.38830805e-08
4.91161897e+16 5.38641543e-08
4.91188438e+16 5.38452282e-08
4.91214978e+16 5.38263020e-08
4.91241519e+16 5.38073758e-08
4.91268060e+16 5.37884497e-08
4.91294601e+16 5.37695235e-08
4.91321142e+16 5.37505974e-08
4.91347683e+16 5.37316712e-08
4.91374224e+16 5.37127451e-08
4.91400764e+16 5.36938189e-08
4.91427305e+16 5.36748927e-08
4.91453846e+16 5.36559666e-08
4.91480387e+16 5.36370404e-08
4.91506928e+16 5.36181143e-08
4.91533469e+16 5.35991881e-08
4.91560010e+16 5.35802619e-08
4.91586550e+16 5.35613358e-08
4.91613091e+16 5.35424096e-08
4.91639632e+16 5.35234835e-08
4.91666173e+16 5.35045573e-08
4.91692714e+16 5.34856312e-08
4.91719255e+16 5.34667050e-08
4.91745796e+16 5.34477788e-08
4.91772336e+16 5.34288527e-08
4.91798877e+16 5.34099265e-08
4.91825418e+16 5.33910004e-08
4.91851959e+16 5.33720742e-08
4.91878500e+16 5.33531480e-08
4.91905041e+16 5.33342219e-08
4.91931581e+16 5.33152957e-08
4.91958122e+16 5.32963696e-08
4.91984663e+16 5.32774434e-08
4.92011204e+16 5.32585173e-08
4.92037745e+16 5.32395911e-08
4.92064286e+16 5.32206649e-08
4.92090827e+16 5.32017388e-08
4.92117367e+16 5.31828126e-08
4.92143908e+16 5.31638865e-08
4.92170449e+16 5.31449603e-08
4.92196990e+16 5.31260341e-08
4.92223531e+16 5.31071080e-08
4.92250072e+16 5.30881818e-08
4.92276613e+16 5.30692557e-08
4.92303153e+16 5.30503295e-08
4.92329694e+16 5.30314034e-08
4.92356235e+16 5.30124772e-08
4.92382776e+16 5.29935510e-08
4.92409317e+16 5.29746249e-08
4.92435858e+16 5.29556987e-08
4.92462398e+16 5.29367726e-08
4.92488939e+16 5.29178464e-08
4.92515480e+16 5.28989202e-08
4.92542021e+16 5.28799941e-08
4.92568562e+16 5.28610679e-08
4.92595103e+16 5.28421418e-08
4.92621644e+16 5.28232156e-08
4.92648184e+16 5.28042894e-08
4.92674725e+16 5.27853633e-08
4.92701266e+16 5.27664371e-08
4.92727807e+16 5.27475110e-08
4.92754348e+16 5.27285848e-08
4.92780889e+16 5.27096587e-08
4.92807430e+16 5.26907325e-08
4.92833970e+16 5.26718063e-08
4.92860511e+16 5.26528802e-08
4.92887052e+16 5.26339540e-08
4.92913593e+16 5.26150279e-08
4.92940134e+16 5.25961017e-08
4.92966675e+16 5.25771755e-08
4.92993215e+16 5.25582494e-08
4.93019756e+16 5.25393232e-08
4.93046297e+16 5.25203971e-08
4.93072838e+16 5.25014709e-08
4.93099379e+16 5.24825448e-08
4.93125920e+16 5.24636186e-08
4.93152461e+16 5.24446924e-08
4.93179001e+16 5.24257663e-08
4.93205542e+16 5.24068401e-08
4.93232083e+16 5.23879140e-08
4.93258624e+16 5.23689878e-08
4.93285165e+16 5.23500616e-08
4.93311706e+16 5.23311355e-08
4.93338247e+16 5.23122093e-08
4.93364787e+16 5.22932832e-08
4.93391328e+16 5.22743570e-08
4.93417869e+16 5.22554309e-08
4.93444410e+16 5.22365047e-08
4.93470951e+16 5.22175785e-08
4.93497492e+16 5.21986524e-08
4.93524032e+16 5.21797262e-08
4.93550573e+16 5.21608001e-08
4.93577114e+16 5.21418739e-08
4.93603655e+16 5.21229477e-08
4.93630196e+16 5.21040216e-08
4.93656737e+16 5.20850954e-08
4.93683278e+16 5.20661693e-08
4.93709818e+16 5.20472431e-08
4.93736359e+16 5.20283170e-08
4.93762900e+16 5.20093908e-08
4.93789441e+16 5.19904646e-08
4.93815982e+16 5.19715385e-08
4.93842523e+16 5.19526123e-08
4.93869064e+16 5.19336862e-08
4.93895604e+16 5.19147600e-08
4.93922145e+16 5.18958338e-08
4.93948686e+16 5.18769077e-08
4.93975227e+16 5.18579815e-08
4.94001768e+16 5.18390554e-08
4.94028309e+16 5.18201292e-08
4.94054849e+16 5.18012030e-08
4.94081390e+16 5.17822769e-08
4.94107931e+16 5.17633507e-08
4.94134472e+16 5.17444246e-08
4.94161013e+16 5.17254984e-08
4.94187554e+16 5.17065723e-08
4.94214095e+16 5.16876461e-08
4.94240635e+16 5.16687199e-08
4.94267176e+16 5.16497938e-08
4.94293717e+16 5.16308676e-08
4.94320258e+16 5.16119415e-08
4.94346799e+16 5.15930153e-08
4.94373340e+16 5.15740891e-08
4.94399881e+16 5.15551630e-08
4.94426421e+16 5.15362368e-08
4.94452962e+16 5.15173107e-08
4.94479503e+16 5.14983845e-08
4.94506044e+16 5.14794584e-08
4.94532585e+16 5.14605322e-08
4.94559126e+16 5.14416060e-08
4.94585667e+16 5.14226799e-08
4.94612207e+16 5.14037537e-08
4.94638748e+16 5.13848276e-08
4.94665289e+16 5.13659014e-08
4.94691830e+16 5.13469752e-08
4.94718371e+16 5.13280491e-08
4.94744912e+16 5.13091229e-08
4.94771452e+16 5.12901968e-08
4.94797993e+16 5.12712706e-08
4.94824534e+16 5.12523445e-08
4.94851075e+16 5.12334183e-08
4.94877616e+16 5.12144921e-08
4.94904157e+16 5.11955660e-08
4.94930698e+16 5.11766398e-08
4.94957238e+16 5.11577137e-08
4.94983779e+16 5.11387875e-08
4.95010320e+16 5.11198613e-08
4.95036861e+16 5.11009352e-08
4.95063402e+16 5.10820090e-08
4.95089943e+16 5.10630829e-08
4.95116484e+16 5.10441567e-08
4.95143024e+16 5.10252306e-08
4.95169565e+16 5.10063044e-08
4.95196106e+16 5.09873782e-08
4.95222647e+16 5.09684521e-08
4.95249188e+16 5.09495259e-08
4.95275729e+16 5.09305998e-08
4.95302269e+16 5.09116736e-08
4.95328810e+16 5.08927474e-08
4.95355351e+16 5.08738213e-08
4.95381892e+16 5.08548951e-08
4.95408433e+16 5.08359690e-08
4.95434974e+16 5.08170428e-08
4.95461515e+16 5.07981167e-08
4.95488055e+16 5.07791905e-08
4.95514596e+16 5.07602643e-08
4.95541137e+16 5.07413382e-08
4.95567678e+16 5.07224120e-08
4.95594219e+16 5.07034859e-08
4.95620760e+16 5.06845597e-08
4.95647301e+16 5.06656335e-08
4.95673841e+16 5.06467074e-08
4.95700382e+16 5.06277812e-08
4.95726923e+16 5.06088551e-08
4.95753464e+16 5.05899289e-08
4.95780005e+16 5.05710027e-08
4.95806546e+16 5.05520766e-08
4.95833086e+16 5.05331504e-08
4.95859627e+16 5.05142243e-08
4.95886168e+16 5.04952981e-08
4.95912709e+16 5.04763720e-08
4.95939250e+16 5.04574458e-08
4.95965791e+16 5.04385196e-08
4.95992332e+16 5.04195935e-08
4.96018872e+16 5.04006673e-08
4.96045413e+16 5.03817412e-08
4.96071954e+16 5.03628150e-08
4.96098495e+16 5.03438888e-08
4.96125036e+16 5.03249627e-08
4.96151577e+16 5.03060365e-08
4.96178118e+16 5.02871104e-08
4.96204658e+16 5.02681842e-08
4.96231199e+16 5.02492581e-08
4.96257740e+16 5.02303319e-08
4.96284281e+16 5.02114057e-08
4.96310822e+16 5.01924796e-08
4.96337363e+16 5.01735534e-08
4.96363903e+16 5.01546273e-08
4.96390444e+16 5.01357011e-08
4.96416985e+16 5.01167749e-08
4.96443526e+16 5.00978488e-08
4.96470067e+16 5.00789226e-08
4.96496608e+16 5.00599965e-08
4.96523149e+16 5.00410703e-08
4.96549689e+16 5.00221442e-08
4.96576230e+16 5.00032180e-08
4.96602771e+16 4.99842918e-08
4.96629312e+16 4.99653657e-08
4.96655853e+16 4.99464395e-08
4.96682394e+16 4.99275134e-08
4.96708935e+16 4.99085872e-08
4.96735475e+16 4.98896610e-08
4.96762016e+16 4.98707349e-08
4.96788557e+16 4.98518087e-08
4.96815098e+16 4.98328826e-08
4.96841639e+16 4.98139564e-08
4.96868180e+16 4.97950303e-08
4.96894720e+16 4.97761041e-08
4.96921261e+16 4.97571779e-08
4.96947802e+16 4.97382518e-08
4.96974343e+16 4.97193256e-08
4.97000884e+16 4.97003995e-08
4.97027425e+16 4.96814733e-08
4.97053966e+16 4.96625471e-08
4.97080506e+16 4.96436210e-08
4.97107047e+16 4.96246948e-08
4.97133588e+16 4.96057687e-08
4.97160129e+16 4.95868425e-08
4.97186670e+16 4.95679164e-08
4.97213211e+16 4.95489902e-08
4.97239752e+16 4.95300640e-08
4.97266292e+16 4.95111379e-08
4.97292833e+16 4.94922117e-08
4.97319374e+16 4.94732856e-08
4.97345915e+16 4.94543594e-08
4.97372456e+16 4.94354332e-08
4.97398997e+16 4.94165071e-08
4.97425538e+16 4.93975809e-08
4.97452078e+16 4.93786548e-08
4.97478619e+16 4.93597286e-08
4.97505160e+16 4.93408024e-08
4.97531701e+16 4.93218763e-08
4.97558242e+16 4.93029501e-08
4.97584783e+16 4.92840240e-08
4.97611323e+16 4.92650978e-08
4.97637864e+16 4.92461717e-08
4.97664405e+16 4.92272455e-08
4.97690946e+16 4.92083193e-08
4.97717487e+16 4.91893932e-08
4.97744028e+16 4.91704670e-08
4.97770569e+16 4.91515409e-08
4.97797109e+16 4.91326147e-08
4.97823650e+16 4.91136885e-08
4.97850191e+16 4.90947624e-08
4.97876732e+16 4.90758362e-08
4.97903273e+16 4.90569101e-08
4.97929814e+16 4.90379839e-08
4.97956355e+16 4.90190578e-08
4.97982895e+16 4.90001316e-08
4.98009436e+16 4.89812054e-08
4.98035977e+16 4.89622793e-08
4.98062518e+16 4.89433531e-08
4.98089059e+16 4.89244270e-08
4.98115600e+16 4.89055008e-08
4.98142140e+16 4.88865746e-08
4.98168681e+16 4.88676485e-08
4.98195222e+16 4.88487223e-08
4.98221763e+16 4.88297962e-08
4.98248304e+16 4.88108700e-08
4.98274845e+16 4.87919439e-08
4.98301386e+16 4.87730177e-08
4.98327926e+16 4.87540915e-08
4.98354467e+16 4.87351654e-08
4.98381008e+16 4.87162392e-08
4.98407549e+16 4.86973131e-08
4.98434090e+16 4.86783869e-08
4.98460631e+16 4.86594607e-08
4.98487172e+16 4.86405346e-08
4.98513712e+16 4.86216084e-08
4.98540253e+16 4.86026823e-08
4.98566794e+16 4.85837561e-08
4.98593335e+16 4.85648300e-08
4.98619876e+16 4.85459038e-08
4.98646417e+16 4.85269776e-08
4.98672957e+16 4.85080515e-08
4.98699498e+16 4.84891253e-08
4.98726039e+16 4.84701992e-08
4.98752580e+16 4.84512730e-08
4.98779121e+16 4.84323468e-08
4.98805662e+16 4.84134207e-08
4.98832203e+16 4.83944945e-08
4.98858743e+16 4.83755684e-08
4.98885284e+16 4.83566422e-08
4.98911825e+16 4.83377160e-08
4.98938366e+16 4.83187899e-08
4.98964907e+16 4.82998637e-08
4.98991448e+16 4.82809376e-08
4.99017989e+16 4.82620114e-08
4.99044529e+16 4.82430853e-08
4.99071070e+16 4.82241591e-08
4.99097611e+16 4.82052329e-08
4.99124152e+16 4.81863068e-08
4.99150693e+16 4.81673806e-08
4.99177234e+16 4.81484545e-08
4.99203774e+16 4.81295283e-08
4.99230315e+16 4.81106021e-08
4.99256856e+16 4.80916760e-08
4.99283397e+16 4.80727498e-08
4.99309938e+16 4.80538237e-08
4.99336479e+16 4.80348975e-08
4.99363020e+16 4.80159714e-08
4.99389560e+16 4.79970452e-08
4.99416101e+16 4.79781190e-08
4.99442642e+16 4.79591929e-08
4.99469183e+16 4.79402667e-08
4.99495724e+16 4.79213406e-08
4.99522265e+16 4.79024144e-08
4.99548806e+16 4.78834882e-08
4.99575346e+16 4.78645621e-08
4.99601887e+16 4.78456359e-08
4.99628428e+16 4.78267098e-08
4.99654969e+16 4.78077836e-08
4.99681510e+16 4.77888575e-08
4.99708051e+16 4.77699313e-08
4.99734591e+16 4.77510051e-08
4.99761132e+16 4.77320790e-08
4.99787673e+16 4.77131528e-08
4.99814214e+16 4.76942267e-08
4.99840755e+16 4.76753005e-08
4.99867296e+16 4.76563743e-08
4.99893837e+16 4.76374482e-08
4.99920377e+16 4.76185220e-08
4.99946918e+16 4.75995959e-08
4.99973459e+16 4.75806697e-08
5.00000000e+16 4.75617436e-08
